Fecha,ProductoID,NombreProducto,Categoria,EsImportado,UnidadMedida,Provincia,Canton,Distrito,PrecioColones,PrecioBaseReferencia,FactorCanasta
2021-05-01,1,Arroz grano entero 80%,Cereales,0,Kilogramo,San Jose,San Jose,Carmen,788.59,820,0.9632940701990405
2021-05-01,1,Arroz grano entero 80%,Cereales,0,Kilogramo,Alajuela,Alajuela,Alajuela,808.5,820,0.9818125727073516
2021-05-01,1,Arroz grano entero 80%,Cereales,0,Kilogramo,Cartago,Cartago,Oriental,826.82,820,1.020180483291988
2021-05-01,1,Arroz grano entero 80%,Cereales,0,Kilogramo,Heredia,Heredia,Heredia,862.22,820,1.0462328068619122
2021-05-01,1,Arroz grano entero 80%,Cereales,0,Kilogramo,Limon,Limon,Limon,813.8,820,0.9933486249621141
2021-05-01,2,Frijoles negros primera calidad,Leguminosas,0,Gramos,San Jose,San Jose,Carmen,1393.85,1450,0.9640259911153226
2021-05-01,2,Frijoles negros primera calidad,Leguminosas,0,Gramos,Alajuela,Alajuela,Alajuela,1494.31,1450,1.0291055770496094
2021-05-01,2,Frijoles negros primera calidad,Leguminosas,0,Gramos,Cartago,Cartago,Oriental,1457.92,1450,1.000356472982908
2021-05-01,2,Frijoles negros primera calidad,Leguminosas,0,Gramos,Heredia,Heredia,Heredia,1495.98,1450,1.0275231992216116
2021-05-01,2,Frijoles negros primera calidad,Leguminosas,0,Gramos,Limon,Limon,Limon,1520.81,1450,1.0468611899612117
2021-05-01,3,Leche fluida corta duracion,Lacteos,0,Mililitros,San Jose,San Jose,Carmen,807.37,850,0.9541874869327059
2021-05-01,3,Leche fluida corta duracion,Lacteos,0,Mililitros,Alajuela,Alajuela,Alajuela,900.94,850,1.0490574951369322
2021-05-01,3,Leche fluida corta duracion,Lacteos,0,Mililitros,Cartago,Cartago,Oriental,872.06,850,1.025786841936967
2021-05-01,3,Leche fluida corta duracion,Lacteos,0,Mililitros,Heredia,Heredia,Heredia,890.32,850,1.0356759943615195
2021-05-01,3,Leche fluida corta duracion,Lacteos,0,Mililitros,Limon,Limon,Limon,839.73,850,0.9902060764841891
2021-05-01,4,Tomate,Vegetales,0,Kilogramo,San Jose,San Jose,Carmen,1468.92,1500,0.9818852706712927
2021-05-01,4,Tomate,Vegetales,0,Kilogramo,Alajuela,Alajuela,Alajuela,1530.46,1500,1.0167055112973054
2021-05-01,4,Tomate,Vegetales,0,Kilogramo,Cartago,Cartago,Oriental,1483.64,1500,0.9857107389098225
2021-05-01,4,Tomate,Vegetales,0,Kilogramo,Heredia,Heredia,Heredia,1525.57,1500,1.015793026151732
2021-05-01,4,Tomate,Vegetales,0,Kilogramo,Limon,Limon,Limon,1504.98,1500,1.0057385542600272
2021-05-01,5,Aceite vegetal,Grasas,1,Mililitros,San Jose,San Jose,Carmen,1523.38,1450,1.044794555020465
2021-05-01,5,Aceite vegetal,Grasas,1,Mililitros,Alajuela,Alajuela,Alajuela,1444.53,1450,1.0009603563444391
2021-05-01,5,Aceite vegetal,Grasas,1,Mililitros,Cartago,Cartago,Oriental,1380.22,1450,0.9536681262840392
2021-05-01,5,Aceite vegetal,Grasas,1,Mililitros,Heredia,Heredia,Heredia,1387.59,1450,0.959909141734925
2021-05-01,5,Aceite vegetal,Grasas,1,Mililitros,Limon,Limon,Limon,1392.26,1450,0.9617844749954014
2021-06-01,1,Arroz grano entero 80%,Cereales,0,Kilogramo,San Jose,San Jose,Carmen,848.19,820,1.0458254188195582
2021-06-01,1,Arroz grano entero 80%,Cereales,0,Kilogramo,Alajuela,Alajuela,Alajuela,781.66,820,0.9602698203137393
2021-06-01,1,Arroz grano entero 80%,Cereales,0,Kilogramo,Cartago,Cartago,Oriental,794.41,820,0.9653030486097698
2021-06-01,1,Arroz grano entero 80%,Cereales,0,Kilogramo,Heredia,Heredia,Heredia,804.68,820,0.9889917773832158
2021-06-01,1,Arroz grano entero 80%,Cereales,0,Kilogramo,Limon,Limon,Limon,799.1,820,0.9785963786358469
2021-06-01,2,Frijoles negros primera calidad,Leguminosas,0,Gramos,San Jose,San Jose,Carmen,1379.19,1450,0.9556868814766155
2021-06-01,2,Frijoles negros primera calidad,Leguminosas,0,Gramos,Alajuela,Alajuela,Alajuela,1482.69,1450,1.024054047431081
2021-06-01,2,Frijoles negros primera calidad,Leguminosas,0,Gramos,Cartago,Cartago,Oriental,1456.22,1450,1.0078326075346193
2021-06-01,2,Frijoles negros primera calidad,Leguminosas,0,Gramos,Heredia,Heredia,Heredia,1426.25,1450,0.9808940096711494
2021-06-01,2,Frijoles negros primera calidad,Leguminosas,0,Gramos,Limon,Limon,Limon,1497.19,1450,1.0273694832389373
2021-06-01,3,Leche fluida corta duracion,Lacteos,0,Mililitros,San Jose,San Jose,Carmen,880.38,850,1.0373072839891122
2021-06-01,3,Leche fluida corta duracion,Lacteos,0,Mililitros,Alajuela,Alajuela,Alajuela,857.37,850,1.0078866107763174
2021-06-01,3,Leche fluida corta duracion,Lacteos,0,Mililitros,Cartago,Cartago,Oriental,854.06,850,1.0040600773497859
2021-06-01,3,Leche fluida corta duracion,Lacteos,0,Mililitros,Heredia,Heredia,Heredia,862.39,850,1.0097583288974123
2021-06-01,3,Leche fluida corta duracion,Lacteos,0,Mililitros,Limon,Limon,Limon,850.41,850,1.0059388311392523
2021-06-01,4,Tomate,Vegetales,0,Kilogramo,San Jose,San Jose,Carmen,1511.14,1500,1.0103906092655959
2021-06-01,4,Tomate,Vegetales,0,Kilogramo,Alajuela,Alajuela,Alajuela,1451.2,1500,0.9702496475698765
2021-06-01,4,Tomate,Vegetales,0,Kilogramo,Cartago,Cartago,Oriental,1565.96,1500,1.0394366197024272
2021-06-01,4,Tomate,Vegetales,0,Kilogramo,Heredia,Heredia,Heredia,1515.61,1500,1.0168207348275509
2021-06-01,4,Tomate,Vegetales,0,Kilogramo,Limon,Limon,Limon,1547.74,1500,1.0252966448953702
2021-06-01,5,Aceite vegetal,Grasas,1,Mililitros,San Jose,San Jose,Carmen,1487.0,1450,1.0318454821323848
2021-06-01,5,Aceite vegetal,Grasas,1,Mililitros,Alajuela,Alajuela,Alajuela,1379.74,1450,0.9500696884856273
2021-06-01,5,Aceite vegetal,Grasas,1,Mililitros,Cartago,Cartago,Oriental,1372.39,1450,0.9522205695464541
2021-06-01,5,Aceite vegetal,Grasas,1,Mililitros,Heredia,Heredia,Heredia,1386.06,1450,0.9500556190457103
2021-06-01,5,Aceite vegetal,Grasas,1,Mililitros,Limon,Limon,Limon,1494.22,1450,1.0254476133135129
2021-07-01,1,Arroz grano entero 80%,Cereales,0,Kilogramo,San Jose,San Jose,Carmen,781.35,820,0.9613819442236001
2021-07-01,1,Arroz grano entero 80%,Cereales,0,Kilogramo,Alajuela,Alajuela,Alajuela,803.54,820,0.9900028816210069
2021-07-01,1,Arroz grano entero 80%,Cereales,0,Kilogramo,Cartago,Cartago,Oriental,786.84,820,0.9601062596969372
2021-07-01,1,Arroz grano entero 80%,Cereales,0,Kilogramo,Heredia,Heredia,Heredia,789.85,820,0.9599344634117628
2021-07-01,1,Arroz grano entero 80%,Cereales,0,Kilogramo,Limon,Limon,Limon,838.79,820,1.0278187027908174
2021-07-01,2,Frijoles negros primera calidad,Leguminosas,0,Gramos,San Jose,San Jose,Carmen,1464.89,1450,1.007741948906086
2021-07-01,2,Frijoles negros primera calidad,Leguminosas,0,Gramos,Alajuela,Alajuela,Alajuela,1397.74,1450,0.9660057081695247
2021-07-01,2,Frijoles negros primera calidad,Leguminosas,0,Gramos,Cartago,Cartago,Oriental,1400.9,1450,0.9651379661977028
2021-07-01,2,Frijoles negros primera calidad,Leguminosas,0,Gramos,Heredia,Heredia,Heredia,1382.82,1450,0.9521522199459432
2021-07-01,2,Frijoles negros primera calidad,Leguminosas,0,Gramos,Limon,Limon,Limon,1497.81,1450,1.0373991044493716
2021-07-01,3,Leche fluida corta duracion,Lacteos,0,Mililitros,San Jose,San Jose,Carmen,863.39,850,1.0122315385488034
2021-07-01,3,Leche fluida corta duracion,Lacteos,0,Mililitros,Alajuela,Alajuela,Alajuela,846.0,850,0.9945598294291554
2021-07-01,3,Leche fluida corta duracion,Lacteos,0,Mililitros,Cartago,Cartago,Oriental,860.56,850,1.0234611327599423
2021-07-01,3,Leche fluida corta duracion,Lacteos,0,Mililitros,Heredia,Heredia,Heredia,832.19,850,0.9724940131089126
2021-07-01,3,Leche fluida corta duracion,Lacteos,0,Mililitros,Limon,Limon,Limon,850.38,850,1.0024661416763097
2021-07-01,4,Tomate,Vegetales,0,Kilogramo,San Jose,San Jose,Carmen,1568.38,1500,1.0469211015015847
2021-07-01,4,Tomate,Vegetales,0,Kilogramo,Alajuela,Alajuela,Alajuela,1419.77,1500,0.9500887548169491
2021-07-01,4,Tomate,Vegetales,0,Kilogramo,Cartago,Cartago,Oriental,1450.11,1500,0.9677994520577906
2021-07-01,4,Tomate,Vegetales,0,Kilogramo,Heredia,Heredia,Heredia,1461.33,1500,0.97409055947727
2021-07-01,4,Tomate,Vegetales,0,Kilogramo,Limon,Limon,Limon,1424.21,1500,0.9536053934174142
2021-07-01,5,Aceite vegetal,Grasas,1,Mililitros,San Jose,San Jose,Carmen,1402.03,1450,0.9647922802808426
2021-07-01,5,Aceite vegetal,Grasas,1,Mililitros,Alajuela,Alajuela,Alajuela,1465.41,1450,1.0111566898955304
2021-07-01,5,Aceite vegetal,Grasas,1,Mililitros,Cartago,Cartago,Oriental,1400.95,1450,0.963573518220899
2021-07-01,5,Aceite vegetal,Grasas,1,Mililitros,Heredia,Heredia,Heredia,1415.47,1450,0.9785313147283811
2021-07-01,5,Aceite vegetal,Grasas,1,Mililitros,Limon,Limon,Limon,1450.58,1450,0.9941209838960151
2021-08-01,1,Arroz grano entero 80%,Cereales,0,Kilogramo,San Jose,San Jose,Carmen,815.43,820,1.0040521227492303
2021-08-01,1,Arroz grano entero 80%,Cereales,0,Kilogramo,Alajuela,Alajuela,Alajuela,797.62,820,0.9700685045308555
2021-08-01,1,Arroz grano entero 80%,Cereales,0,Kilogramo,Cartago,Cartago,Oriental,851.0,820,1.0323470206444576
2021-08-01,1,Arroz grano entero 80%,Cereales,0,Kilogramo,Heredia,Heredia,Heredia,843.44,820,1.0290185669135548
2021-08-01,1,Arroz grano entero 80%,Cereales,0,Kilogramo,Limon,Limon,Limon,840.03,820,1.0259357497674606
2021-08-01,2,Frijoles negros primera calidad,Leguminosas,0,Gramos,San Jose,San Jose,Carmen,1492.31,1450,1.0266251996583724
2021-08-01,2,Frijoles negros primera calidad,Leguminosas,0,Gramos,Alajuela,Alajuela,Alajuela,1507.8,1450,1.0341552991323533
2021-08-01,2,Frijoles negros primera calidad,Leguminosas,0,Gramos,Cartago,Cartago,Oriental,1425.49,1450,0.9867926909561983
2021-08-01,2,Frijoles negros primera calidad,Leguminosas,0,Gramos,Heredia,Heredia,Heredia,1464.41,1450,1.0132396357714528
2021-08-01,2,Frijoles negros primera calidad,Leguminosas,0,Gramos,Limon,Limon,Limon,1406.94,1450,0.9715268680847686
2021-08-01,3,Leche fluida corta duracion,Lacteos,0,Mililitros,San Jose,San Jose,Carmen,806.04,850,0.9538644535039914
2021-08-01,3,Leche fluida corta duracion,Lacteos,0,Mililitros,Alajuela,Alajuela,Alajuela,820.96,850,0.9568270301101902
2021-08-01,3,Leche fluida corta duracion,Lacteos,0,Mililitros,Cartago,Cartago,Oriental,880.1,850,1.0317297307058277
2021-08-01,3,Leche fluida corta duracion,Lacteos,0,Mililitros,Heredia,Heredia,Heredia,878.42,850,1.0257387993951002
2021-08-01,3,Leche fluida corta duracion,Lacteos,0,Mililitros,Limon,Limon,Limon,825.03,850,0.9638150566937262
2021-08-01,4,Tomate,Vegetales,0,Kilogramo,San Jose,San Jose,Carmen,1520.88,1500,1.0176917768422413
2021-08-01,4,Tomate,Vegetales,0,Kilogramo,Alajuela,Alajuela,Alajuela,1557.74,1500,1.0429755820003443
2021-08-01,4,Tomate,Vegetales,0,Kilogramo,Cartago,Cartago,Oriental,1466.8,1500,0.9744549313684514
2021-08-01,4,Tomate,Vegetales,0,Kilogramo,Heredia,Heredia,Heredia,1567.02,1500,1.0445752049259132
2021-08-01,4,Tomate,Vegetales,0,Kilogramo,Limon,Limon,Limon,1444.74,1500,0.9592330760638558
2021-08-01,5,Aceite vegetal,Grasas,1,Mililitros,San Jose,San Jose,Carmen,1400.15,1450,0.9641950233655205
2021-08-01,5,Aceite vegetal,Grasas,1,Mililitros,Alajuela,Alajuela,Alajuela,1517.85,1450,1.0443920246334393
2021-08-01,5,Aceite vegetal,Grasas,1,Mililitros,Cartago,Cartago,Oriental,1414.78,1450,0.9782893721724009
2021-08-01,5,Aceite vegetal,Grasas,1,Mililitros,Heredia,Heredia,Heredia,1451.77,1450,1.0047656725764942
2021-08-01,5,Aceite vegetal,Grasas,1,Mililitros,Limon,Limon,Limon,1471.88,1450,1.020318191597516
2021-09-01,1,Arroz grano entero 80%,Cereales,0,Kilogramo,San Jose,San Jose,Carmen,819.01,820,1.004740127298419
2021-09-01,1,Arroz grano entero 80%,Cereales,0,Kilogramo,Alajuela,Alajuela,Alajuela,856.13,820,1.046190094135376
2021-09-01,1,Arroz grano entero 80%,Cereales,0,Kilogramo,Cartago,Cartago,Oriental,782.95,820,0.9574403849368993
2021-09-01,1,Arroz grano entero 80%,Cereales,0,Kilogramo,Heredia,Heredia,Heredia,809.93,820,0.9901984885849705
2021-09-01,1,Arroz grano entero 80%,Cereales,0,Kilogramo,Limon,Limon,Limon,852.76,820,1.028559357547473
2021-09-01,2,Frijoles negros primera calidad,Leguminosas,0,Gramos,San Jose,San Jose,Carmen,1516.53,1450,1.0467251176569983
2021-09-01,2,Frijoles negros primera calidad,Leguminosas,0,Gramos,Alajuela,Alajuela,Alajuela,1520.38,1450,1.0458122311290656
2021-09-01,2,Frijoles negros primera calidad,Leguminosas,0,Gramos,Cartago,Cartago,Oriental,1418.7,1450,0.9769951236187437
2021-09-01,2,Frijoles negros primera calidad,Leguminosas,0,Gramos,Heredia,Heredia,Heredia,1461.42,1450,1.0023676399467323
2021-09-01,2,Frijoles negros primera calidad,Leguminosas,0,Gramos,Limon,Limon,Limon,1386.24,1450,0.9531397158197302
2021-09-01,3,Leche fluida corta duracion,Lacteos,0,Mililitros,San Jose,San Jose,Carmen,848.54,850,1.0038310545910982
2021-09-01,3,Leche fluida corta duracion,Lacteos,0,Mililitros,Alajuela,Alajuela,Alajuela,813.42,850,0.9586192131809049
2021-09-01,3,Leche fluida corta duracion,Lacteos,0,Mililitros,Cartago,Cartago,Oriental,827.96,850,0.9720822881717698
2021-09-01,3,Leche fluida corta duracion,Lacteos,0,Mililitros,Heredia,Heredia,Heredia,826.83,850,0.9812532999104995
2021-09-01,3,Leche fluida corta duracion,Lacteos,0,Mililitros,Limon,Limon,Limon,887.09,850,1.0395920393763975
2021-09-01,4,Tomate,Vegetales,0,Kilogramo,San Jose,San Jose,Carmen,1539.03,1500,1.0230257095983422
2021-09-01,4,Tomate,Vegetales,0,Kilogramo,Alajuela,Alajuela,Alajuela,1571.06,1500,1.0415365154582072
2021-09-01,4,Tomate,Vegetales,0,Kilogramo,Cartago,Cartago,Oriental,1505.72,1500,1.004889681629779
2021-09-01,4,Tomate,Vegetales,0,Kilogramo,Heredia,Heredia,Heredia,1436.7,1500,0.9560327273363837
2021-09-01,4,Tomate,Vegetales,0,Kilogramo,Limon,Limon,Limon,1452.33,1500,0.9651383873158088
2021-09-01,5,Aceite vegetal,Grasas,1,Mililitros,San Jose,San Jose,Carmen,1417.39,1450,0.9823579539314987
2021-09-01,5,Aceite vegetal,Grasas,1,Mililitros,Alajuela,Alajuela,Alajuela,1528.11,1450,1.0477416565648423
2021-09-01,5,Aceite vegetal,Grasas,1,Mililitros,Cartago,Cartago,Oriental,1499.63,1450,1.0392277375176229
2021-09-01,5,Aceite vegetal,Grasas,1,Mililitros,Heredia,Heredia,Heredia,1415.53,1450,0.972788947430852
2021-09-01,5,Aceite vegetal,Grasas,1,Mililitros,Limon,Limon,Limon,1446.56,1450,0.9979740828319781
2021-10-01,1,Arroz grano entero 80%,Cereales,0,Kilogramo,San Jose,San Jose,Carmen,811.58,820,0.9923833181378787
2021-10-01,1,Arroz grano entero 80%,Cereales,0,Kilogramo,Alajuela,Alajuela,Alajuela,812.23,820,0.9801246837768526
2021-10-01,1,Arroz grano entero 80%,Cereales,0,Kilogramo,Cartago,Cartago,Oriental,807.74,820,0.991246447762209
2021-10-01,1,Arroz grano entero 80%,Cereales,0,Kilogramo,Heredia,Heredia,Heredia,840.09,820,1.0207816961833465
2021-10-01,1,Arroz grano entero 80%,Cereales,0,Kilogramo,Limon,Limon,Limon,786.33,820,0.9669801404541345
2021-10-01,2,Frijoles negros primera calidad,Leguminosas,0,Gramos,San Jose,San Jose,Carmen,1404.09,1450,0.9614670618607115
2021-10-01,2,Frijoles negros primera calidad,Leguminosas,0,Gramos,Alajuela,Alajuela,Alajuela,1467.42,1450,1.0132240518661768
2021-10-01,2,Frijoles negros primera calidad,Leguminosas,0,Gramos,Cartago,Cartago,Oriental,1411.36,1450,0.9756225228610246
2021-10-01,2,Frijoles negros primera calidad,Leguminosas,0,Gramos,Heredia,Heredia,Heredia,1421.68,1450,0.9851354486007456
2021-10-01,2,Frijoles negros primera calidad,Leguminosas,0,Gramos,Limon,Limon,Limon,1455.01,1450,1.002704832056726
2021-10-01,3,Leche fluida corta duracion,Lacteos,0,Mililitros,San Jose,San Jose,Carmen,875.75,850,1.0195553426889206
2021-10-01,3,Leche fluida corta duracion,Lacteos,0,Mililitros,Alajuela,Alajuela,Alajuela,882.18,850,1.0477722860543293
2021-10-01,3,Leche fluida corta duracion,Lacteos,0,Mililitros,Cartago,Cartago,Oriental,844.34,850,0.9822575749630839
2021-10-01,3,Leche fluida corta duracion,Lacteos,0,Mililitros,Heredia,Heredia,Heredia,885.75,850,1.0470468914677447
2021-10-01,3,Leche fluida corta duracion,Lacteos,0,Mililitros,Limon,Limon,Limon,842.89,850,0.9810535027363675
2021-10-01,4,Tomate,Vegetales,0,Kilogramo,San Jose,San Jose,Carmen,1489.96,1500,0.9888259268946408
2021-10-01,4,Tomate,Vegetales,0,Kilogramo,Alajuela,Alajuela,Alajuela,1428.4,1500,0.9541479371521843
2021-10-01,4,Tomate,Vegetales,0,Kilogramo,Cartago,Cartago,Oriental,1491.12,1500,0.9934715384387744
2021-10-01,4,Tomate,Vegetales,0,Kilogramo,Heredia,Heredia,Heredia,1541.1,1500,1.0318416558112653
2021-10-01,4,Tomate,Vegetales,0,Kilogramo,Limon,Limon,Limon,1450.03,1500,0.9726912524039639
2021-10-01,5,Aceite vegetal,Grasas,1,Mililitros,San Jose,San Jose,Carmen,1475.85,1450,1.0110414377219457
2021-10-01,5,Aceite vegetal,Grasas,1,Mililitros,Alajuela,Alajuela,Alajuela,1482.39,1450,1.0188615652247512
2021-10-01,5,Aceite vegetal,Grasas,1,Mililitros,Cartago,Cartago,Oriental,1506.24,1450,1.0405781467004558
2021-10-01,5,Aceite vegetal,Grasas,1,Mililitros,Heredia,Heredia,Heredia,1479.94,1450,1.022244673861861
2021-10-01,5,Aceite vegetal,Grasas,1,Mililitros,Limon,Limon,Limon,1504.26,1450,1.0394285265688328
2021-11-01,1,Arroz grano entero 80%,Cereales,0,Kilogramo,San Jose,San Jose,Carmen,783.57,820,0.9646001926861733
2021-11-01,1,Arroz grano entero 80%,Cereales,0,Kilogramo,Alajuela,Alajuela,Alajuela,814.06,820,0.9825970429974501
2021-11-01,1,Arroz grano entero 80%,Cereales,0,Kilogramo,Cartago,Cartago,Oriental,832.98,820,1.025252183128718
2021-11-01,1,Arroz grano entero 80%,Cereales,0,Kilogramo,Heredia,Heredia,Heredia,834.51,820,1.014908256725138
2021-11-01,1,Arroz grano entero 80%,Cereales,0,Kilogramo,Limon,Limon,Limon,802.8,820,0.9824570856332445
2021-11-01,2,Frijoles negros primera calidad,Leguminosas,0,Gramos,San Jose,San Jose,Carmen,1430.03,1450,0.9881024219941783
2021-11-01,2,Frijoles negros primera calidad,Leguminosas,0,Gramos,Alajuela,Alajuela,Alajuela,1412.47,1450,0.9794895317223509
2021-11-01,2,Frijoles negros primera calidad,Leguminosas,0,Gramos,Cartago,Cartago,Oriental,1431.76,1450,0.9875021460611487
2021-11-01,2,Frijoles negros primera calidad,Leguminosas,0,Gramos,Heredia,Heredia,Heredia,1511.04,1450,1.0356071138413427
2021-11-01,2,Frijoles negros primera calidad,Leguminosas,0,Gramos,Limon,Limon,Limon,1402.22,1450,0.9621492126067882
2021-11-01,3,Leche fluida corta duracion,Lacteos,0,Mililitros,San Jose,San Jose,Carmen,828.71,850,0.965481804452641
2021-11-01,3,Leche fluida corta duracion,Lacteos,0,Mililitros,Alajuela,Alajuela,Alajuela,871.19,850,1.0264130502080788
2021-11-01,3,Leche fluida corta duracion,Lacteos,0,Mililitros,Cartago,Cartago,Oriental,818.75,850,0.9627209748226258
2021-11-01,3,Leche fluida corta duracion,Lacteos,0,Mililitros,Heredia,Heredia,Heredia,893.17,850,1.0391629944291947
2021-11-01,3,Leche fluida corta duracion,Lacteos,0,Mililitros,Limon,Limon,Limon,847.01,850,0.9869970133497153
2021-11-01,4,Tomate,Vegetales,0,Kilogramo,San Jose,San Jose,Carmen,1500.0,1500,0.996931916286666
2021-11-01,4,Tomate,Vegetales,0,Kilogramo,Alajuela,Alajuela,Alajuela,1425.62,1500,0.9561752844994513
2021-11-01,4,Tomate,Vegetales,0,Kilogramo,Cartago,Cartago,Oriental,1488.39,1500,0.9987803845978579
2021-11-01,4,Tomate,Vegetales,0,Kilogramo,Heredia,Heredia,Heredia,1537.88,1500,1.0281510983347906
2021-11-01,4,Tomate,Vegetales,0,Kilogramo,Limon,Limon,Limon,1571.27,1500,1.0422295975863791
2021-11-01,5,Aceite vegetal,Grasas,1,Mililitros,San Jose,San Jose,Carmen,1499.19,1450,1.0382533041213733
2021-11-01,5,Aceite vegetal,Grasas,1,Mililitros,Alajuela,Alajuela,Alajuela,1397.42,1450,0.9696877109130833
2021-11-01,5,Aceite vegetal,Grasas,1,Mililitros,Cartago,Cartago,Oriental,1422.86,1450,0.9816531902650409
2021-11-01,5,Aceite vegetal,Grasas,1,Mililitros,Heredia,Heredia,Heredia,1429.57,1450,0.9802798150211495
2021-11-01,5,Aceite vegetal,Grasas,1,Mililitros,Limon,Limon,Limon,1428.5,1450,0.991577614759726
2021-12-01,1,Arroz grano entero 80%,Cereales,0,Kilogramo,San Jose,San Jose,Carmen,814.4,820,0.9963269118620984
2021-12-01,1,Arroz grano entero 80%,Cereales,0,Kilogramo,Alajuela,Alajuela,Alajuela,861.19,820,1.0393826530941077
2021-12-01,1,Arroz grano entero 80%,Cereales,0,Kilogramo,Cartago,Cartago,Oriental,792.68,820,0.9644105637713353
2021-12-01,1,Arroz grano entero 80%,Cereales,0,Kilogramo,Heredia,Heredia,Heredia,815.05,820,0.9844878009149283
2021-12-01,1,Arroz grano entero 80%,Cereales,0,Kilogramo,Limon,Limon,Limon,829.52,820,1.004982718318121
2021-12-01,2,Frijoles negros primera calidad,Leguminosas,0,Gramos,San Jose,San Jose,Carmen,1470.95,1450,1.0182798179699943
2021-12-01,2,Frijoles negros primera calidad,Leguminosas,0,Gramos,Alajuela,Alajuela,Alajuela,1509.35,1450,1.038578312311588
2021-12-01,2,Frijoles negros primera calidad,Leguminosas,0,Gramos,Cartago,Cartago,Oriental,1405.75,1450,0.9742514322800243
2021-12-01,2,Frijoles negros primera calidad,Leguminosas,0,Gramos,Heredia,Heredia,Heredia,1415.66,1450,0.9801448496132312
2021-12-01,2,Frijoles negros primera calidad,Leguminosas,0,Gramos,Limon,Limon,Limon,1402.51,1450,0.9665570839882364
2021-12-01,3,Leche fluida corta duracion,Lacteos,0,Mililitros,San Jose,San Jose,Carmen,825.31,850,0.9713358261537429
2021-12-01,3,Leche fluida corta duracion,Lacteos,0,Mililitros,Alajuela,Alajuela,Alajuela,846.71,850,0.9857133433673045
2021-12-01,3,Leche fluida corta duracion,Lacteos,0,Mililitros,Cartago,Cartago,Oriental,829.36,850,0.9850543098939523
2021-12-01,3,Leche fluida corta duracion,Lacteos,0,Mililitros,Heredia,Heredia,Heredia,840.32,850,0.986650172069751
2021-12-01,3,Leche fluida corta duracion,Lacteos,0,Mililitros,Limon,Limon,Limon,830.45,850,0.9801841329864779
2021-12-01,4,Tomate,Vegetales,0,Kilogramo,San Jose,San Jose,Carmen,1502.97,1500,0.9994517109263307
2021-12-01,4,Tomate,Vegetales,0,Kilogramo,Alajuela,Alajuela,Alajuela,1484.14,1500,0.9833699562477104
2021-12-01,4,Tomate,Vegetales,0,Kilogramo,Cartago,Cartago,Oriental,1575.58,1500,1.0455923255295259
2021-12-01,4,Tomate,Vegetales,0,Kilogramo,Heredia,Heredia,Heredia,1431.17,1500,0.9601519323372657
2021-12-01,4,Tomate,Vegetales,0,Kilogramo,Limon,Limon,Limon,1468.35,1500,0.9847701937705614
2021-12-01,5,Aceite vegetal,Grasas,1,Mililitros,San Jose,San Jose,Carmen,1443.78,1450,0.9944030528057589
2021-12-01,5,Aceite vegetal,Grasas,1,Mililitros,Alajuela,Alajuela,Alajuela,1478.76,1450,1.0263779478844741
2021-12-01,5,Aceite vegetal,Grasas,1,Mililitros,Cartago,Cartago,Oriental,1503.93,1450,1.0310835254983963
2021-12-01,5,Aceite vegetal,Grasas,1,Mililitros,Heredia,Heredia,Heredia,1507.7,1450,1.0443971620266452
2021-12-01,5,Aceite vegetal,Grasas,1,Mililitros,Limon,Limon,Limon,1528.02,1450,1.0470154213476295
2022-01-01,1,Arroz grano entero 80%,Cereales,0,Kilogramo,San Jose,San Jose,Carmen,801.31,820,0.9811772365481135
2022-01-01,1,Arroz grano entero 80%,Cereales,0,Kilogramo,Alajuela,Alajuela,Alajuela,799.04,820,0.967218874004425
2022-01-01,1,Arroz grano entero 80%,Cereales,0,Kilogramo,Cartago,Cartago,Oriental,854.99,820,1.0328034767491645
2022-01-01,1,Arroz grano entero 80%,Cereales,0,Kilogramo,Heredia,Heredia,Heredia,769.71,820,0.9505441636992503
2022-01-01,1,Arroz grano entero 80%,Cereales,0,Kilogramo,Limon,Limon,Limon,837.9,820,1.0287777643811855
2022-01-01,2,Frijoles negros primera calidad,Leguminosas,0,Gramos,San Jose,San Jose,Carmen,1384.68,1450,0.9514693558155558
2022-01-01,2,Frijoles negros primera calidad,Leguminosas,0,Gramos,Alajuela,Alajuela,Alajuela,1470.01,1450,1.0197620978611783
2022-01-01,2,Frijoles negros primera calidad,Leguminosas,0,Gramos,Cartago,Cartago,Oriental,1511.78,1450,1.0487014003678548
2022-01-01,2,Frijoles negros primera calidad,Leguminosas,0,Gramos,Heredia,Heredia,Heredia,1483.19,1450,1.025261886649263
2022-01-01,2,Frijoles negros primera calidad,Leguminosas,0,Gramos,Limon,Limon,Limon,1384.8,1450,0.9539600970803476
2022-01-01,3,Leche fluida corta duracion,Lacteos,0,Mililitros,San Jose,San Jose,Carmen,864.52,850,1.0152514879567078
2022-01-01,3,Leche fluida corta duracion,Lacteos,0,Mililitros,Alajuela,Alajuela,Alajuela,871.53,850,1.0242143513548423
2022-01-01,3,Leche fluida corta duracion,Lacteos,0,Mililitros,Cartago,Cartago,Oriental,882.35,850,1.0426420681918576
2022-01-01,3,Leche fluida corta duracion,Lacteos,0,Mililitros,Heredia,Heredia,Heredia,877.17,850,1.0238133850121296
2022-01-01,3,Leche fluida corta duracion,Lacteos,0,Mililitros,Limon,Limon,Limon,894.12,850,1.0492615924345752
2022-01-01,4,Tomate,Vegetales,0,Kilogramo,San Jose,San Jose,Carmen,1432.27,1500,0.9589408917269743
2022-01-01,4,Tomate,Vegetales,0,Kilogramo,Alajuela,Alajuela,Alajuela,1475.05,1500,0.985497925682249
2022-01-01,4,Tomate,Vegetales,0,Kilogramo,Cartago,Cartago,Oriental,1426.67,1500,0.9528200159605477
2022-01-01,4,Tomate,Vegetales,0,Kilogramo,Heredia,Heredia,Heredia,1433.11,1500,0.9586282495297452
2022-01-01,4,Tomate,Vegetales,0,Kilogramo,Limon,Limon,Limon,1430.77,1500,0.9551775521045817
2022-01-01,5,Aceite vegetal,Grasas,1,Mililitros,San Jose,San Jose,Carmen,1459.59,1450,1.0023562556600718
2022-01-01,5,Aceite vegetal,Grasas,1,Mililitros,Alajuela,Alajuela,Alajuela,1400.63,1450,0.9590875569282923
2022-01-01,5,Aceite vegetal,Grasas,1,Mililitros,Cartago,Cartago,Oriental,1479.21,1450,1.0216453642489214
2022-01-01,5,Aceite vegetal,Grasas,1,Mililitros,Heredia,Heredia,Heredia,1490.09,1450,1.0241730792111468
2022-01-01,5,Aceite vegetal,Grasas,1,Mililitros,Limon,Limon,Limon,1441.44,1450,0.9959074051289876
2022-02-01,1,Arroz grano entero 80%,Cereales,0,Kilogramo,San Jose,San Jose,Carmen,824.44,820,0.9949588315241912
2022-02-01,1,Arroz grano entero 80%,Cereales,0,Kilogramo,Alajuela,Alajuela,Alajuela,800.78,820,0.9675246736588481
2022-02-01,1,Arroz grano entero 80%,Cereales,0,Kilogramo,Cartago,Cartago,Oriental,854.14,820,1.0497385441878992
2022-02-01,1,Arroz grano entero 80%,Cereales,0,Kilogramo,Heredia,Heredia,Heredia,793.61,820,0.9583993492598761
2022-02-01,1,Arroz grano entero 80%,Cereales,0,Kilogramo,Limon,Limon,Limon,853.71,820,1.0356333575865708
2022-02-01,2,Frijoles negros primera calidad,Leguminosas,0,Gramos,San Jose,San Jose,Carmen,1411.48,1450,0.9784576743567006
2022-02-01,2,Frijoles negros primera calidad,Leguminosas,0,Gramos,Alajuela,Alajuela,Alajuela,1488.66,1450,1.0318865782677997
2022-02-01,2,Frijoles negros primera calidad,Leguminosas,0,Gramos,Cartago,Cartago,Oriental,1440.62,1450,0.9879291752155308
2022-02-01,2,Frijoles negros primera calidad,Leguminosas,0,Gramos,Heredia,Heredia,Heredia,1396.45,1450,0.9644251991171602
2022-02-01,2,Frijoles negros primera calidad,Leguminosas,0,Gramos,Limon,Limon,Limon,1493.34,1450,1.0276154137586535
2022-02-01,3,Leche fluida corta duracion,Lacteos,0,Mililitros,San Jose,San Jose,Carmen,847.38,850,0.9973058044713814
2022-02-01,3,Leche fluida corta duracion,Lacteos,0,Mililitros,Alajuela,Alajuela,Alajuela,839.89,850,0.9947475842162699
2022-02-01,3,Leche fluida corta duracion,Lacteos,0,Mililitros,Cartago,Cartago,Oriental,836.88,850,0.9907947791589654
2022-02-01,3,Leche fluida corta duracion,Lacteos,0,Mililitros,Heredia,Heredia,Heredia,875.76,850,1.0261896392743393
2022-02-01,3,Leche fluida corta duracion,Lacteos,0,Mililitros,Limon,Limon,Limon,895.91,850,1.049190793158592
2022-02-01,4,Tomate,Vegetales,0,Kilogramo,San Jose,San Jose,Carmen,1470.85,1500,0.9751012888144739
2022-02-01,4,Tomate,Vegetales,0,Kilogramo,Alajuela,Alajuela,Alajuela,1566.43,1500,1.048193945432589
2022-02-01,4,Tomate,Vegetales,0,Kilogramo,Cartago,Cartago,Oriental,1468.15,1500,0.9794271258323743
2022-02-01,4,Tomate,Vegetales,0,Kilogramo,Heredia,Heredia,Heredia,1552.32,1500,1.0318493569995346
2022-02-01,4,Tomate,Vegetales,0,Kilogramo,Limon,Limon,Limon,1526.11,1500,1.0134091866840822
2022-02-01,5,Aceite vegetal,Grasas,1,Mililitros,San Jose,San Jose,Carmen,1417.99,1450,0.971422721852042
2022-02-01,5,Aceite vegetal,Grasas,1,Mililitros,Alajuela,Alajuela,Alajuela,1508.91,1450,1.042346097128447
2022-02-01,5,Aceite vegetal,Grasas,1,Mililitros,Cartago,Cartago,Oriental,1459.4,1450,1.0119314678837439
2022-02-01,5,Aceite vegetal,Grasas,1,Mililitros,Heredia,Heredia,Heredia,1482.54,1450,1.0218666336246425
2022-02-01,5,Aceite vegetal,Grasas,1,Mililitros,Limon,Limon,Limon,1504.95,1450,1.0365483146644126
2022-03-01,1,Arroz grano entero 80%,Cereales,0,Kilogramo,San Jose,San Jose,Carmen,849.95,820,1.0381043518057897
2022-03-01,1,Arroz grano entero 80%,Cereales,0,Kilogramo,Alajuela,Alajuela,Alajuela,809.22,820,0.9750640349247615
2022-03-01,1,Arroz grano entero 80%,Cereales,0,Kilogramo,Cartago,Cartago,Oriental,797.08,820,0.9713814878208217
2022-03-01,1,Arroz grano entero 80%,Cereales,0,Kilogramo,Heredia,Heredia,Heredia,855.12,820,1.0481371744694898
2022-03-01,1,Arroz grano entero 80%,Cereales,0,Kilogramo,Limon,Limon,Limon,846.86,820,1.033321643264154
2022-03-01,2,Frijoles negros primera calidad,Leguminosas,0,Gramos,San Jose,San Jose,Carmen,1524.69,1450,1.0475264300145242
2022-03-01,2,Frijoles negros primera calidad,Leguminosas,0,Gramos,Alajuela,Alajuela,Alajuela,1476.3,1450,1.0232815680506615
2022-03-01,2,Frijoles negros primera calidad,Leguminosas,0,Gramos,Cartago,Cartago,Oriental,1512.51,1450,1.049121076358438
2022-03-01,2,Frijoles negros primera calidad,Leguminosas,0,Gramos,Heredia,Heredia,Heredia,1488.15,1450,1.0241022501854768
2022-03-01,2,Frijoles negros primera calidad,Leguminosas,0,Gramos,Limon,Limon,Limon,1416.78,1450,0.9780570823406399
2022-03-01,3,Leche fluida corta duracion,Lacteos,0,Mililitros,San Jose,San Jose,Carmen,854.04,850,1.0075523209559298
2022-03-01,3,Leche fluida corta duracion,Lacteos,0,Mililitros,Alajuela,Alajuela,Alajuela,869.9,850,1.0350171270515813
2022-03-01,3,Leche fluida corta duracion,Lacteos,0,Mililitros,Cartago,Cartago,Oriental,875.19,850,1.0248521784597662
2022-03-01,3,Leche fluida corta duracion,Lacteos,0,Mililitros,Heredia,Heredia,Heredia,866.79,850,1.0271284014309567
2022-03-01,3,Leche fluida corta duracion,Lacteos,0,Mililitros,Limon,Limon,Limon,855.15,850,0.9953230629338918
2022-03-01,4,Tomate,Vegetales,0,Kilogramo,San Jose,San Jose,Carmen,1511.92,1500,1.0080512143489648
2022-03-01,4,Tomate,Vegetales,0,Kilogramo,Alajuela,Alajuela,Alajuela,1552.53,1500,1.0412311620344035
2022-03-01,4,Tomate,Vegetales,0,Kilogramo,Cartago,Cartago,Oriental,1496.71,1500,0.995175024473789
2022-03-01,4,Tomate,Vegetales,0,Kilogramo,Heredia,Heredia,Heredia,1442.66,1500,0.9629724440889617
2022-03-01,4,Tomate,Vegetales,0,Kilogramo,Limon,Limon,Limon,1458.81,1500,0.9786295476860907
2022-03-01,5,Aceite vegetal,Grasas,1,Mililitros,San Jose,San Jose,Carmen,1421.85,1450,0.9823515333186176
2022-03-01,5,Aceite vegetal,Grasas,1,Mililitros,Alajuela,Alajuela,Alajuela,1414.59,1450,0.9775768686146727
2022-03-01,5,Aceite vegetal,Grasas,1,Mililitros,Cartago,Cartago,Oriental,1524.45,1450,1.0470438124565637
2022-03-01,5,Aceite vegetal,Grasas,1,Mililitros,Heredia,Heredia,Heredia,1421.97,1450,0.981061236074039
2022-03-01,5,Aceite vegetal,Grasas,1,Mililitros,Limon,Limon,Limon,1441.16,1450,0.9889710013970693
2022-04-01,1,Arroz grano entero 80%,Cereales,0,Kilogramo,San Jose,San Jose,Carmen,785.18,820,0.9669659401718927
2022-04-01,1,Arroz grano entero 80%,Cereales,0,Kilogramo,Alajuela,Alajuela,Alajuela,836.47,820,1.0092072565502195
2022-04-01,1,Arroz grano entero 80%,Cereales,0,Kilogramo,Cartago,Cartago,Oriental,803.74,820,0.9855793561349565
2022-04-01,1,Arroz grano entero 80%,Cereales,0,Kilogramo,Heredia,Heredia,Heredia,836.25,820,1.0100221399544675
2022-04-01,1,Arroz grano entero 80%,Cereales,0,Kilogramo,Limon,Limon,Limon,848.1,820,1.0346648045012983
2022-04-01,2,Frijoles negros primera calidad,Leguminosas,0,Gramos,San Jose,San Jose,Carmen,1480.35,1450,1.0150989407251005
2022-04-01,2,Frijoles negros primera calidad,Leguminosas,0,Gramos,Alajuela,Alajuela,Alajuela,1500.6,1450,1.030334333984263
2022-04-01,2,Frijoles negros primera calidad,Leguminosas,0,Gramos,Cartago,Cartago,Oriental,1403.89,1450,0.9744847956827998
2022-04-01,2,Frijoles negros primera calidad,Leguminosas,0,Gramos,Heredia,Heredia,Heredia,1429.51,1450,0.9822871763007542
2022-04-01,2,Frijoles negros primera calidad,Leguminosas,0,Gramos,Limon,Limon,Limon,1452.15,1450,1.0071048988754772
2022-04-01,3,Leche fluida corta duracion,Lacteos,0,Mililitros,San Jose,San Jose,Carmen,819.76,850,0.9753115344490743
2022-04-01,3,Leche fluida corta duracion,Lacteos,0,Mililitros,Alajuela,Alajuela,Alajuela,832.97,850,0.9827353421311299
2022-04-01,3,Leche fluida corta duracion,Lacteos,0,Mililitros,Cartago,Cartago,Oriental,821.31,850,0.9572962340307404
2022-04-01,3,Leche fluida corta duracion,Lacteos,0,Mililitros,Heredia,Heredia,Heredia,813.05,850,0.963720577385718
2022-04-01,3,Leche fluida corta duracion,Lacteos,0,Mililitros,Limon,Limon,Limon,841.59,850,0.9854478455622622
2022-04-01,4,Tomate,Vegetales,0,Kilogramo,San Jose,San Jose,Carmen,1468.53,1500,0.9821140070280644
2022-04-01,4,Tomate,Vegetales,0,Kilogramo,Alajuela,Alajuela,Alajuela,1575.44,1500,1.0465011501629504
2022-04-01,4,Tomate,Vegetales,0,Kilogramo,Cartago,Cartago,Oriental,1467.63,1500,0.9800713620818557
2022-04-01,4,Tomate,Vegetales,0,Kilogramo,Heredia,Heredia,Heredia,1524.86,1500,1.0212944244078805
2022-04-01,4,Tomate,Vegetales,0,Kilogramo,Limon,Limon,Limon,1516.81,1500,1.013924409908812
2022-04-01,5,Aceite vegetal,Grasas,1,Mililitros,San Jose,San Jose,Carmen,1513.23,1450,1.040408231012609
2022-04-01,5,Aceite vegetal,Grasas,1,Mililitros,Alajuela,Alajuela,Alajuela,1477.84,1450,1.0158628027764953
2022-04-01,5,Aceite vegetal,Grasas,1,Mililitros,Cartago,Cartago,Oriental,1420.26,1450,0.985280229030276
2022-04-01,5,Aceite vegetal,Grasas,1,Mililitros,Heredia,Heredia,Heredia,1424.41,1450,0.9768658759399519
2022-04-01,5,Aceite vegetal,Grasas,1,Mililitros,Limon,Limon,Limon,1462.67,1450,1.0136635651619161
2022-05-01,1,Arroz grano entero 80%,Cereales,0,Kilogramo,San Jose,San Jose,Carmen,864.14,820,1.0427303385150168
2022-05-01,1,Arroz grano entero 80%,Cereales,0,Kilogramo,Alajuela,Alajuela,Alajuela,804.35,820,0.9841599259133873
2022-05-01,1,Arroz grano entero 80%,Cereales,0,Kilogramo,Cartago,Cartago,Oriental,837.18,820,1.0243694149548153
2022-05-01,1,Arroz grano entero 80%,Cereales,0,Kilogramo,Heredia,Heredia,Heredia,784.37,820,0.9500984683824977
2022-05-01,1,Arroz grano entero 80%,Cereales,0,Kilogramo,Limon,Limon,Limon,831.46,820,1.0215383364047517
2022-05-01,2,Frijoles negros primera calidad,Leguminosas,0,Gramos,San Jose,San Jose,Carmen,1402.68,1450,0.9664740957511019
2022-05-01,2,Frijoles negros primera calidad,Leguminosas,0,Gramos,Alajuela,Alajuela,Alajuela,1394.13,1450,0.9552192388355656
2022-05-01,2,Frijoles negros primera calidad,Leguminosas,0,Gramos,Cartago,Cartago,Oriental,1414.94,1450,0.9813816829927795
2022-05-01,2,Frijoles negros primera calidad,Leguminosas,0,Gramos,Heredia,Heredia,Heredia,1396.01,1450,0.9582179495952106
2022-05-01,2,Frijoles negros primera calidad,Leguminosas,0,Gramos,Limon,Limon,Limon,1381.89,1450,0.9568783009411453
2022-05-01,3,Leche fluida corta duracion,Lacteos,0,Mililitros,San Jose,San Jose,Carmen,868.56,850,1.016592245211078
2022-05-01,3,Leche fluida corta duracion,Lacteos,0,Mililitros,Alajuela,Alajuela,Alajuela,827.68,850,0.983211188396127
2022-05-01,3,Leche fluida corta duracion,Lacteos,0,Mililitros,Cartago,Cartago,Oriental,802.6,850,0.9509849719891498
2022-05-01,3,Leche fluida corta duracion,Lacteos,0,Mililitros,Heredia,Heredia,Heredia,809.41,850,0.962570804776714
2022-05-01,3,Leche fluida corta duracion,Lacteos,0,Mililitros,Limon,Limon,Limon,845.68,850,1.000317230980781
2022-05-01,4,Tomate,Vegetales,0,Kilogramo,San Jose,San Jose,Carmen,1529.31,1500,1.0198208187044702
2022-05-01,4,Tomate,Vegetales,0,Kilogramo,Alajuela,Alajuela,Alajuela,1536.92,1500,1.0304858076470957
2022-05-01,4,Tomate,Vegetales,0,Kilogramo,Cartago,Cartago,Oriental,1551.38,1500,1.0384457577358923
2022-05-01,4,Tomate,Vegetales,0,Kilogramo,Heredia,Heredia,Heredia,1437.05,1500,0.9572302563327182
2022-05-01,4,Tomate,Vegetales,0,Kilogramo,Limon,Limon,Limon,1521.4,1500,1.0180819150061247
2022-05-01,5,Aceite vegetal,Grasas,1,Mililitros,San Jose,San Jose,Carmen,1455.93,1450,1.0025277851240382
2022-05-01,5,Aceite vegetal,Grasas,1,Mililitros,Alajuela,Alajuela,Alajuela,1516.71,1450,1.0405749612739883
2022-05-01,5,Aceite vegetal,Grasas,1,Mililitros,Cartago,Cartago,Oriental,1503.86,1450,1.0380319561378948
2022-05-01,5,Aceite vegetal,Grasas,1,Mililitros,Heredia,Heredia,Heredia,1413.65,1450,0.9806936784138723
2022-05-01,5,Aceite vegetal,Grasas,1,Mililitros,Limon,Limon,Limon,1519.45,1450,1.0487695733979066
2022-06-01,1,Arroz grano entero 80%,Cereales,0,Kilogramo,San Jose,San Jose,Carmen,868.83,820,1.0487276451399115
2022-06-01,1,Arroz grano entero 80%,Cereales,0,Kilogramo,Alajuela,Alajuela,Alajuela,802.18,820,0.9859428573480009
2022-06-01,1,Arroz grano entero 80%,Cereales,0,Kilogramo,Cartago,Cartago,Oriental,809.09,820,0.9905051132572329
2022-06-01,1,Arroz grano entero 80%,Cereales,0,Kilogramo,Heredia,Heredia,Heredia,819.51,820,1.000153253988697
2022-06-01,1,Arroz grano entero 80%,Cereales,0,Kilogramo,Limon,Limon,Limon,817.01,820,0.9997527483035932
2022-06-01,2,Frijoles negros primera calidad,Leguminosas,0,Gramos,San Jose,San Jose,Carmen,1390.5,1450,0.9642478164506028
2022-06-01,2,Frijoles negros primera calidad,Leguminosas,0,Gramos,Alajuela,Alajuela,Alajuela,1474.33,1450,1.0197597343631148
2022-06-01,2,Frijoles negros primera calidad,Leguminosas,0,Gramos,Cartago,Cartago,Oriental,1491.39,1450,1.023396788316536
2022-06-01,2,Frijoles negros primera calidad,Leguminosas,0,Gramos,Heredia,Heredia,Heredia,1403.4,1450,0.9706134343537395
2022-06-01,2,Frijoles negros primera calidad,Leguminosas,0,Gramos,Limon,Limon,Limon,1388.54,1450,0.9542177599000417
2022-06-01,3,Leche fluida corta duracion,Lacteos,0,Mililitros,San Jose,San Jose,Carmen,884.87,850,1.0463600998339457
2022-06-01,3,Leche fluida corta duracion,Lacteos,0,Mililitros,Alajuela,Alajuela,Alajuela,828.76,850,0.9853922026368076
2022-06-01,3,Leche fluida corta duracion,Lacteos,0,Mililitros,Cartago,Cartago,Oriental,857.04,850,1.0185778763289215
2022-06-01,3,Leche fluida corta duracion,Lacteos,0,Mililitros,Heredia,Heredia,Heredia,871.71,850,1.0230896401486673
2022-06-01,3,Leche fluida corta duracion,Lacteos,0,Mililitros,Limon,Limon,Limon,827.68,850,0.9645403386628407
2022-06-01,4,Tomate,Vegetales,0,Kilogramo,San Jose,San Jose,Carmen,1496.93,1500,1.00288929202236
2022-06-01,4,Tomate,Vegetales,0,Kilogramo,Alajuela,Alajuela,Alajuela,1564.96,1500,1.045595420737596
2022-06-01,4,Tomate,Vegetales,0,Kilogramo,Cartago,Cartago,Oriental,1469.0,1500,0.9772848656264951
2022-06-01,4,Tomate,Vegetales,0,Kilogramo,Heredia,Heredia,Heredia,1469.53,1500,0.9853744606704915
2022-06-01,4,Tomate,Vegetales,0,Kilogramo,Limon,Limon,Limon,1467.24,1500,0.9781177928858318
2022-06-01,5,Aceite vegetal,Grasas,1,Mililitros,San Jose,San Jose,Carmen,1479.93,1450,1.0179620773886198
2022-06-01,5,Aceite vegetal,Grasas,1,Mililitros,Alajuela,Alajuela,Alajuela,1468.98,1450,1.0083690453533163
2022-06-01,5,Aceite vegetal,Grasas,1,Mililitros,Cartago,Cartago,Oriental,1499.49,1450,1.0396475101810847
2022-06-01,5,Aceite vegetal,Grasas,1,Mililitros,Heredia,Heredia,Heredia,1411.48,1450,0.9709881062463012
2022-06-01,5,Aceite vegetal,Grasas,1,Mililitros,Limon,Limon,Limon,1475.41,1450,1.0113104581695949
2022-07-01,1,Arroz grano entero 80%,Cereales,0,Kilogramo,San Jose,San Jose,Carmen,823.55,820,1.0018896580547612
2022-07-01,1,Arroz grano entero 80%,Cereales,0,Kilogramo,Alajuela,Alajuela,Alajuela,809.57,820,0.9931649677117415
2022-07-01,1,Arroz grano entero 80%,Cereales,0,Kilogramo,Cartago,Cartago,Oriental,787.45,820,0.9575339550120061
2022-07-01,1,Arroz grano entero 80%,Cereales,0,Kilogramo,Heredia,Heredia,Heredia,784.76,820,0.9510496075900037
2022-07-01,1,Arroz grano entero 80%,Cereales,0,Kilogramo,Limon,Limon,Limon,855.87,820,1.0383117424078705
2022-07-01,2,Frijoles negros primera calidad,Leguminosas,0,Gramos,San Jose,San Jose,Carmen,1462.53,1450,1.0146117507818757
2022-07-01,2,Frijoles negros primera calidad,Leguminosas,0,Gramos,Alajuela,Alajuela,Alajuela,1450.05,1450,1.0068497713088855
2022-07-01,2,Frijoles negros primera calidad,Leguminosas,0,Gramos,Cartago,Cartago,Oriental,1394.67,1450,0.9561114088288633
2022-07-01,2,Frijoles negros primera calidad,Leguminosas,0,Gramos,Heredia,Heredia,Heredia,1488.42,1450,1.0325088434945644
2022-07-01,2,Frijoles negros primera calidad,Leguminosas,0,Gramos,Limon,Limon,Limon,1419.39,1450,0.9768148079656872
2022-07-01,3,Leche fluida corta duracion,Lacteos,0,Mililitros,San Jose,San Jose,Carmen,864.47,850,1.0107338588370984
2022-07-01,3,Leche fluida corta duracion,Lacteos,0,Mililitros,Alajuela,Alajuela,Alajuela,891.91,850,1.0415737492475163
2022-07-01,3,Leche fluida corta duracion,Lacteos,0,Mililitros,Cartago,Cartago,Oriental,815.65,850,0.9706064942789459
2022-07-01,3,Leche fluida corta duracion,Lacteos,0,Mililitros,Heredia,Heredia,Heredia,846.23,850,0.9937687840643145
2022-07-01,3,Leche fluida corta duracion,Lacteos,0,Mililitros,Limon,Limon,Limon,885.37,850,1.035602587355976
2022-07-01,4,Tomate,Vegetales,0,Kilogramo,San Jose,San Jose,Carmen,1529.83,1500,1.0164897165350881
2022-07-01,4,Tomate,Vegetales,0,Kilogramo,Alajuela,Alajuela,Alajuela,1470.26,1500,0.9864092739556384
2022-07-01,4,Tomate,Vegetales,0,Kilogramo,Cartago,Cartago,Oriental,1530.91,1500,1.024552340380557
2022-07-01,4,Tomate,Vegetales,0,Kilogramo,Heredia,Heredia,Heredia,1501.85,1500,0.9956321479560691
2022-07-01,4,Tomate,Vegetales,0,Kilogramo,Limon,Limon,Limon,1561.15,1500,1.034811737385715
2022-07-01,5,Aceite vegetal,Grasas,1,Mililitros,San Jose,San Jose,Carmen,1453.24,1450,1.0075443376473125
2022-07-01,5,Aceite vegetal,Grasas,1,Mililitros,Alajuela,Alajuela,Alajuela,1451.5,1450,0.998707172509529
2022-07-01,5,Aceite vegetal,Grasas,1,Mililitros,Cartago,Cartago,Oriental,1481.28,1450,1.0272229711911052
2022-07-01,5,Aceite vegetal,Grasas,1,Mililitros,Heredia,Heredia,Heredia,1420.43,1450,0.9793427646056204
2022-07-01,5,Aceite vegetal,Grasas,1,Mililitros,Limon,Limon,Limon,1452.32,1450,1.0015470479469166
2022-08-01,1,Arroz grano entero 80%,Cereales,0,Kilogramo,San Jose,San Jose,Carmen,844.98,820,1.0232543241581724
2022-08-01,1,Arroz grano entero 80%,Cereales,0,Kilogramo,Alajuela,Alajuela,Alajuela,811.83,820,0.9972041253351234
2022-08-01,1,Arroz grano entero 80%,Cereales,0,Kilogramo,Cartago,Cartago,Oriental,840.54,820,1.0370739414586514
2022-08-01,1,Arroz grano entero 80%,Cereales,0,Kilogramo,Heredia,Heredia,Heredia,789.68,820,0.9677844238724295
2022-08-01,1,Arroz grano entero 80%,Cereales,0,Kilogramo,Limon,Limon,Limon,799.19,820,0.9813213441550356
2022-08-01,2,Frijoles negros primera calidad,Leguminosas,0,Gramos,San Jose,San Jose,Carmen,1426.78,1450,0.9847791599617365
2022-08-01,2,Frijoles negros primera calidad,Leguminosas,0,Gramos,Alajuela,Alajuela,Alajuela,1496.51,1450,1.033025667890467
2022-08-01,2,Frijoles negros primera calidad,Leguminosas,0,Gramos,Cartago,Cartago,Oriental,1461.89,1450,1.0131577993675962
2022-08-01,2,Frijoles negros primera calidad,Leguminosas,0,Gramos,Heredia,Heredia,Heredia,1410.51,1450,0.9787402204607427
2022-08-01,2,Frijoles negros primera calidad,Leguminosas,0,Gramos,Limon,Limon,Limon,1394.16,1450,0.9571224529923611
2022-08-01,3,Leche fluida corta duracion,Lacteos,0,Mililitros,San Jose,San Jose,Carmen,817.1,850,0.968416408398814
2022-08-01,3,Leche fluida corta duracion,Lacteos,0,Mililitros,Alajuela,Alajuela,Alajuela,812.91,850,0.9582873941083037
2022-08-01,3,Leche fluida corta duracion,Lacteos,0,Mililitros,Cartago,Cartago,Oriental,826.69,850,0.9829724179987066
2022-08-01,3,Leche fluida corta duracion,Lacteos,0,Mililitros,Heredia,Heredia,Heredia,848.9,850,1.0020171801757594
2022-08-01,3,Leche fluida corta duracion,Lacteos,0,Mililitros,Limon,Limon,Limon,874.72,850,1.0308662018957588
2022-08-01,4,Tomate,Vegetales,0,Kilogramo,San Jose,San Jose,Carmen,1434.31,1500,0.9530611565596337
2022-08-01,4,Tomate,Vegetales,0,Kilogramo,Alajuela,Alajuela,Alajuela,1550.81,1500,1.034323211566544
2022-08-01,4,Tomate,Vegetales,0,Kilogramo,Cartago,Cartago,Oriental,1570.98,1500,1.0472645564110055
2022-08-01,4,Tomate,Vegetales,0,Kilogramo,Heredia,Heredia,Heredia,1504.92,1500,0.9966459804359302
2022-08-01,4,Tomate,Vegetales,0,Kilogramo,Limon,Limon,Limon,1504.7,1500,1.0019883545667423
2022-08-01,5,Aceite vegetal,Grasas,1,Mililitros,San Jose,San Jose,Carmen,1502.05,1450,1.0415495209418995
2022-08-01,5,Aceite vegetal,Grasas,1,Mililitros,Alajuela,Alajuela,Alajuela,1524.61,1450,1.0480950188109805
2022-08-01,5,Aceite vegetal,Grasas,1,Mililitros,Cartago,Cartago,Oriental,1485.55,1450,1.0259490395369555
2022-08-01,5,Aceite vegetal,Grasas,1,Mililitros,Heredia,Heredia,Heredia,1520.79,1450,1.04521436372345
2022-08-01,5,Aceite vegetal,Grasas,1,Mililitros,Limon,Limon,Limon,1432.36,1450,0.9899553427834482
2022-09-01,1,Arroz grano entero 80%,Cereales,0,Kilogramo,San Jose,San Jose,Carmen,842.97,820,1.017175722323923
2022-09-01,1,Arroz grano entero 80%,Cereales,0,Kilogramo,Alajuela,Alajuela,Alajuela,848.3,820,1.0232296048181706
2022-09-01,1,Arroz grano entero 80%,Cereales,0,Kilogramo,Cartago,Cartago,Oriental,827.5,820,1.0154790054216103
2022-09-01,1,Arroz grano entero 80%,Cereales,0,Kilogramo,Heredia,Heredia,Heredia,801.72,820,0.9887992068798194
2022-09-01,1,Arroz grano entero 80%,Cereales,0,Kilogramo,Limon,Limon,Limon,818.78,820,0.9999059918548562
2022-09-01,2,Frijoles negros primera calidad,Leguminosas,0,Gramos,San Jose,San Jose,Carmen,1479.34,1450,1.0239752257641113
2022-09-01,2,Frijoles negros primera calidad,Leguminosas,0,Gramos,Alajuela,Alajuela,Alajuela,1474.83,1450,1.014719951790659
2022-09-01,2,Frijoles negros primera calidad,Leguminosas,0,Gramos,Cartago,Cartago,Oriental,1410.88,1450,0.9711118697147187
2022-09-01,2,Frijoles negros primera calidad,Leguminosas,0,Gramos,Heredia,Heredia,Heredia,1474.32,1450,1.0218294795380594
2022-09-01,2,Frijoles negros primera calidad,Leguminosas,0,Gramos,Limon,Limon,Limon,1421.96,1450,0.9853157751802368
2022-09-01,3,Leche fluida corta duracion,Lacteos,0,Mililitros,San Jose,San Jose,Carmen,845.58,850,0.9914824882839742
2022-09-01,3,Leche fluida corta duracion,Lacteos,0,Mililitros,Alajuela,Alajuela,Alajuela,845.2,850,0.991149273854054
2022-09-01,3,Leche fluida corta duracion,Lacteos,0,Mililitros,Cartago,Cartago,Oriental,876.97,850,1.028589373306301
2022-09-01,3,Leche fluida corta duracion,Lacteos,0,Mililitros,Heredia,Heredia,Heredia,851.38,850,1.0060619915016096
2022-09-01,3,Leche fluida corta duracion,Lacteos,0,Mililitros,Limon,Limon,Limon,810.67,850,0.9649996201529949
2022-09-01,4,Tomate,Vegetales,0,Kilogramo,San Jose,San Jose,Carmen,1517.19,1500,1.0172760027087568
2022-09-01,4,Tomate,Vegetales,0,Kilogramo,Alajuela,Alajuela,Alajuela,1519.24,1500,1.0142518159626244
2022-09-01,4,Tomate,Vegetales,0,Kilogramo,Cartago,Cartago,Oriental,1478.55,1500,0.991548245523133
2022-09-01,4,Tomate,Vegetales,0,Kilogramo,Heredia,Heredia,Heredia,1571.38,1500,1.0490918344256859
2022-09-01,4,Tomate,Vegetales,0,Kilogramo,Limon,Limon,Limon,1491.28,1500,0.9991278994897586
2022-09-01,5,Aceite vegetal,Grasas,1,Mililitros,San Jose,San Jose,Carmen,1411.42,1450,0.9673649137827087
2022-09-01,5,Aceite vegetal,Grasas,1,Mililitros,Alajuela,Alajuela,Alajuela,1418.92,1450,0.9717393142008981
2022-09-01,5,Aceite vegetal,Grasas,1,Mililitros,Cartago,Cartago,Oriental,1469.92,1450,1.0189044930071
2022-09-01,5,Aceite vegetal,Grasas,1,Mililitros,Heredia,Heredia,Heredia,1520.24,1450,1.04218728605672
2022-09-01,5,Aceite vegetal,Grasas,1,Mililitros,Limon,Limon,Limon,1447.52,1450,0.9961437196321381
2022-10-01,1,Arroz grano entero 80%,Cereales,0,Kilogramo,San Jose,San Jose,Carmen,798.99,820,0.9646520680302368
2022-10-01,1,Arroz grano entero 80%,Cereales,0,Kilogramo,Alajuela,Alajuela,Alajuela,787.36,820,0.9680893716024666
2022-10-01,1,Arroz grano entero 80%,Cereales,0,Kilogramo,Cartago,Cartago,Oriental,843.76,820,1.036131212615635
2022-10-01,1,Arroz grano entero 80%,Cereales,0,Kilogramo,Heredia,Heredia,Heredia,859.64,820,1.0453348622673932
2022-10-01,1,Arroz grano entero 80%,Cereales,0,Kilogramo,Limon,Limon,Limon,796.89,820,0.9705558302933814
2022-10-01,2,Frijoles negros primera calidad,Leguminosas,0,Gramos,San Jose,San Jose,Carmen,1397.79,1450,0.966448197716199
2022-10-01,2,Frijoles negros primera calidad,Leguminosas,0,Gramos,Alajuela,Alajuela,Alajuela,1374.09,1450,0.9521697640766639
2022-10-01,2,Frijoles negros primera calidad,Leguminosas,0,Gramos,Cartago,Cartago,Oriental,1507.25,1450,1.0459726374601817
2022-10-01,2,Frijoles negros primera calidad,Leguminosas,0,Gramos,Heredia,Heredia,Heredia,1426.36,1450,0.9817959414276319
2022-10-01,2,Frijoles negros primera calidad,Leguminosas,0,Gramos,Limon,Limon,Limon,1459.61,1450,1.002484629365714
2022-10-01,3,Leche fluida corta duracion,Lacteos,0,Mililitros,San Jose,San Jose,Carmen,872.71,850,1.0169025671366705
2022-10-01,3,Leche fluida corta duracion,Lacteos,0,Mililitros,Alajuela,Alajuela,Alajuela,813.9,850,0.9669500074323364
2022-10-01,3,Leche fluida corta duracion,Lacteos,0,Mililitros,Cartago,Cartago,Oriental,822.09,850,0.970797411930602
2022-10-01,3,Leche fluida corta duracion,Lacteos,0,Mililitros,Heredia,Heredia,Heredia,866.89,850,1.023996943171787
2022-10-01,3,Leche fluida corta duracion,Lacteos,0,Mililitros,Limon,Limon,Limon,806.24,850,0.9518040695316219
2022-10-01,4,Tomate,Vegetales,0,Kilogramo,San Jose,San Jose,Carmen,1472.69,1500,0.9787809779363118
2022-10-01,4,Tomate,Vegetales,0,Kilogramo,Alajuela,Alajuela,Alajuela,1448.68,1500,0.9654981753969147
2022-10-01,4,Tomate,Vegetales,0,Kilogramo,Cartago,Cartago,Oriental,1478.85,1500,0.9812016868741734
2022-10-01,4,Tomate,Vegetales,0,Kilogramo,Heredia,Heredia,Heredia,1543.55,1500,1.0283669216468452
2022-10-01,4,Tomate,Vegetales,0,Kilogramo,Limon,Limon,Limon,1486.67,1500,0.9880370748390283
2022-10-01,5,Aceite vegetal,Grasas,1,Mililitros,San Jose,San Jose,Carmen,1464.99,1450,1.011005038826988
2022-10-01,5,Aceite vegetal,Grasas,1,Mililitros,Alajuela,Alajuela,Alajuela,1498.55,1450,1.0370221639233856
2022-10-01,5,Aceite vegetal,Grasas,1,Mililitros,Cartago,Cartago,Oriental,1418.62,1450,0.9741934368732291
2022-10-01,5,Aceite vegetal,Grasas,1,Mililitros,Heredia,Heredia,Heredia,1446.33,1450,1.0038900987719488
2022-10-01,5,Aceite vegetal,Grasas,1,Mililitros,Limon,Limon,Limon,1452.9,1450,1.008180144210032
2022-11-01,1,Arroz grano entero 80%,Cereales,0,Kilogramo,San Jose,San Jose,Carmen,809.12,820,0.9836492219700277
2022-11-01,1,Arroz grano entero 80%,Cereales,0,Kilogramo,Alajuela,Alajuela,Alajuela,813.99,820,0.9906216152957581
2022-11-01,1,Arroz grano entero 80%,Cereales,0,Kilogramo,Cartago,Cartago,Oriental,806.33,820,0.9778942789486857
2022-11-01,1,Arroz grano entero 80%,Cereales,0,Kilogramo,Heredia,Heredia,Heredia,823.29,820,1.0041618407849404
2022-11-01,1,Arroz grano entero 80%,Cereales,0,Kilogramo,Limon,Limon,Limon,860.78,820,1.0395091225002697
2022-11-01,2,Frijoles negros primera calidad,Leguminosas,0,Gramos,San Jose,San Jose,Carmen,1378.43,1450,0.9500302750982169
2022-11-01,2,Frijoles negros primera calidad,Leguminosas,0,Gramos,Alajuela,Alajuela,Alajuela,1425.59,1450,0.9763924742455791
2022-11-01,2,Frijoles negros primera calidad,Leguminosas,0,Gramos,Cartago,Cartago,Oriental,1396.43,1450,0.9648409671245046
2022-11-01,2,Frijoles negros primera calidad,Leguminosas,0,Gramos,Heredia,Heredia,Heredia,1398.81,1450,0.9649464262914851
2022-11-01,2,Frijoles negros primera calidad,Leguminosas,0,Gramos,Limon,Limon,Limon,1482.83,1450,1.0236888844196597
2022-11-01,3,Leche fluida corta duracion,Lacteos,0,Mililitros,San Jose,San Jose,Carmen,820.75,850,0.9763020866831964
2022-11-01,3,Leche fluida corta duracion,Lacteos,0,Mililitros,Alajuela,Alajuela,Alajuela,811.34,850,0.9640439011674421
2022-11-01,3,Leche fluida corta duracion,Lacteos,0,Mililitros,Cartago,Cartago,Oriental,809.38,850,0.9550393062010231
2022-11-01,3,Leche fluida corta duracion,Lacteos,0,Mililitros,Heredia,Heredia,Heredia,849.46,850,1.0036290576471791
2022-11-01,3,Leche fluida corta duracion,Lacteos,0,Mililitros,Limon,Limon,Limon,844.16,850,0.9935281311735142
2022-11-01,4,Tomate,Vegetales,0,Kilogramo,San Jose,San Jose,Carmen,1535.3,1500,1.0186908812645423
2022-11-01,4,Tomate,Vegetales,0,Kilogramo,Alajuela,Alajuela,Alajuela,1549.86,1500,1.0352942882023852
2022-11-01,4,Tomate,Vegetales,0,Kilogramo,Cartago,Cartago,Oriental,1438.74,1500,0.9651842842794959
2022-11-01,4,Tomate,Vegetales,0,Kilogramo,Heredia,Heredia,Heredia,1542.1,1500,1.0282109078967119
2022-11-01,4,Tomate,Vegetales,0,Kilogramo,Limon,Limon,Limon,1503.48,1500,0.9967712671391991
2022-11-01,5,Aceite vegetal,Grasas,1,Mililitros,San Jose,San Jose,Carmen,1505.75,1450,1.0343707251553418
2022-11-01,5,Aceite vegetal,Grasas,1,Mililitros,Alajuela,Alajuela,Alajuela,1494.85,1450,1.0366845484297649
2022-11-01,5,Aceite vegetal,Grasas,1,Mililitros,Cartago,Cartago,Oriental,1396.58,1450,0.9691629237139945
2022-11-01,5,Aceite vegetal,Grasas,1,Mililitros,Heredia,Heredia,Heredia,1468.7,1450,1.0094162343355608
2022-11-01,5,Aceite vegetal,Grasas,1,Mililitros,Limon,Limon,Limon,1424.74,1450,0.9811062880240088
2022-12-01,1,Arroz grano entero 80%,Cereales,0,Kilogramo,San Jose,San Jose,Carmen,812.82,820,0.9791895186192351
2022-12-01,1,Arroz grano entero 80%,Cereales,0,Kilogramo,Alajuela,Alajuela,Alajuela,805.71,820,0.9893666984712474
2022-12-01,1,Arroz grano entero 80%,Cereales,0,Kilogramo,Cartago,Cartago,Oriental,821.77,820,0.9976108457345165
2022-12-01,1,Arroz grano entero 80%,Cereales,0,Kilogramo,Heredia,Heredia,Heredia,776.94,820,0.958904616175686
2022-12-01,1,Arroz grano entero 80%,Cereales,0,Kilogramo,Limon,Limon,Limon,831.95,820,1.011338625236505
2022-12-01,2,Frijoles negros primera calidad,Leguminosas,0,Gramos,San Jose,San Jose,Carmen,1416.8,1450,0.9796259239383954
2022-12-01,2,Frijoles negros primera calidad,Leguminosas,0,Gramos,Alajuela,Alajuela,Alajuela,1427.64,1450,0.9889271336082124
2022-12-01,2,Frijoles negros primera calidad,Leguminosas,0,Gramos,Cartago,Cartago,Oriental,1470.7,1450,1.014106562554943
2022-12-01,2,Frijoles negros primera calidad,Leguminosas,0,Gramos,Heredia,Heredia,Heredia,1458.87,1450,1.0128454405563914
2022-12-01,2,Frijoles negros primera calidad,Leguminosas,0,Gramos,Limon,Limon,Limon,1478.93,1450,1.0152263964789818
2022-12-01,3,Leche fluida corta duracion,Lacteos,0,Mililitros,San Jose,San Jose,Carmen,859.87,850,1.0034825386860995
2022-12-01,3,Leche fluida corta duracion,Lacteos,0,Mililitros,Alajuela,Alajuela,Alajuela,873.72,850,1.0375602832395934
2022-12-01,3,Leche fluida corta duracion,Lacteos,0,Mililitros,Cartago,Cartago,Oriental,854.37,850,1.0152382631122117
2022-12-01,3,Leche fluida corta duracion,Lacteos,0,Mililitros,Heredia,Heredia,Heredia,822.46,850,0.9597766107404161
2022-12-01,3,Leche fluida corta duracion,Lacteos,0,Mililitros,Limon,Limon,Limon,851.49,850,1.0046281356022855
2022-12-01,4,Tomate,Vegetales,0,Kilogramo,San Jose,San Jose,Carmen,1554.23,1500,1.0409400483658164
2022-12-01,4,Tomate,Vegetales,0,Kilogramo,Alajuela,Alajuela,Alajuela,1546.38,1500,1.0276478361909573
2022-12-01,4,Tomate,Vegetales,0,Kilogramo,Cartago,Cartago,Oriental,1505.58,1500,1.0051371045238418
2022-12-01,4,Tomate,Vegetales,0,Kilogramo,Heredia,Heredia,Heredia,1565.76,1500,1.040316622602052
2022-12-01,4,Tomate,Vegetales,0,Kilogramo,Limon,Limon,Limon,1448.11,1500,0.9678374009516478
2022-12-01,5,Aceite vegetal,Grasas,1,Mililitros,San Jose,San Jose,Carmen,1421.39,1450,0.9815846033704134
2022-12-01,5,Aceite vegetal,Grasas,1,Mililitros,Alajuela,Alajuela,Alajuela,1396.04,1450,0.9664226914802062
2022-12-01,5,Aceite vegetal,Grasas,1,Mililitros,Cartago,Cartago,Oriental,1431.93,1450,0.9848367480111119
2022-12-01,5,Aceite vegetal,Grasas,1,Mililitros,Heredia,Heredia,Heredia,1392.19,1450,0.9636374578213727
2022-12-01,5,Aceite vegetal,Grasas,1,Mililitros,Limon,Limon,Limon,1399.71,1450,0.9601861577819036
2023-01-01,1,Arroz grano entero 80%,Cereales,0,Kilogramo,San Jose,San Jose,Carmen,786.42,820,0.9576019774291202
2023-01-01,1,Arroz grano entero 80%,Cereales,0,Kilogramo,Alajuela,Alajuela,Alajuela,835.48,820,1.0306759051315861
2023-01-01,1,Arroz grano entero 80%,Cereales,0,Kilogramo,Cartago,Cartago,Oriental,833.17,820,1.0195878047170348
2023-01-01,1,Arroz grano entero 80%,Cereales,0,Kilogramo,Heredia,Heredia,Heredia,822.38,820,0.9987239325887183
2023-01-01,1,Arroz grano entero 80%,Cereales,0,Kilogramo,Limon,Limon,Limon,779.72,820,0.9577368862271505
2023-01-01,2,Frijoles negros primera calidad,Leguminosas,0,Gramos,San Jose,San Jose,Carmen,1455.74,1450,1.0061560503552451
2023-01-01,2,Frijoles negros primera calidad,Leguminosas,0,Gramos,Alajuela,Alajuela,Alajuela,1487.49,1450,1.0232743188328621
2023-01-01,2,Frijoles negros primera calidad,Leguminosas,0,Gramos,Cartago,Cartago,Oriental,1384.56,1450,0.9585025772639666
2023-01-01,2,Frijoles negros primera calidad,Leguminosas,0,Gramos,Heredia,Heredia,Heredia,1445.27,1450,1.0015238716064057
2023-01-01,2,Frijoles negros primera calidad,Leguminosas,0,Gramos,Limon,Limon,Limon,1435.34,1450,0.9893427531915692
2023-01-01,3,Leche fluida corta duracion,Lacteos,0,Mililitros,San Jose,San Jose,Carmen,845.9,850,0.9864768487251623
2023-01-01,3,Leche fluida corta duracion,Lacteos,0,Mililitros,Alajuela,Alajuela,Alajuela,877.27,850,1.0432032965076916
2023-01-01,3,Leche fluida corta duracion,Lacteos,0,Mililitros,Cartago,Cartago,Oriental,813.46,850,0.9532226395946953
2023-01-01,3,Leche fluida corta duracion,Lacteos,0,Mililitros,Heredia,Heredia,Heredia,850.74,850,1.005988125748648
2023-01-01,3,Leche fluida corta duracion,Lacteos,0,Mililitros,Limon,Limon,Limon,889.07,850,1.0366655549482193
2023-01-01,4,Tomate,Vegetales,0,Kilogramo,San Jose,San Jose,Carmen,1502.05,1500,0.9973076566750214
2023-01-01,4,Tomate,Vegetales,0,Kilogramo,Alajuela,Alajuela,Alajuela,1469.19,1500,0.9733261734606985
2023-01-01,4,Tomate,Vegetales,0,Kilogramo,Cartago,Cartago,Oriental,1578.69,1500,1.0485773088507306
2023-01-01,4,Tomate,Vegetales,0,Kilogramo,Heredia,Heredia,Heredia,1429.33,1500,0.9532401029297495
2023-01-01,4,Tomate,Vegetales,0,Kilogramo,Limon,Limon,Limon,1476.47,1500,0.9807560578550764
2023-01-01,5,Aceite vegetal,Grasas,1,Mililitros,San Jose,San Jose,Carmen,1401.15,1450,0.9647428189745846
2023-01-01,5,Aceite vegetal,Grasas,1,Mililitros,Alajuela,Alajuela,Alajuela,1513.09,1450,1.046474837984167
2023-01-01,5,Aceite vegetal,Grasas,1,Mililitros,Cartago,Cartago,Oriental,1443.64,1450,0.988799642481908
2023-01-01,5,Aceite vegetal,Grasas,1,Mililitros,Heredia,Heredia,Heredia,1378.52,1450,0.956887849953866
2023-01-01,5,Aceite vegetal,Grasas,1,Mililitros,Limon,Limon,Limon,1460.38,1450,1.0107452071713
2023-02-01,1,Arroz grano entero 80%,Cereales,0,Kilogramo,San Jose,San Jose,Carmen,785.72,820,0.9627033983575829
2023-02-01,1,Arroz grano entero 80%,Cereales,0,Kilogramo,Alajuela,Alajuela,Alajuela,816.13,820,0.9933999725054673
2023-02-01,1,Arroz grano entero 80%,Cereales,0,Kilogramo,Cartago,Cartago,Oriental,829.88,820,1.011032532272596
2023-02-01,1,Arroz grano entero 80%,Cereales,0,Kilogramo,Heredia,Heredia,Heredia,824.9,820,1.0162844490631189
2023-02-01,1,Arroz grano entero 80%,Cereales,0,Kilogramo,Limon,Limon,Limon,786.0,820,0.968665127404105
2023-02-01,2,Frijoles negros primera calidad,Leguminosas,0,Gramos,San Jose,San Jose,Carmen,1512.08,1450,1.0377382466064642
2023-02-01,2,Frijoles negros primera calidad,Leguminosas,0,Gramos,Alajuela,Alajuela,Alajuela,1494.99,1450,1.0325340845837865
2023-02-01,2,Frijoles negros primera calidad,Leguminosas,0,Gramos,Cartago,Cartago,Oriental,1399.14,1450,0.9621742097267253
2023-02-01,2,Frijoles negros primera calidad,Leguminosas,0,Gramos,Heredia,Heredia,Heredia,1461.79,1450,1.0094813088525039
2023-02-01,2,Frijoles negros primera calidad,Leguminosas,0,Gramos,Limon,Limon,Limon,1523.74,1450,1.0469542289493825
2023-02-01,3,Leche fluida corta duracion,Lacteos,0,Mililitros,San Jose,San Jose,Carmen,826.86,850,0.9679503660902135
2023-02-01,3,Leche fluida corta duracion,Lacteos,0,Mililitros,Alajuela,Alajuela,Alajuela,849.52,850,0.9987396679459508
2023-02-01,3,Leche fluida corta duracion,Lacteos,0,Mililitros,Cartago,Cartago,Oriental,856.13,850,1.0065582794704735
2023-02-01,3,Leche fluida corta duracion,Lacteos,0,Mililitros,Heredia,Heredia,Heredia,841.64,850,0.9921792290751217
2023-02-01,3,Leche fluida corta duracion,Lacteos,0,Mililitros,Limon,Limon,Limon,867.56,850,1.015999593659776
2023-02-01,4,Tomate,Vegetales,0,Kilogramo,San Jose,San Jose,Carmen,1552.01,1500,1.0362792295876526
2023-02-01,4,Tomate,Vegetales,0,Kilogramo,Alajuela,Alajuela,Alajuela,1442.09,1500,0.9676125351705401
2023-02-01,4,Tomate,Vegetales,0,Kilogramo,Cartago,Cartago,Oriental,1553.61,1500,1.0299096419216802
2023-02-01,4,Tomate,Vegetales,0,Kilogramo,Heredia,Heredia,Heredia,1460.58,1500,0.979737886236068
2023-02-01,4,Tomate,Vegetales,0,Kilogramo,Limon,Limon,Limon,1543.64,1500,1.02280024871153
2023-02-01,5,Aceite vegetal,Grasas,1,Mililitros,San Jose,San Jose,Carmen,1469.89,1450,1.0161845928378417
2023-02-01,5,Aceite vegetal,Grasas,1,Mililitros,Alajuela,Alajuela,Alajuela,1417.1,1450,0.9810295744269115
2023-02-01,5,Aceite vegetal,Grasas,1,Mililitros,Cartago,Cartago,Oriental,1460.81,1450,1.0123576943356953
2023-02-01,5,Aceite vegetal,Grasas,1,Mililitros,Heredia,Heredia,Heredia,1482.39,1450,1.028830033386956
2023-02-01,5,Aceite vegetal,Grasas,1,Mililitros,Limon,Limon,Limon,1452.68,1450,0.9968895058914613
2023-03-01,1,Arroz grano entero 80%,Cereales,0,Kilogramo,San Jose,San Jose,Carmen,823.62,820,1.0090867722438097
2023-03-01,1,Arroz grano entero 80%,Cereales,0,Kilogramo,Alajuela,Alajuela,Alajuela,798.44,820,0.9666585510653118
2023-03-01,1,Arroz grano entero 80%,Cereales,0,Kilogramo,Cartago,Cartago,Oriental,864.39,820,1.04487500933155
2023-03-01,1,Arroz grano entero 80%,Cereales,0,Kilogramo,Heredia,Heredia,Heredia,807.86,820,0.9947025574590453
2023-03-01,1,Arroz grano entero 80%,Cereales,0,Kilogramo,Limon,Limon,Limon,847.0,820,1.044871884854476
2023-03-01,2,Frijoles negros primera calidad,Leguminosas,0,Gramos,San Jose,San Jose,Carmen,1386.14,1450,0.9603084359441588
2023-03-01,2,Frijoles negros primera calidad,Leguminosas,0,Gramos,Alajuela,Alajuela,Alajuela,1393.02,1450,0.9560562066000213
2023-03-01,2,Frijoles negros primera calidad,Leguminosas,0,Gramos,Cartago,Cartago,Oriental,1489.14,1450,1.0263258368727604
2023-03-01,2,Frijoles negros primera calidad,Leguminosas,0,Gramos,Heredia,Heredia,Heredia,1374.24,1450,0.9506968531089537
2023-03-01,2,Frijoles negros primera calidad,Leguminosas,0,Gramos,Limon,Limon,Limon,1382.5,1450,0.9583926248613551
2023-03-01,3,Leche fluida corta duracion,Lacteos,0,Mililitros,San Jose,San Jose,Carmen,829.7,850,0.9716742164539602
2023-03-01,3,Leche fluida corta duracion,Lacteos,0,Mililitros,Alajuela,Alajuela,Alajuela,877.92,850,1.0282629899590183
2023-03-01,3,Leche fluida corta duracion,Lacteos,0,Mililitros,Cartago,Cartago,Oriental,843.33,850,0.9897389756562618
2023-03-01,3,Leche fluida corta duracion,Lacteos,0,Mililitros,Heredia,Heredia,Heredia,880.04,850,1.0382911796180176
2023-03-01,3,Leche fluida corta duracion,Lacteos,0,Mililitros,Limon,Limon,Limon,870.32,850,1.0257692226841684
2023-03-01,4,Tomate,Vegetales,0,Kilogramo,San Jose,San Jose,Carmen,1570.53,1500,1.0486856534432045
2023-03-01,4,Tomate,Vegetales,0,Kilogramo,Alajuela,Alajuela,Alajuela,1552.12,1500,1.03208986729349
2023-03-01,4,Tomate,Vegetales,0,Kilogramo,Cartago,Cartago,Oriental,1467.11,1500,0.9790168098834401
2023-03-01,4,Tomate,Vegetales,0,Kilogramo,Heredia,Heredia,Heredia,1445.98,1500,0.966003365597428
2023-03-01,4,Tomate,Vegetales,0,Kilogramo,Limon,Limon,Limon,1476.31,1500,0.9785118456826832
2023-03-01,5,Aceite vegetal,Grasas,1,Mililitros,San Jose,San Jose,Carmen,1466.97,1450,1.0130474832850578
2023-03-01,5,Aceite vegetal,Grasas,1,Mililitros,Alajuela,Alajuela,Alajuela,1415.1,1450,0.9768901918771642
2023-03-01,5,Aceite vegetal,Grasas,1,Mililitros,Cartago,Cartago,Oriental,1431.02,1450,0.98873017192079
2023-03-01,5,Aceite vegetal,Grasas,1,Mililitros,Heredia,Heredia,Heredia,1392.11,1450,0.9534906817841096
2023-03-01,5,Aceite vegetal,Grasas,1,Mililitros,Limon,Limon,Limon,1489.14,1450,1.022969634532783
2023-04-01,1,Arroz grano entero 80%,Cereales,0,Kilogramo,San Jose,San Jose,Carmen,840.35,820,1.0295062647348963
2023-04-01,1,Arroz grano entero 80%,Cereales,0,Kilogramo,Alajuela,Alajuela,Alajuela,852.89,820,1.03793471810491
2023-04-01,1,Arroz grano entero 80%,Cereales,0,Kilogramo,Cartago,Cartago,Oriental,850.92,820,1.030597682519135
2023-04-01,1,Arroz grano entero 80%,Cereales,0,Kilogramo,Heredia,Heredia,Heredia,790.64,820,0.9561494443411497
2023-04-01,1,Arroz grano entero 80%,Cereales,0,Kilogramo,Limon,Limon,Limon,795.48,820,0.97142322076793
2023-04-01,2,Frijoles negros primera calidad,Leguminosas,0,Gramos,San Jose,San Jose,Carmen,1404.69,1450,0.9686330943062682
2023-04-01,2,Frijoles negros primera calidad,Leguminosas,0,Gramos,Alajuela,Alajuela,Alajuela,1410.95,1450,0.972533981512932
2023-04-01,2,Frijoles negros primera calidad,Leguminosas,0,Gramos,Cartago,Cartago,Oriental,1459.71,1450,1.0090593288762557
2023-04-01,2,Frijoles negros primera calidad,Leguminosas,0,Gramos,Heredia,Heredia,Heredia,1512.58,1450,1.037104701525706
2023-04-01,2,Frijoles negros primera calidad,Leguminosas,0,Gramos,Limon,Limon,Limon,1443.54,1450,0.9961874210741722
2023-04-01,3,Leche fluida corta duracion,Lacteos,0,Mililitros,San Jose,San Jose,Carmen,873.21,850,1.0196216364743902
2023-04-01,3,Leche fluida corta duracion,Lacteos,0,Mililitros,Alajuela,Alajuela,Alajuela,872.48,850,1.0300635919723755
2023-04-01,3,Leche fluida corta duracion,Lacteos,0,Mililitros,Cartago,Cartago,Oriental,816.94,850,0.9621162371952193
2023-04-01,3,Leche fluida corta duracion,Lacteos,0,Mililitros,Heredia,Heredia,Heredia,873.83,850,1.0331962121467129
2023-04-01,3,Leche fluida corta duracion,Lacteos,0,Mililitros,Limon,Limon,Limon,859.28,850,1.0000208930871823
2023-04-01,4,Tomate,Vegetales,0,Kilogramo,San Jose,San Jose,Carmen,1472.73,1500,0.9786601116906191
2023-04-01,4,Tomate,Vegetales,0,Kilogramo,Alajuela,Alajuela,Alajuela,1494.32,1500,1.002104009611498
2023-04-01,4,Tomate,Vegetales,0,Kilogramo,Cartago,Cartago,Oriental,1437.08,1500,0.9537429509031419
2023-04-01,4,Tomate,Vegetales,0,Kilogramo,Heredia,Heredia,Heredia,1501.69,1500,1.0064948771386584
2023-04-01,4,Tomate,Vegetales,0,Kilogramo,Limon,Limon,Limon,1565.8,1500,1.0427941348235175
2023-04-01,5,Aceite vegetal,Grasas,1,Mililitros,San Jose,San Jose,Carmen,1434.79,1450,0.9851361663445585
2023-04-01,5,Aceite vegetal,Grasas,1,Mililitros,Alajuela,Alajuela,Alajuela,1469.41,1450,1.0084391433525033
2023-04-01,5,Aceite vegetal,Grasas,1,Mililitros,Cartago,Cartago,Oriental,1406.49,1450,0.9641080672488802
2023-04-01,5,Aceite vegetal,Grasas,1,Mililitros,Heredia,Heredia,Heredia,1458.24,1450,1.0083860286414328
2023-04-01,5,Aceite vegetal,Grasas,1,Mililitros,Limon,Limon,Limon,1480.66,1450,1.0177437204263373
2023-05-01,1,Arroz grano entero 80%,Cereales,0,Kilogramo,San Jose,San Jose,Carmen,809.56,820,0.9976928134565389
2023-05-01,1,Arroz grano entero 80%,Cereales,0,Kilogramo,Alajuela,Alajuela,Alajuela,790.99,820,0.9653568980809414
2023-05-01,1,Arroz grano entero 80%,Cereales,0,Kilogramo,Cartago,Cartago,Oriental,827.92,820,1.0189012724039062
2023-05-01,1,Arroz grano entero 80%,Cereales,0,Kilogramo,Heredia,Heredia,Heredia,837.89,820,1.0136944735271545
2023-05-01,1,Arroz grano entero 80%,Cereales,0,Kilogramo,Limon,Limon,Limon,824.03,820,1.0095013031570648
2023-05-01,2,Frijoles negros primera calidad,Leguminosas,0,Gramos,San Jose,San Jose,Carmen,1460.45,1450,1.0084419022283753
2023-05-01,2,Frijoles negros primera calidad,Leguminosas,0,Gramos,Alajuela,Alajuela,Alajuela,1461.11,1450,1.0046015388112493
2023-05-01,2,Frijoles negros primera calidad,Leguminosas,0,Gramos,Cartago,Cartago,Oriental,1475.53,1450,1.0117281483374978
2023-05-01,2,Frijoles negros primera calidad,Leguminosas,0,Gramos,Heredia,Heredia,Heredia,1465.04,1450,1.0037655376675714
2023-05-01,2,Frijoles negros primera calidad,Leguminosas,0,Gramos,Limon,Limon,Limon,1388.56,1450,0.9608619781411141
2023-05-01,3,Leche fluida corta duracion,Lacteos,0,Mililitros,San Jose,San Jose,Carmen,883.65,850,1.0405341181442527
2023-05-01,3,Leche fluida corta duracion,Lacteos,0,Mililitros,Alajuela,Alajuela,Alajuela,892.66,850,1.041206231226428
2023-05-01,3,Leche fluida corta duracion,Lacteos,0,Mililitros,Cartago,Cartago,Oriental,871.4,850,1.035871301195496
2023-05-01,3,Leche fluida corta duracion,Lacteos,0,Mililitros,Heredia,Heredia,Heredia,829.59,850,0.9653278629032681
2023-05-01,3,Leche fluida corta duracion,Lacteos,0,Mililitros,Limon,Limon,Limon,884.07,850,1.0353368028848327
2023-05-01,4,Tomate,Vegetales,0,Kilogramo,San Jose,San Jose,Carmen,1457.61,1500,0.9671944647357281
2023-05-01,4,Tomate,Vegetales,0,Kilogramo,Alajuela,Alajuela,Alajuela,1446.49,1500,0.9580753607009013
2023-05-01,4,Tomate,Vegetales,0,Kilogramo,Cartago,Cartago,Oriental,1502.47,1500,1.002988840568566
2023-05-01,4,Tomate,Vegetales,0,Kilogramo,Heredia,Heredia,Heredia,1522.92,1500,1.0132891013431637
2023-05-01,4,Tomate,Vegetales,0,Kilogramo,Limon,Limon,Limon,1534.8,1500,1.0189530158243678
2023-05-01,5,Aceite vegetal,Grasas,1,Mililitros,San Jose,San Jose,Carmen,1478.21,1450,1.0196148442532442
2023-05-01,5,Aceite vegetal,Grasas,1,Mililitros,Alajuela,Alajuela,Alajuela,1522.55,1450,1.0472436433494594
2023-05-01,5,Aceite vegetal,Grasas,1,Mililitros,Cartago,Cartago,Oriental,1505.28,1450,1.03934626429857
2023-05-01,5,Aceite vegetal,Grasas,1,Mililitros,Heredia,Heredia,Heredia,1417.68,1450,0.9709879327292927
2023-05-01,5,Aceite vegetal,Grasas,1,Mililitros,Limon,Limon,Limon,1452.75,1450,1.0064186080980038
2023-06-01,1,Arroz grano entero 80%,Cereales,0,Kilogramo,San Jose,San Jose,Carmen,813.29,820,0.9895955018708306
2023-06-01,1,Arroz grano entero 80%,Cereales,0,Kilogramo,Alajuela,Alajuela,Alajuela,831.18,820,1.0091296953777114
2023-06-01,1,Arroz grano entero 80%,Cereales,0,Kilogramo,Cartago,Cartago,Oriental,844.59,820,1.028583053103633
2023-06-01,1,Arroz grano entero 80%,Cereales,0,Kilogramo,Heredia,Heredia,Heredia,800.92,820,0.9749023113567299
2023-06-01,1,Arroz grano entero 80%,Cereales,0,Kilogramo,Limon,Limon,Limon,811.17,820,0.9857172603633287
2023-06-01,2,Frijoles negros primera calidad,Leguminosas,0,Gramos,San Jose,San Jose,Carmen,1431.05,1450,0.988947615768887
2023-06-01,2,Frijoles negros primera calidad,Leguminosas,0,Gramos,Alajuela,Alajuela,Alajuela,1387.59,1450,0.9565261994695029
2023-06-01,2,Frijoles negros primera calidad,Leguminosas,0,Gramos,Cartago,Cartago,Oriental,1418.09,1450,0.9795180160483719
2023-06-01,2,Frijoles negros primera calidad,Leguminosas,0,Gramos,Heredia,Heredia,Heredia,1519.11,1450,1.0451986720451925
2023-06-01,2,Frijoles negros primera calidad,Leguminosas,0,Gramos,Limon,Limon,Limon,1519.27,1450,1.0492797065963373
2023-06-01,3,Leche fluida corta duracion,Lacteos,0,Mililitros,San Jose,San Jose,Carmen,877.38,850,1.0309201148082725
2023-06-01,3,Leche fluida corta duracion,Lacteos,0,Mililitros,Alajuela,Alajuela,Alajuela,886.77,850,1.0473852991314276
2023-06-01,3,Leche fluida corta duracion,Lacteos,0,Mililitros,Cartago,Cartago,Oriental,885.68,850,1.0330087308090516
2023-06-01,3,Leche fluida corta duracion,Lacteos,0,Mililitros,Heredia,Heredia,Heredia,882.65,850,1.0459594717098524
2023-06-01,3,Leche fluida corta duracion,Lacteos,0,Mililitros,Limon,Limon,Limon,840.03,850,0.9974833754192531
2023-06-01,4,Tomate,Vegetales,0,Kilogramo,San Jose,San Jose,Carmen,1496.08,1500,0.9971575782468369
2023-06-01,4,Tomate,Vegetales,0,Kilogramo,Alajuela,Alajuela,Alajuela,1502.51,1500,1.0059963854809912
2023-06-01,4,Tomate,Vegetales,0,Kilogramo,Cartago,Cartago,Oriental,1445.74,1500,0.9619902866452676
2023-06-01,4,Tomate,Vegetales,0,Kilogramo,Heredia,Heredia,Heredia,1431.75,1500,0.9526691615916106
2023-06-01,4,Tomate,Vegetales,0,Kilogramo,Limon,Limon,Limon,1478.77,1500,0.9798106553698858
2023-06-01,5,Aceite vegetal,Grasas,1,Mililitros,San Jose,San Jose,Carmen,1512.77,1450,1.0432736419371136
2023-06-01,5,Aceite vegetal,Grasas,1,Mililitros,Alajuela,Alajuela,Alajuela,1399.98,1450,0.9639337177582803
2023-06-01,5,Aceite vegetal,Grasas,1,Mililitros,Cartago,Cartago,Oriental,1410.08,1450,0.9791169222785426
2023-06-01,5,Aceite vegetal,Grasas,1,Mililitros,Heredia,Heredia,Heredia,1486.88,1450,1.0213642894190582
2023-06-01,5,Aceite vegetal,Grasas,1,Mililitros,Limon,Limon,Limon,1406.03,1450,0.9725130100864336
2023-07-01,1,Arroz grano entero 80%,Cereales,0,Kilogramo,San Jose,San Jose,Carmen,845.16,820,1.0295554704650256
2023-07-01,1,Arroz grano entero 80%,Cereales,0,Kilogramo,Alajuela,Alajuela,Alajuela,827.72,820,1.0209132351727925
2023-07-01,1,Arroz grano entero 80%,Cereales,0,Kilogramo,Cartago,Cartago,Oriental,867.64,820,1.0468450081491267
2023-07-01,1,Arroz grano entero 80%,Cereales,0,Kilogramo,Heredia,Heredia,Heredia,814.01,820,0.9849216289020706
2023-07-01,1,Arroz grano entero 80%,Cereales,0,Kilogramo,Limon,Limon,Limon,780.96,820,0.9559700361684158
2023-07-01,2,Frijoles negros primera calidad,Leguminosas,0,Gramos,San Jose,San Jose,Carmen,1389.97,1450,0.9538992514611067
2023-07-01,2,Frijoles negros primera calidad,Leguminosas,0,Gramos,Alajuela,Alajuela,Alajuela,1470.47,1450,1.0149819042233459
2023-07-01,2,Frijoles negros primera calidad,Leguminosas,0,Gramos,Cartago,Cartago,Oriental,1471.26,1450,1.0195898977574487
2023-07-01,2,Frijoles negros primera calidad,Leguminosas,0,Gramos,Heredia,Heredia,Heredia,1501.92,1450,1.0317742274815274
2023-07-01,2,Frijoles negros primera calidad,Leguminosas,0,Gramos,Limon,Limon,Limon,1411.9,1450,0.9707809460067385
2023-07-01,3,Leche fluida corta duracion,Lacteos,0,Mililitros,San Jose,San Jose,Carmen,819.38,850,0.9564565452392968
2023-07-01,3,Leche fluida corta duracion,Lacteos,0,Mililitros,Alajuela,Alajuela,Alajuela,856.83,850,1.0115324355442625
2023-07-01,3,Leche fluida corta duracion,Lacteos,0,Mililitros,Cartago,Cartago,Oriental,876.91,850,1.0410412569782503
2023-07-01,3,Leche fluida corta duracion,Lacteos,0,Mililitros,Heredia,Heredia,Heredia,878.39,850,1.0236433295306444
2023-07-01,3,Leche fluida corta duracion,Lacteos,0,Mililitros,Limon,Limon,Limon,868.06,850,1.028710695648943
2023-07-01,4,Tomate,Vegetales,0,Kilogramo,San Jose,San Jose,Carmen,1540.02,1500,1.027887967241327
2023-07-01,4,Tomate,Vegetales,0,Kilogramo,Alajuela,Alajuela,Alajuela,1464.83,1500,0.9715631859955357
2023-07-01,4,Tomate,Vegetales,0,Kilogramo,Cartago,Cartago,Oriental,1528.26,1500,1.0182794151841867
2023-07-01,4,Tomate,Vegetales,0,Kilogramo,Heredia,Heredia,Heredia,1546.5,1500,1.0282591835357018
2023-07-01,4,Tomate,Vegetales,0,Kilogramo,Limon,Limon,Limon,1508.6,1500,1.0085875613435051
2023-07-01,5,Aceite vegetal,Grasas,1,Mililitros,San Jose,San Jose,Carmen,1396.6,1450,0.9567766519721596
2023-07-01,5,Aceite vegetal,Grasas,1,Mililitros,Alajuela,Alajuela,Alajuela,1433.09,1450,0.993886621065526
2023-07-01,5,Aceite vegetal,Grasas,1,Mililitros,Cartago,Cartago,Oriental,1388.07,1450,0.9552380666870648
2023-07-01,5,Aceite vegetal,Grasas,1,Mililitros,Heredia,Heredia,Heredia,1468.87,1450,1.011452981373255
2023-07-01,5,Aceite vegetal,Grasas,1,Mililitros,Limon,Limon,Limon,1443.0,1450,0.997189561082555
2023-08-01,1,Arroz grano entero 80%,Cereales,0,Kilogramo,San Jose,San Jose,Carmen,849.55,820,1.0479536122250213
2023-08-01,1,Arroz grano entero 80%,Cereales,0,Kilogramo,Alajuela,Alajuela,Alajuela,794.19,820,0.9587202669757781
2023-08-01,1,Arroz grano entero 80%,Cereales,0,Kilogramo,Cartago,Cartago,Oriental,844.22,820,1.0243851374895847
2023-08-01,1,Arroz grano entero 80%,Cereales,0,Kilogramo,Heredia,Heredia,Heredia,806.07,820,0.9872050211490893
2023-08-01,1,Arroz grano entero 80%,Cereales,0,Kilogramo,Limon,Limon,Limon,853.47,820,1.0437112468270127
2023-08-01,2,Frijoles negros primera calidad,Leguminosas,0,Gramos,San Jose,San Jose,Carmen,1436.86,1450,0.9924344543598645
2023-08-01,2,Frijoles negros primera calidad,Leguminosas,0,Gramos,Alajuela,Alajuela,Alajuela,1434.5,1450,0.9951836244519325
2023-08-01,2,Frijoles negros primera calidad,Leguminosas,0,Gramos,Cartago,Cartago,Oriental,1410.34,1450,0.9745060913790905
2023-08-01,2,Frijoles negros primera calidad,Leguminosas,0,Gramos,Heredia,Heredia,Heredia,1397.22,1450,0.9589707899605158
2023-08-01,2,Frijoles negros primera calidad,Leguminosas,0,Gramos,Limon,Limon,Limon,1437.04,1450,0.9921527767766408
2023-08-01,3,Leche fluida corta duracion,Lacteos,0,Mililitros,San Jose,San Jose,Carmen,820.66,850,0.9568532779801908
2023-08-01,3,Leche fluida corta duracion,Lacteos,0,Mililitros,Alajuela,Alajuela,Alajuela,883.44,850,1.046229644349584
2023-08-01,3,Leche fluida corta duracion,Lacteos,0,Mililitros,Cartago,Cartago,Oriental,846.67,850,1.0063535222397542
2023-08-01,3,Leche fluida corta duracion,Lacteos,0,Mililitros,Heredia,Heredia,Heredia,823.89,850,0.9607415375691792
2023-08-01,3,Leche fluida corta duracion,Lacteos,0,Mililitros,Limon,Limon,Limon,843.99,850,0.9957745997597564
2023-08-01,4,Tomate,Vegetales,0,Kilogramo,San Jose,San Jose,Carmen,1418.31,1500,0.951736361660336
2023-08-01,4,Tomate,Vegetales,0,Kilogramo,Alajuela,Alajuela,Alajuela,1544.61,1500,1.0283420483927892
2023-08-01,4,Tomate,Vegetales,0,Kilogramo,Cartago,Cartago,Oriental,1426.85,1500,0.9551029855365015
2023-08-01,4,Tomate,Vegetales,0,Kilogramo,Heredia,Heredia,Heredia,1509.53,1500,1.0035030068493747
2023-08-01,4,Tomate,Vegetales,0,Kilogramo,Limon,Limon,Limon,1553.25,1500,1.0329129441539233
2023-08-01,5,Aceite vegetal,Grasas,1,Mililitros,San Jose,San Jose,Carmen,1486.64,1450,1.0222471446173125
2023-08-01,5,Aceite vegetal,Grasas,1,Mililitros,Alajuela,Alajuela,Alajuela,1513.28,1450,1.0435635388921078
2023-08-01,5,Aceite vegetal,Grasas,1,Mililitros,Cartago,Cartago,Oriental,1474.96,1450,1.0207364456921562
2023-08-01,5,Aceite vegetal,Grasas,1,Mililitros,Heredia,Heredia,Heredia,1409.56,1450,0.9785048650308119
2023-08-01,5,Aceite vegetal,Grasas,1,Mililitros,Limon,Limon,Limon,1466.27,1450,1.0111366560335164
2023-09-01,1,Arroz grano entero 80%,Cereales,0,Kilogramo,San Jose,San Jose,Carmen,824.09,820,1.0167126241498474
2023-09-01,1,Arroz grano entero 80%,Cereales,0,Kilogramo,Alajuela,Alajuela,Alajuela,822.62,820,0.997149324510147
2023-09-01,1,Arroz grano entero 80%,Cereales,0,Kilogramo,Cartago,Cartago,Oriental,815.88,820,0.9917064507601691
2023-09-01,1,Arroz grano entero 80%,Cereales,0,Kilogramo,Heredia,Heredia,Heredia,776.98,820,0.9592625369133121
2023-09-01,1,Arroz grano entero 80%,Cereales,0,Kilogramo,Limon,Limon,Limon,840.05,820,1.0259679327731848
2023-09-01,2,Frijoles negros primera calidad,Leguminosas,0,Gramos,San Jose,San Jose,Carmen,1392.21,1450,0.9608254573599503
2023-09-01,2,Frijoles negros primera calidad,Leguminosas,0,Gramos,Alajuela,Alajuela,Alajuela,1421.74,1450,0.9847336028295566
2023-09-01,2,Frijoles negros primera calidad,Leguminosas,0,Gramos,Cartago,Cartago,Oriental,1372.64,1450,0.9521471408766541
2023-09-01,2,Frijoles negros primera calidad,Leguminosas,0,Gramos,Heredia,Heredia,Heredia,1501.61,1450,1.0376389487966673
2023-09-01,2,Frijoles negros primera calidad,Leguminosas,0,Gramos,Limon,Limon,Limon,1436.91,1450,0.997163876199535
2023-09-01,3,Leche fluida corta duracion,Lacteos,0,Mililitros,San Jose,San Jose,Carmen,869.0,850,1.0289902249587828
2023-09-01,3,Leche fluida corta duracion,Lacteos,0,Mililitros,Alajuela,Alajuela,Alajuela,838.12,850,0.9812902029053711
2023-09-01,3,Leche fluida corta duracion,Lacteos,0,Mililitros,Cartago,Cartago,Oriental,887.38,850,1.04755505815719
2023-09-01,3,Leche fluida corta duracion,Lacteos,0,Mililitros,Heredia,Heredia,Heredia,859.53,850,1.0172179389409903
2023-09-01,3,Leche fluida corta duracion,Lacteos,0,Mililitros,Limon,Limon,Limon,887.61,850,1.0338649762050252
2023-09-01,4,Tomate,Vegetales,0,Kilogramo,San Jose,San Jose,Carmen,1501.38,1500,1.0001232199955572
2023-09-01,4,Tomate,Vegetales,0,Kilogramo,Alajuela,Alajuela,Alajuela,1473.63,1500,0.9840337180658081
2023-09-01,4,Tomate,Vegetales,0,Kilogramo,Cartago,Cartago,Oriental,1573.17,1500,1.0485299423239445
2023-09-01,4,Tomate,Vegetales,0,Kilogramo,Heredia,Heredia,Heredia,1525.76,1500,1.0134030322639958
2023-09-01,4,Tomate,Vegetales,0,Kilogramo,Limon,Limon,Limon,1520.66,1500,1.007691467743738
2023-09-01,5,Aceite vegetal,Grasas,1,Mililitros,San Jose,San Jose,Carmen,1390.45,1450,0.9589290897308214
2023-09-01,5,Aceite vegetal,Grasas,1,Mililitros,Alajuela,Alajuela,Alajuela,1438.9,1450,0.994323602488418
2023-09-01,5,Aceite vegetal,Grasas,1,Mililitros,Cartago,Cartago,Oriental,1438.01,1450,0.9858799919571748
2023-09-01,5,Aceite vegetal,Grasas,1,Mililitros,Heredia,Heredia,Heredia,1501.43,1450,1.028653913991445
2023-09-01,5,Aceite vegetal,Grasas,1,Mililitros,Limon,Limon,Limon,1417.11,1450,0.9776693023573714
2023-10-01,1,Arroz grano entero 80%,Cereales,0,Kilogramo,San Jose,San Jose,Carmen,805.1,820,0.9705936440716785
2023-10-01,1,Arroz grano entero 80%,Cereales,0,Kilogramo,Alajuela,Alajuela,Alajuela,819.61,820,0.9904001485092714
2023-10-01,1,Arroz grano entero 80%,Cereales,0,Kilogramo,Cartago,Cartago,Oriental,831.7,820,1.0214086777814866
2023-10-01,1,Arroz grano entero 80%,Cereales,0,Kilogramo,Heredia,Heredia,Heredia,807.85,820,0.9971063530567452
2023-10-01,1,Arroz grano entero 80%,Cereales,0,Kilogramo,Limon,Limon,Limon,799.07,820,0.9633087008230691
2023-10-01,2,Frijoles negros primera calidad,Leguminosas,0,Gramos,San Jose,San Jose,Carmen,1481.77,1450,1.019749088602724
2023-10-01,2,Frijoles negros primera calidad,Leguminosas,0,Gramos,Alajuela,Alajuela,Alajuela,1494.7,1450,1.0307142933926317
2023-10-01,2,Frijoles negros primera calidad,Leguminosas,0,Gramos,Cartago,Cartago,Oriental,1438.65,1450,0.9857743352468934
2023-10-01,2,Frijoles negros primera calidad,Leguminosas,0,Gramos,Heredia,Heredia,Heredia,1403.07,1450,0.9618316967502283
2023-10-01,2,Frijoles negros primera calidad,Leguminosas,0,Gramos,Limon,Limon,Limon,1445.83,1450,0.9956322926862023
2023-10-01,3,Leche fluida corta duracion,Lacteos,0,Mililitros,San Jose,San Jose,Carmen,851.58,850,0.9938133161491254
2023-10-01,3,Leche fluida corta duracion,Lacteos,0,Mililitros,Alajuela,Alajuela,Alajuela,857.82,850,0.9986258296561807
2023-10-01,3,Leche fluida corta duracion,Lacteos,0,Mililitros,Cartago,Cartago,Oriental,891.35,850,1.0482903740348337
2023-10-01,3,Leche fluida corta duracion,Lacteos,0,Mililitros,Heredia,Heredia,Heredia,887.85,850,1.0357813791489474
2023-10-01,3,Leche fluida corta duracion,Lacteos,0,Mililitros,Limon,Limon,Limon,843.57,850,0.9995290981197953
2023-10-01,4,Tomate,Vegetales,0,Kilogramo,San Jose,San Jose,Carmen,1489.03,1500,0.9973685402029758
2023-10-01,4,Tomate,Vegetales,0,Kilogramo,Alajuela,Alajuela,Alajuela,1557.19,1500,1.036122118738944
2023-10-01,4,Tomate,Vegetales,0,Kilogramo,Cartago,Cartago,Oriental,1435.36,1500,0.9525257176869845
2023-10-01,4,Tomate,Vegetales,0,Kilogramo,Heredia,Heredia,Heredia,1483.61,1500,0.9874524134504359
2023-10-01,4,Tomate,Vegetales,0,Kilogramo,Limon,Limon,Limon,1544.75,1500,1.026752621598533
2023-10-01,5,Aceite vegetal,Grasas,1,Mililitros,San Jose,San Jose,Carmen,1465.99,1450,1.0164841812008811
2023-10-01,5,Aceite vegetal,Grasas,1,Mililitros,Alajuela,Alajuela,Alajuela,1482.12,1450,1.0222714050786423
2023-10-01,5,Aceite vegetal,Grasas,1,Mililitros,Cartago,Cartago,Oriental,1502.08,1450,1.042797346879336
2023-10-01,5,Aceite vegetal,Grasas,1,Mililitros,Heredia,Heredia,Heredia,1444.62,1450,0.9972817483245948
2023-10-01,5,Aceite vegetal,Grasas,1,Mililitros,Limon,Limon,Limon,1470.39,1450,1.0113570477647924
2023-11-01,1,Arroz grano entero 80%,Cereales,0,Kilogramo,San Jose,San Jose,Carmen,847.7,820,1.0281053775904005
2023-11-01,1,Arroz grano entero 80%,Cereales,0,Kilogramo,Alajuela,Alajuela,Alajuela,812.13,820,0.9950554538279857
2023-11-01,1,Arroz grano entero 80%,Cereales,0,Kilogramo,Cartago,Cartago,Oriental,789.63,820,0.9611662809756065
2023-11-01,1,Arroz grano entero 80%,Cereales,0,Kilogramo,Heredia,Heredia,Heredia,852.92,820,1.0415015420191769
2023-11-01,1,Arroz grano entero 80%,Cereales,0,Kilogramo,Limon,Limon,Limon,849.7,820,1.0267344407764165
2023-11-01,2,Frijoles negros primera calidad,Leguminosas,0,Gramos,San Jose,San Jose,Carmen,1495.95,1450,1.0315280728375151
2023-11-01,2,Frijoles negros primera calidad,Leguminosas,0,Gramos,Alajuela,Alajuela,Alajuela,1379.27,1450,0.9529739461456209
2023-11-01,2,Frijoles negros primera calidad,Leguminosas,0,Gramos,Cartago,Cartago,Oriental,1476.85,1450,1.021024354034383
2023-11-01,2,Frijoles negros primera calidad,Leguminosas,0,Gramos,Heredia,Heredia,Heredia,1479.15,1450,1.018044504034204
2023-11-01,2,Frijoles negros primera calidad,Leguminosas,0,Gramos,Limon,Limon,Limon,1420.76,1450,0.9816226664774583
2023-11-01,3,Leche fluida corta duracion,Lacteos,0,Mililitros,San Jose,San Jose,Carmen,887.49,850,1.0342344186038215
2023-11-01,3,Leche fluida corta duracion,Lacteos,0,Mililitros,Alajuela,Alajuela,Alajuela,859.11,850,1.0009874671447458
2023-11-01,3,Leche fluida corta duracion,Lacteos,0,Mililitros,Cartago,Cartago,Oriental,815.13,850,0.956799408092789
2023-11-01,3,Leche fluida corta duracion,Lacteos,0,Mililitros,Heredia,Heredia,Heredia,881.23,850,1.0319364254193397
2023-11-01,3,Leche fluida corta duracion,Lacteos,0,Mililitros,Limon,Limon,Limon,811.8,850,0.9530989099039873
2023-11-01,4,Tomate,Vegetales,0,Kilogramo,San Jose,San Jose,Carmen,1551.26,1500,1.029350588153187
2023-11-01,4,Tomate,Vegetales,0,Kilogramo,Alajuela,Alajuela,Alajuela,1524.0,1500,1.0223557912926937
2023-11-01,4,Tomate,Vegetales,0,Kilogramo,Cartago,Cartago,Oriental,1530.97,1500,1.0195466513406457
2023-11-01,4,Tomate,Vegetales,0,Kilogramo,Heredia,Heredia,Heredia,1524.44,1500,1.0193760612440956
2023-11-01,4,Tomate,Vegetales,0,Kilogramo,Limon,Limon,Limon,1511.32,1500,1.0089439773294049
2023-11-01,5,Aceite vegetal,Grasas,1,Mililitros,San Jose,San Jose,Carmen,1500.95,1450,1.036434118895957
2023-11-01,5,Aceite vegetal,Grasas,1,Mililitros,Alajuela,Alajuela,Alajuela,1434.6,1450,0.9931279191666783
2023-11-01,5,Aceite vegetal,Grasas,1,Mililitros,Cartago,Cartago,Oriental,1424.86,1450,0.9845690550740119
2023-11-01,5,Aceite vegetal,Grasas,1,Mililitros,Heredia,Heredia,Heredia,1407.97,1450,0.9710561662285118
2023-11-01,5,Aceite vegetal,Grasas,1,Mililitros,Limon,Limon,Limon,1484.49,1450,1.0206107017978978
2023-12-01,1,Arroz grano entero 80%,Cereales,0,Kilogramo,San Jose,San Jose,Carmen,800.12,820,0.9702111574676715
2023-12-01,1,Arroz grano entero 80%,Cereales,0,Kilogramo,Alajuela,Alajuela,Alajuela,785.43,820,0.9590610806622628
2023-12-01,1,Arroz grano entero 80%,Cereales,0,Kilogramo,Cartago,Cartago,Oriental,837.66,820,1.0109660760873278
2023-12-01,1,Arroz grano entero 80%,Cereales,0,Kilogramo,Heredia,Heredia,Heredia,811.96,820,0.9919495646689279
2023-12-01,1,Arroz grano entero 80%,Cereales,0,Kilogramo,Limon,Limon,Limon,821.54,820,1.0094363957333636
2023-12-01,2,Frijoles negros primera calidad,Leguminosas,0,Gramos,San Jose,San Jose,Carmen,1439.07,1450,0.9897877487811239
2023-12-01,2,Frijoles negros primera calidad,Leguminosas,0,Gramos,Alajuela,Alajuela,Alajuela,1467.7,1450,1.0151427115035512
2023-12-01,2,Frijoles negros primera calidad,Leguminosas,0,Gramos,Cartago,Cartago,Oriental,1472.11,1450,1.0119789104982368
2023-12-01,2,Frijoles negros primera calidad,Leguminosas,0,Gramos,Heredia,Heredia,Heredia,1506.3,1450,1.032301793103885
2023-12-01,2,Frijoles negros primera calidad,Leguminosas,0,Gramos,Limon,Limon,Limon,1462.42,1450,1.0132495288255892
2023-12-01,3,Leche fluida corta duracion,Lacteos,0,Mililitros,San Jose,San Jose,Carmen,804.55,850,0.9535584702082862
2023-12-01,3,Leche fluida corta duracion,Lacteos,0,Mililitros,Alajuela,Alajuela,Alajuela,885.44,850,1.0405845963684934
2023-12-01,3,Leche fluida corta duracion,Lacteos,0,Mililitros,Cartago,Cartago,Oriental,824.28,850,0.9714661540001762
2023-12-01,3,Leche fluida corta duracion,Lacteos,0,Mililitros,Heredia,Heredia,Heredia,856.78,850,1.0136776346975358
2023-12-01,3,Leche fluida corta duracion,Lacteos,0,Mililitros,Limon,Limon,Limon,852.14,850,1.0009008185689359
2023-12-01,4,Tomate,Vegetales,0,Kilogramo,San Jose,San Jose,Carmen,1499.94,1500,0.9948606634402254
2023-12-01,4,Tomate,Vegetales,0,Kilogramo,Alajuela,Alajuela,Alajuela,1562.8,1500,1.0399470696392485
2023-12-01,4,Tomate,Vegetales,0,Kilogramo,Cartago,Cartago,Oriental,1434.03,1500,0.9526928267900926
2023-12-01,4,Tomate,Vegetales,0,Kilogramo,Heredia,Heredia,Heredia,1525.82,1500,1.0125563453843303
2023-12-01,4,Tomate,Vegetales,0,Kilogramo,Limon,Limon,Limon,1544.14,1500,1.0300979319932355
2023-12-01,5,Aceite vegetal,Grasas,1,Mililitros,San Jose,San Jose,Carmen,1445.38,1450,0.9996486131307356
2023-12-01,5,Aceite vegetal,Grasas,1,Mililitros,Alajuela,Alajuela,Alajuela,1453.05,1450,1.0042504647910424
2023-12-01,5,Aceite vegetal,Grasas,1,Mililitros,Cartago,Cartago,Oriental,1508.86,1450,1.0354490661347735
2023-12-01,5,Aceite vegetal,Grasas,1,Mililitros,Heredia,Heredia,Heredia,1452.99,1450,0.9978032748804433
2023-12-01,5,Aceite vegetal,Grasas,1,Mililitros,Limon,Limon,Limon,1392.81,1450,0.956887801146068
2024-01-01,1,Arroz grano entero 80%,Cereales,0,Kilogramo,San Jose,San Jose,Carmen,806.66,820,0.980858716274085
2024-01-01,1,Arroz grano entero 80%,Cereales,0,Kilogramo,Alajuela,Alajuela,Alajuela,857.17,820,1.0355710418143418
2024-01-01,1,Arroz grano entero 80%,Cereales,0,Kilogramo,Cartago,Cartago,Oriental,799.96,820,0.9644244568645557
2024-01-01,1,Arroz grano entero 80%,Cereales,0,Kilogramo,Heredia,Heredia,Heredia,809.98,820,0.9808612252735777
2024-01-01,1,Arroz grano entero 80%,Cereales,0,Kilogramo,Limon,Limon,Limon,807.87,820,0.9930736088813912
2024-01-01,2,Frijoles negros primera calidad,Leguminosas,0,Gramos,San Jose,San Jose,Carmen,1460.44,1450,1.0138847599719316
2024-01-01,2,Frijoles negros primera calidad,Leguminosas,0,Gramos,Alajuela,Alajuela,Alajuela,1466.94,1450,1.016413450090051
2024-01-01,2,Frijoles negros primera calidad,Leguminosas,0,Gramos,Cartago,Cartago,Oriental,1399.09,1450,0.9627596735585865
2024-01-01,2,Frijoles negros primera calidad,Leguminosas,0,Gramos,Heredia,Heredia,Heredia,1464.84,1450,1.0102917589959908
2024-01-01,2,Frijoles negros primera calidad,Leguminosas,0,Gramos,Limon,Limon,Limon,1471.16,1450,1.0186325305180945
2024-01-01,3,Leche fluida corta duracion,Lacteos,0,Mililitros,San Jose,San Jose,Carmen,891.37,850,1.0408968138291756
2024-01-01,3,Leche fluida corta duracion,Lacteos,0,Mililitros,Alajuela,Alajuela,Alajuela,869.58,850,1.0127772297187727
2024-01-01,3,Leche fluida corta duracion,Lacteos,0,Mililitros,Cartago,Cartago,Oriental,821.02,850,0.9605587357836394
2024-01-01,3,Leche fluida corta duracion,Lacteos,0,Mililitros,Heredia,Heredia,Heredia,848.6,850,1.0057391975403296
2024-01-01,3,Leche fluida corta duracion,Lacteos,0,Mililitros,Limon,Limon,Limon,815.58,850,0.9711776294862109
2024-01-01,4,Tomate,Vegetales,0,Kilogramo,San Jose,San Jose,Carmen,1532.43,1500,1.0165787855042046
2024-01-01,4,Tomate,Vegetales,0,Kilogramo,Alajuela,Alajuela,Alajuela,1569.45,1500,1.0403184660389413
2024-01-01,4,Tomate,Vegetales,0,Kilogramo,Cartago,Cartago,Oriental,1531.45,1500,1.0162734204116586
2024-01-01,4,Tomate,Vegetales,0,Kilogramo,Heredia,Heredia,Heredia,1430.98,1500,0.9600356577935373
2024-01-01,4,Tomate,Vegetales,0,Kilogramo,Limon,Limon,Limon,1464.02,1500,0.9786797451783756
2024-01-01,5,Aceite vegetal,Grasas,1,Mililitros,San Jose,San Jose,Carmen,1413.18,1450,0.970816048316022
2024-01-01,5,Aceite vegetal,Grasas,1,Mililitros,Alajuela,Alajuela,Alajuela,1411.26,1450,0.9789037341836861
2024-01-01,5,Aceite vegetal,Grasas,1,Mililitros,Cartago,Cartago,Oriental,1407.11,1450,0.9649007944148089
2024-01-01,5,Aceite vegetal,Grasas,1,Mililitros,Heredia,Heredia,Heredia,1384.78,1450,0.9609639786092036
2024-01-01,5,Aceite vegetal,Grasas,1,Mililitros,Limon,Limon,Limon,1466.03,1450,1.0086732381912975
2024-02-01,1,Arroz grano entero 80%,Cereales,0,Kilogramo,San Jose,San Jose,Carmen,828.83,820,1.0127996676268065
2024-02-01,1,Arroz grano entero 80%,Cereales,0,Kilogramo,Alajuela,Alajuela,Alajuela,837.29,820,1.0146453725128803
2024-02-01,1,Arroz grano entero 80%,Cereales,0,Kilogramo,Cartago,Cartago,Oriental,829.45,820,1.0160172236871563
2024-02-01,1,Arroz grano entero 80%,Cereales,0,Kilogramo,Heredia,Heredia,Heredia,862.82,820,1.047762059794825
2024-02-01,1,Arroz grano entero 80%,Cereales,0,Kilogramo,Limon,Limon,Limon,781.61,820,0.9580517341453105
2024-02-01,2,Frijoles negros primera calidad,Leguminosas,0,Gramos,San Jose,San Jose,Carmen,1414.69,1450,0.9705256730974053
2024-02-01,2,Frijoles negros primera calidad,Leguminosas,0,Gramos,Alajuela,Alajuela,Alajuela,1436.54,1450,0.9843758942218981
2024-02-01,2,Frijoles negros primera calidad,Leguminosas,0,Gramos,Cartago,Cartago,Oriental,1386.12,1450,0.9561811314819046
2024-02-01,2,Frijoles negros primera calidad,Leguminosas,0,Gramos,Heredia,Heredia,Heredia,1436.43,1450,0.9871947110446591
2024-02-01,2,Frijoles negros primera calidad,Leguminosas,0,Gramos,Limon,Limon,Limon,1487.47,1450,1.026418345496587
2024-02-01,3,Leche fluida corta duracion,Lacteos,0,Mililitros,San Jose,San Jose,Carmen,838.32,850,0.991921943363282
2024-02-01,3,Leche fluida corta duracion,Lacteos,0,Mililitros,Alajuela,Alajuela,Alajuela,860.34,850,1.0089326960443792
2024-02-01,3,Leche fluida corta duracion,Lacteos,0,Mililitros,Cartago,Cartago,Oriental,839.93,850,0.9879502003433136
2024-02-01,3,Leche fluida corta duracion,Lacteos,0,Mililitros,Heredia,Heredia,Heredia,861.58,850,1.0074858903137667
2024-02-01,3,Leche fluida corta duracion,Lacteos,0,Mililitros,Limon,Limon,Limon,860.23,850,1.0188937060088075
2024-02-01,4,Tomate,Vegetales,0,Kilogramo,San Jose,San Jose,Carmen,1554.47,1500,1.0304072039985812
2024-02-01,4,Tomate,Vegetales,0,Kilogramo,Alajuela,Alajuela,Alajuela,1567.14,1500,1.0466225259947974
2024-02-01,4,Tomate,Vegetales,0,Kilogramo,Cartago,Cartago,Oriental,1509.63,1500,1.008165039308354
2024-02-01,4,Tomate,Vegetales,0,Kilogramo,Heredia,Heredia,Heredia,1441.74,1500,0.9676738799539608
2024-02-01,4,Tomate,Vegetales,0,Kilogramo,Limon,Limon,Limon,1552.52,1500,1.031185209598067
2024-02-01,5,Aceite vegetal,Grasas,1,Mililitros,San Jose,San Jose,Carmen,1446.06,1450,0.9951245191188732
2024-02-01,5,Aceite vegetal,Grasas,1,Mililitros,Alajuela,Alajuela,Alajuela,1515.12,1450,1.0390553804356089
2024-02-01,5,Aceite vegetal,Grasas,1,Mililitros,Cartago,Cartago,Oriental,1446.88,1450,0.9968212851880803
2024-02-01,5,Aceite vegetal,Grasas,1,Mililitros,Heredia,Heredia,Heredia,1476.99,1450,1.0154067016239
2024-02-01,5,Aceite vegetal,Grasas,1,Mililitros,Limon,Limon,Limon,1490.01,1450,1.030794797167657
2024-03-01,1,Arroz grano entero 80%,Cereales,0,Kilogramo,San Jose,San Jose,Carmen,788.48,820,0.9692706257735294
2024-03-01,1,Arroz grano entero 80%,Cereales,0,Kilogramo,Alajuela,Alajuela,Alajuela,841.58,820,1.0207682234825683
2024-03-01,1,Arroz grano entero 80%,Cereales,0,Kilogramo,Cartago,Cartago,Oriental,816.06,820,0.9857334254001274
2024-03-01,1,Arroz grano entero 80%,Cereales,0,Kilogramo,Heredia,Heredia,Heredia,818.51,820,0.9929192800103452
2024-03-01,1,Arroz grano entero 80%,Cereales,0,Kilogramo,Limon,Limon,Limon,853.4,820,1.032648135708704
2024-03-01,2,Frijoles negros primera calidad,Leguminosas,0,Gramos,San Jose,San Jose,Carmen,1378.82,1450,0.9576138624801809
2024-03-01,2,Frijoles negros primera calidad,Leguminosas,0,Gramos,Alajuela,Alajuela,Alajuela,1427.59,1450,0.9907147467413726
2024-03-01,2,Frijoles negros primera calidad,Leguminosas,0,Gramos,Cartago,Cartago,Oriental,1443.35,1450,0.990295664322143
2024-03-01,2,Frijoles negros primera calidad,Leguminosas,0,Gramos,Heredia,Heredia,Heredia,1402.96,1450,0.9638827520135151
2024-03-01,2,Frijoles negros primera calidad,Leguminosas,0,Gramos,Limon,Limon,Limon,1482.37,1450,1.0188916793965868
2024-03-01,3,Leche fluida corta duracion,Lacteos,0,Mililitros,San Jose,San Jose,Carmen,849.01,850,1.008028374754186
2024-03-01,3,Leche fluida corta duracion,Lacteos,0,Mililitros,Alajuela,Alajuela,Alajuela,894.42,850,1.0496026368254951
2024-03-01,3,Leche fluida corta duracion,Lacteos,0,Mililitros,Cartago,Cartago,Oriental,874.18,850,1.0313205945373052
2024-03-01,3,Leche fluida corta duracion,Lacteos,0,Mililitros,Heredia,Heredia,Heredia,813.23,850,0.9572777272570044
2024-03-01,3,Leche fluida corta duracion,Lacteos,0,Mililitros,Limon,Limon,Limon,854.46,850,1.004742173014898
2024-03-01,4,Tomate,Vegetales,0,Kilogramo,San Jose,San Jose,Carmen,1564.91,1500,1.037006981374981
2024-03-01,4,Tomate,Vegetales,0,Kilogramo,Alajuela,Alajuela,Alajuela,1550.93,1500,1.0348421688979552
2024-03-01,4,Tomate,Vegetales,0,Kilogramo,Cartago,Cartago,Oriental,1447.38,1500,0.9637588906258483
2024-03-01,4,Tomate,Vegetales,0,Kilogramo,Heredia,Heredia,Heredia,1498.38,1500,0.9924104833212068
2024-03-01,4,Tomate,Vegetales,0,Kilogramo,Limon,Limon,Limon,1527.87,1500,1.023449991024291
2024-03-01,5,Aceite vegetal,Grasas,1,Mililitros,San Jose,San Jose,Carmen,1476.76,1450,1.0168566627266278
2024-03-01,5,Aceite vegetal,Grasas,1,Mililitros,Alajuela,Alajuela,Alajuela,1408.24,1450,0.9717530792578429
2024-03-01,5,Aceite vegetal,Grasas,1,Mililitros,Cartago,Cartago,Oriental,1396.62,1450,0.9699975504515082
2024-03-01,5,Aceite vegetal,Grasas,1,Mililitros,Heredia,Heredia,Heredia,1525.33,1450,1.0479019460557464
2024-03-01,5,Aceite vegetal,Grasas,1,Mililitros,Limon,Limon,Limon,1402.87,1450,0.9729223408541081
2024-04-01,1,Arroz grano entero 80%,Cereales,0,Kilogramo,San Jose,San Jose,Carmen,847.43,820,1.0420567577147797
2024-04-01,1,Arroz grano entero 80%,Cereales,0,Kilogramo,Alajuela,Alajuela,Alajuela,824.52,820,0.9953471110674454
2024-04-01,1,Arroz grano entero 80%,Cereales,0,Kilogramo,Cartago,Cartago,Oriental,795.4,820,0.9634447123826383
2024-04-01,1,Arroz grano entero 80%,Cereales,0,Kilogramo,Heredia,Heredia,Heredia,798.27,820,0.9718595317246265
2024-04-01,1,Arroz grano entero 80%,Cereales,0,Kilogramo,Limon,Limon,Limon,776.35,820,0.9537597277897513
2024-04-01,2,Frijoles negros primera calidad,Leguminosas,0,Gramos,San Jose,San Jose,Carmen,1402.82,1450,0.9669462471057899
2024-04-01,2,Frijoles negros primera calidad,Leguminosas,0,Gramos,Alajuela,Alajuela,Alajuela,1529.32,1450,1.0498016691674967
2024-04-01,2,Frijoles negros primera calidad,Leguminosas,0,Gramos,Cartago,Cartago,Oriental,1449.81,1450,1.0053617113029396
2024-04-01,2,Frijoles negros primera calidad,Leguminosas,0,Gramos,Heredia,Heredia,Heredia,1434.88,1450,0.9844838078294674
2024-04-01,2,Frijoles negros primera calidad,Leguminosas,0,Gramos,Limon,Limon,Limon,1414.15,1450,0.9694612979253752
2024-04-01,3,Leche fluida corta duracion,Lacteos,0,Mililitros,San Jose,San Jose,Carmen,874.26,850,1.0267643558575494
2024-04-01,3,Leche fluida corta duracion,Lacteos,0,Mililitros,Alajuela,Alajuela,Alajuela,831.83,850,0.9789480452924018
2024-04-01,3,Leche fluida corta duracion,Lacteos,0,Mililitros,Cartago,Cartago,Oriental,885.87,850,1.033701526330327
2024-04-01,3,Leche fluida corta duracion,Lacteos,0,Mililitros,Heredia,Heredia,Heredia,827.6,850,0.9671571130514095
2024-04-01,3,Leche fluida corta duracion,Lacteos,0,Mililitros,Limon,Limon,Limon,817.46,850,0.9679399038653513
2024-04-01,4,Tomate,Vegetales,0,Kilogramo,San Jose,San Jose,Carmen,1564.58,1500,1.0376684975397612
2024-04-01,4,Tomate,Vegetales,0,Kilogramo,Alajuela,Alajuela,Alajuela,1573.0,1500,1.048056327938703
2024-04-01,4,Tomate,Vegetales,0,Kilogramo,Cartago,Cartago,Oriental,1456.56,1500,0.9743254773113474
2024-04-01,4,Tomate,Vegetales,0,Kilogramo,Heredia,Heredia,Heredia,1432.8,1500,0.9573986020411713
2024-04-01,4,Tomate,Vegetales,0,Kilogramo,Limon,Limon,Limon,1560.09,1500,1.045269820416363
2024-04-01,5,Aceite vegetal,Grasas,1,Mililitros,San Jose,San Jose,Carmen,1411.97,1450,0.9675424570988167
2024-04-01,5,Aceite vegetal,Grasas,1,Mililitros,Alajuela,Alajuela,Alajuela,1498.33,1450,1.0341000279378383
2024-04-01,5,Aceite vegetal,Grasas,1,Mililitros,Cartago,Cartago,Oriental,1439.52,1450,0.9978957738715672
2024-04-01,5,Aceite vegetal,Grasas,1,Mililitros,Heredia,Heredia,Heredia,1398.85,1450,0.9703107605964285
2024-04-01,5,Aceite vegetal,Grasas,1,Mililitros,Limon,Limon,Limon,1462.75,1450,1.0067057770311352
2024-05-01,1,Arroz grano entero 80%,Cereales,0,Kilogramo,San Jose,San Jose,Carmen,828.19,820,1.010929197190225
2024-05-01,1,Arroz grano entero 80%,Cereales,0,Kilogramo,Alajuela,Alajuela,Alajuela,780.25,820,0.9521968793113905
2024-05-01,1,Arroz grano entero 80%,Cereales,0,Kilogramo,Cartago,Cartago,Oriental,819.34,820,1.0098148820988029
2024-05-01,1,Arroz grano entero 80%,Cereales,0,Kilogramo,Heredia,Heredia,Heredia,797.87,820,0.9785788071739772
2024-05-01,1,Arroz grano entero 80%,Cereales,0,Kilogramo,Limon,Limon,Limon,785.25,820,0.9589685953301771
2024-05-01,2,Frijoles negros primera calidad,Leguminosas,0,Gramos,San Jose,San Jose,Carmen,1441.18,1450,0.9946494944037724
2024-05-01,2,Frijoles negros primera calidad,Leguminosas,0,Gramos,Alajuela,Alajuela,Alajuela,1467.83,1450,1.01112053418748
2024-05-01,2,Frijoles negros primera calidad,Leguminosas,0,Gramos,Cartago,Cartago,Oriental,1451.4,1450,0.9963515551810528
2024-05-01,2,Frijoles negros primera calidad,Leguminosas,0,Gramos,Heredia,Heredia,Heredia,1385.46,1450,0.955096044040983
2024-05-01,2,Frijoles negros primera calidad,Leguminosas,0,Gramos,Limon,Limon,Limon,1440.7,1450,0.9950319093436458
2024-05-01,3,Leche fluida corta duracion,Lacteos,0,Mililitros,San Jose,San Jose,Carmen,875.04,850,1.0376762300247255
2024-05-01,3,Leche fluida corta duracion,Lacteos,0,Mililitros,Alajuela,Alajuela,Alajuela,872.13,850,1.0202476411235908
2024-05-01,3,Leche fluida corta duracion,Lacteos,0,Mililitros,Cartago,Cartago,Oriental,871.02,850,1.0199668714976813
2024-05-01,3,Leche fluida corta duracion,Lacteos,0,Mililitros,Heredia,Heredia,Heredia,855.99,850,1.0070863297548784
2024-05-01,3,Leche fluida corta duracion,Lacteos,0,Mililitros,Limon,Limon,Limon,827.9,850,0.9770509953053595
2024-05-01,4,Tomate,Vegetales,0,Kilogramo,San Jose,San Jose,Carmen,1512.15,1500,1.0118382715446805
2024-05-01,4,Tomate,Vegetales,0,Kilogramo,Alajuela,Alajuela,Alajuela,1431.54,1500,0.9598096189687501
2024-05-01,4,Tomate,Vegetales,0,Kilogramo,Cartago,Cartago,Oriental,1504.74,1500,0.9988206691198245
2024-05-01,4,Tomate,Vegetales,0,Kilogramo,Heredia,Heredia,Heredia,1416.75,1500,0.9500905043136818
2024-05-01,4,Tomate,Vegetales,0,Kilogramo,Limon,Limon,Limon,1458.26,1500,0.9693387599873354
2024-05-01,5,Aceite vegetal,Grasas,1,Mililitros,San Jose,San Jose,Carmen,1387.31,1450,0.9619377847756321
2024-05-01,5,Aceite vegetal,Grasas,1,Mililitros,Alajuela,Alajuela,Alajuela,1399.07,1450,0.9623260843887649
2024-05-01,5,Aceite vegetal,Grasas,1,Mililitros,Cartago,Cartago,Oriental,1468.65,1450,1.015368389033325
2024-05-01,5,Aceite vegetal,Grasas,1,Mililitros,Heredia,Heredia,Heredia,1463.49,1450,1.0108086909320333
2024-05-01,5,Aceite vegetal,Grasas,1,Mililitros,Limon,Limon,Limon,1385.39,1450,0.9520452918117882
2024-06-01,1,Arroz grano entero 80%,Cereales,0,Kilogramo,San Jose,San Jose,Carmen,843.87,820,1.0394350580412766
2024-06-01,1,Arroz grano entero 80%,Cereales,0,Kilogramo,Alajuela,Alajuela,Alajuela,790.89,820,0.9644159366574546
2024-06-01,1,Arroz grano entero 80%,Cereales,0,Kilogramo,Cartago,Cartago,Oriental,831.62,820,1.0054674045564032
2024-06-01,1,Arroz grano entero 80%,Cereales,0,Kilogramo,Heredia,Heredia,Heredia,812.61,820,0.9888258111548783
2024-06-01,1,Arroz grano entero 80%,Cereales,0,Kilogramo,Limon,Limon,Limon,784.0,820,0.9604425135074597
2024-06-01,2,Frijoles negros primera calidad,Leguminosas,0,Gramos,San Jose,San Jose,Carmen,1384.46,1450,0.9556126677873276
2024-06-01,2,Frijoles negros primera calidad,Leguminosas,0,Gramos,Alajuela,Alajuela,Alajuela,1505.75,1450,1.0414822706965796
2024-06-01,2,Frijoles negros primera calidad,Leguminosas,0,Gramos,Cartago,Cartago,Oriental,1385.82,1450,0.9501779882732424
2024-06-01,2,Frijoles negros primera calidad,Leguminosas,0,Gramos,Heredia,Heredia,Heredia,1449.89,1450,1.001862654256897
2024-06-01,2,Frijoles negros primera calidad,Leguminosas,0,Gramos,Limon,Limon,Limon,1418.09,1450,0.9762190685733326
2024-06-01,3,Leche fluida corta duracion,Lacteos,0,Mililitros,San Jose,San Jose,Carmen,862.34,850,1.0036121910922966
2024-06-01,3,Leche fluida corta duracion,Lacteos,0,Mililitros,Alajuela,Alajuela,Alajuela,862.87,850,1.0260334806154237
2024-06-01,3,Leche fluida corta duracion,Lacteos,0,Mililitros,Cartago,Cartago,Oriental,880.05,850,1.0404415862231453
2024-06-01,3,Leche fluida corta duracion,Lacteos,0,Mililitros,Heredia,Heredia,Heredia,851.57,850,0.9904486794358835
2024-06-01,3,Leche fluida corta duracion,Lacteos,0,Mililitros,Limon,Limon,Limon,817.83,850,0.9595610921672441
2024-06-01,4,Tomate,Vegetales,0,Kilogramo,San Jose,San Jose,Carmen,1559.01,1500,1.042252076380118
2024-06-01,4,Tomate,Vegetales,0,Kilogramo,Alajuela,Alajuela,Alajuela,1532.85,1500,1.0160839589684436
2024-06-01,4,Tomate,Vegetales,0,Kilogramo,Cartago,Cartago,Oriental,1558.18,1500,1.0326834382340844
2024-06-01,4,Tomate,Vegetales,0,Kilogramo,Heredia,Heredia,Heredia,1493.28,1500,0.9990040729277357
2024-06-01,4,Tomate,Vegetales,0,Kilogramo,Limon,Limon,Limon,1477.92,1500,0.9812220283711047
2024-06-01,5,Aceite vegetal,Grasas,1,Mililitros,San Jose,San Jose,Carmen,1389.53,1450,0.9522639605423405
2024-06-01,5,Aceite vegetal,Grasas,1,Mililitros,Alajuela,Alajuela,Alajuela,1498.09,1450,1.0297495669864383
2024-06-01,5,Aceite vegetal,Grasas,1,Mililitros,Cartago,Cartago,Oriental,1525.58,1450,1.0459500549064014
2024-06-01,5,Aceite vegetal,Grasas,1,Mililitros,Heredia,Heredia,Heredia,1462.65,1450,1.0043205197979592
2024-06-01,5,Aceite vegetal,Grasas,1,Mililitros,Limon,Limon,Limon,1416.11,1450,0.9718098030988248
2024-07-01,1,Arroz grano entero 80%,Cereales,0,Kilogramo,San Jose,San Jose,Carmen,812.14,820,0.9869071415303615
2024-07-01,1,Arroz grano entero 80%,Cereales,0,Kilogramo,Alajuela,Alajuela,Alajuela,846.01,820,1.0277938288881994
2024-07-01,1,Arroz grano entero 80%,Cereales,0,Kilogramo,Cartago,Cartago,Oriental,846.37,820,1.0283748299753448
2024-07-01,1,Arroz grano entero 80%,Cereales,0,Kilogramo,Heredia,Heredia,Heredia,803.85,820,0.987448271026667
2024-07-01,1,Arroz grano entero 80%,Cereales,0,Kilogramo,Limon,Limon,Limon,801.87,820,0.9784158939962416
2024-07-01,2,Frijoles negros primera calidad,Leguminosas,0,Gramos,San Jose,San Jose,Carmen,1399.79,1450,0.9589399972949503
2024-07-01,2,Frijoles negros primera calidad,Leguminosas,0,Gramos,Alajuela,Alajuela,Alajuela,1427.08,1450,0.9879934932051997
2024-07-01,2,Frijoles negros primera calidad,Leguminosas,0,Gramos,Cartago,Cartago,Oriental,1417.86,1450,0.9834483805260453
2024-07-01,2,Frijoles negros primera calidad,Leguminosas,0,Gramos,Heredia,Heredia,Heredia,1515.74,1450,1.0447205642844493
2024-07-01,2,Frijoles negros primera calidad,Leguminosas,0,Gramos,Limon,Limon,Limon,1380.16,1450,0.951313204371451
2024-07-01,3,Leche fluida corta duracion,Lacteos,0,Mililitros,San Jose,San Jose,Carmen,827.1,850,0.9653531982294122
2024-07-01,3,Leche fluida corta duracion,Lacteos,0,Mililitros,Alajuela,Alajuela,Alajuela,866.8,850,1.0190562067378073
2024-07-01,3,Leche fluida corta duracion,Lacteos,0,Mililitros,Cartago,Cartago,Oriental,885.61,850,1.0389220859341903
2024-07-01,3,Leche fluida corta duracion,Lacteos,0,Mililitros,Heredia,Heredia,Heredia,811.68,850,0.9646378914744699
2024-07-01,3,Leche fluida corta duracion,Lacteos,0,Mililitros,Limon,Limon,Limon,889.85,850,1.0413948037316598
2024-07-01,4,Tomate,Vegetales,0,Kilogramo,San Jose,San Jose,Carmen,1482.54,1500,0.9902545465479231
2024-07-01,4,Tomate,Vegetales,0,Kilogramo,Alajuela,Alajuela,Alajuela,1480.15,1500,0.9912484340913323
2024-07-01,4,Tomate,Vegetales,0,Kilogramo,Cartago,Cartago,Oriental,1457.17,1500,0.9749636932034687
2024-07-01,4,Tomate,Vegetales,0,Kilogramo,Heredia,Heredia,Heredia,1540.57,1500,1.025273590027627
2024-07-01,4,Tomate,Vegetales,0,Kilogramo,Limon,Limon,Limon,1432.83,1500,0.9610529125569832
2024-07-01,5,Aceite vegetal,Grasas,1,Mililitros,San Jose,San Jose,Carmen,1437.89,1450,0.990091248866493
2024-07-01,5,Aceite vegetal,Grasas,1,Mililitros,Alajuela,Alajuela,Alajuela,1399.82,1450,0.9653462758943634
2024-07-01,5,Aceite vegetal,Grasas,1,Mililitros,Cartago,Cartago,Oriental,1526.4,1450,1.0489205032961522
2024-07-01,5,Aceite vegetal,Grasas,1,Mililitros,Heredia,Heredia,Heredia,1465.89,1450,1.0165206283864343
2024-07-01,5,Aceite vegetal,Grasas,1,Mililitros,Limon,Limon,Limon,1472.79,1450,1.0105715024518658
2024-08-01,1,Arroz grano entero 80%,Cereales,0,Kilogramo,San Jose,San Jose,Carmen,810.23,820,0.9770687239136348
2024-08-01,1,Arroz grano entero 80%,Cereales,0,Kilogramo,Alajuela,Alajuela,Alajuela,787.49,820,0.9556559020561245
2024-08-01,1,Arroz grano entero 80%,Cereales,0,Kilogramo,Cartago,Cartago,Oriental,805.34,820,0.9746659899887848
2024-08-01,1,Arroz grano entero 80%,Cereales,0,Kilogramo,Heredia,Heredia,Heredia,832.26,820,1.0249311241481238
2024-08-01,1,Arroz grano entero 80%,Cereales,0,Kilogramo,Limon,Limon,Limon,826.68,820,1.0102221997088177
2024-08-01,2,Frijoles negros primera calidad,Leguminosas,0,Gramos,San Jose,San Jose,Carmen,1397.02,1450,0.9650773639427043
2024-08-01,2,Frijoles negros primera calidad,Leguminosas,0,Gramos,Alajuela,Alajuela,Alajuela,1467.2,1450,1.0102063005071877
2024-08-01,2,Frijoles negros primera calidad,Leguminosas,0,Gramos,Cartago,Cartago,Oriental,1444.46,1450,0.9938212710172801
2024-08-01,2,Frijoles negros primera calidad,Leguminosas,0,Gramos,Heredia,Heredia,Heredia,1441.25,1450,0.9958271726590462
2024-08-01,2,Frijoles negros primera calidad,Leguminosas,0,Gramos,Limon,Limon,Limon,1510.53,1450,1.0445810681267633
2024-08-01,3,Leche fluida corta duracion,Lacteos,0,Mililitros,San Jose,San Jose,Carmen,857.52,850,1.00657933778614
2024-08-01,3,Leche fluida corta duracion,Lacteos,0,Mililitros,Alajuela,Alajuela,Alajuela,866.09,850,1.029174061169918
2024-08-01,3,Leche fluida corta duracion,Lacteos,0,Mililitros,Cartago,Cartago,Oriental,856.71,850,1.0131615677882986
2024-08-01,3,Leche fluida corta duracion,Lacteos,0,Mililitros,Heredia,Heredia,Heredia,847.92,850,0.9951335728723844
2024-08-01,3,Leche fluida corta duracion,Lacteos,0,Mililitros,Limon,Limon,Limon,887.65,850,1.0326917241282527
2024-08-01,4,Tomate,Vegetales,0,Kilogramo,San Jose,San Jose,Carmen,1574.63,1500,1.043725294978696
2024-08-01,4,Tomate,Vegetales,0,Kilogramo,Alajuela,Alajuela,Alajuela,1462.74,1500,0.9797511667177482
2024-08-01,4,Tomate,Vegetales,0,Kilogramo,Cartago,Cartago,Oriental,1572.21,1500,1.0499355732584077
2024-08-01,4,Tomate,Vegetales,0,Kilogramo,Heredia,Heredia,Heredia,1461.93,1500,0.9741747891294055
2024-08-01,4,Tomate,Vegetales,0,Kilogramo,Limon,Limon,Limon,1573.78,1500,1.0485720033467185
2024-08-01,5,Aceite vegetal,Grasas,1,Mililitros,San Jose,San Jose,Carmen,1398.23,1450,0.9659061389466922
2024-08-01,5,Aceite vegetal,Grasas,1,Mililitros,Alajuela,Alajuela,Alajuela,1411.59,1450,0.9704016957809134
2024-08-01,5,Aceite vegetal,Grasas,1,Mililitros,Cartago,Cartago,Oriental,1435.48,1450,0.9940010765579941
2024-08-01,5,Aceite vegetal,Grasas,1,Mililitros,Heredia,Heredia,Heredia,1481.46,1450,1.0264713857029615
2024-08-01,5,Aceite vegetal,Grasas,1,Mililitros,Limon,Limon,Limon,1453.34,1450,1.0052847400320977
2024-09-01,1,Arroz grano entero 80%,Cereales,0,Kilogramo,San Jose,San Jose,Carmen,849.86,820,1.027841675501628
2024-09-01,1,Arroz grano entero 80%,Cereales,0,Kilogramo,Alajuela,Alajuela,Alajuela,792.63,820,0.9554196588308883
2024-09-01,1,Arroz grano entero 80%,Cereales,0,Kilogramo,Cartago,Cartago,Oriental,841.12,820,1.026351910751281
2024-09-01,1,Arroz grano entero 80%,Cereales,0,Kilogramo,Heredia,Heredia,Heredia,828.59,820,1.0199506319548037
2024-09-01,1,Arroz grano entero 80%,Cereales,0,Kilogramo,Limon,Limon,Limon,777.27,820,0.9563637931813274
2024-09-01,2,Frijoles negros primera calidad,Leguminosas,0,Gramos,San Jose,San Jose,Carmen,1394.41,1450,0.9650287534902474
2024-09-01,2,Frijoles negros primera calidad,Leguminosas,0,Gramos,Alajuela,Alajuela,Alajuela,1431.29,1450,0.987883958203934
2024-09-01,2,Frijoles negros primera calidad,Leguminosas,0,Gramos,Cartago,Cartago,Oriental,1466.87,1450,1.0130487740553789
2024-09-01,2,Frijoles negros primera calidad,Leguminosas,0,Gramos,Heredia,Heredia,Heredia,1440.91,1450,0.9975848481612941
2024-09-01,2,Frijoles negros primera calidad,Leguminosas,0,Gramos,Limon,Limon,Limon,1501.43,1450,1.0339353701287175
2024-09-01,3,Leche fluida corta duracion,Lacteos,0,Mililitros,San Jose,San Jose,Carmen,876.57,850,1.0311383670556158
2024-09-01,3,Leche fluida corta duracion,Lacteos,0,Mililitros,Alajuela,Alajuela,Alajuela,835.11,850,0.9783585447182901
2024-09-01,3,Leche fluida corta duracion,Lacteos,0,Mililitros,Cartago,Cartago,Oriental,890.25,850,1.0495104105793986
2024-09-01,3,Leche fluida corta duracion,Lacteos,0,Mililitros,Heredia,Heredia,Heredia,881.44,850,1.0380307448338653
2024-09-01,3,Leche fluida corta duracion,Lacteos,0,Mililitros,Limon,Limon,Limon,817.08,850,0.9591324422359752
2024-09-01,4,Tomate,Vegetales,0,Kilogramo,San Jose,San Jose,Carmen,1544.98,1500,1.0241169740417897
2024-09-01,4,Tomate,Vegetales,0,Kilogramo,Alajuela,Alajuela,Alajuela,1468.23,1500,0.9838713557650323
2024-09-01,4,Tomate,Vegetales,0,Kilogramo,Cartago,Cartago,Oriental,1546.61,1500,1.0277081627182605
2024-09-01,4,Tomate,Vegetales,0,Kilogramo,Heredia,Heredia,Heredia,1565.26,1500,1.0478552851921874
2024-09-01,4,Tomate,Vegetales,0,Kilogramo,Limon,Limon,Limon,1486.01,1500,0.9944607523090234
2024-09-01,5,Aceite vegetal,Grasas,1,Mililitros,San Jose,San Jose,Carmen,1427.07,1450,0.9818523896801798
2024-09-01,5,Aceite vegetal,Grasas,1,Mililitros,Alajuela,Alajuela,Alajuela,1463.82,1450,1.006485608667582
2024-09-01,5,Aceite vegetal,Grasas,1,Mililitros,Cartago,Cartago,Oriental,1432.71,1450,0.9922625517664851
2024-09-01,5,Aceite vegetal,Grasas,1,Mililitros,Heredia,Heredia,Heredia,1399.02,1450,0.9619625388533245
2024-09-01,5,Aceite vegetal,Grasas,1,Mililitros,Limon,Limon,Limon,1470.42,1450,1.0130133094532254
2024-10-01,1,Arroz grano entero 80%,Cereales,0,Kilogramo,San Jose,San Jose,Carmen,821.84,820,0.99844346315387
2024-10-01,1,Arroz grano entero 80%,Cereales,0,Kilogramo,Alajuela,Alajuela,Alajuela,785.59,820,0.9670659479533878
2024-10-01,1,Arroz grano entero 80%,Cereales,0,Kilogramo,Cartago,Cartago,Oriental,791.28,820,0.9671137168467239
2024-10-01,1,Arroz grano entero 80%,Cereales,0,Kilogramo,Heredia,Heredia,Heredia,786.16,820,0.9514616397354405
2024-10-01,1,Arroz grano entero 80%,Cereales,0,Kilogramo,Limon,Limon,Limon,797.72,820,0.9817474262902933
2024-10-01,2,Frijoles negros primera calidad,Leguminosas,0,Gramos,San Jose,San Jose,Carmen,1464.35,1450,1.0126833869675673
2024-10-01,2,Frijoles negros primera calidad,Leguminosas,0,Gramos,Alajuela,Alajuela,Alajuela,1415.04,1450,0.9724386790002811
2024-10-01,2,Frijoles negros primera calidad,Leguminosas,0,Gramos,Cartago,Cartago,Oriental,1415.98,1450,0.9767702967773224
2024-10-01,2,Frijoles negros primera calidad,Leguminosas,0,Gramos,Heredia,Heredia,Heredia,1394.13,1450,0.9583866082924233
2024-10-01,2,Frijoles negros primera calidad,Leguminosas,0,Gramos,Limon,Limon,Limon,1382.73,1450,0.9557202245568087
2024-10-01,3,Leche fluida corta duracion,Lacteos,0,Mililitros,San Jose,San Jose,Carmen,856.98,850,1.0167910773140312
2024-10-01,3,Leche fluida corta duracion,Lacteos,0,Mililitros,Alajuela,Alajuela,Alajuela,810.74,850,0.9557376708343293
2024-10-01,3,Leche fluida corta duracion,Lacteos,0,Mililitros,Cartago,Cartago,Oriental,816.69,850,0.9521896123587192
2024-10-01,3,Leche fluida corta duracion,Lacteos,0,Mililitros,Heredia,Heredia,Heredia,880.73,850,1.045821722471478
2024-10-01,3,Leche fluida corta duracion,Lacteos,0,Mililitros,Limon,Limon,Limon,839.72,850,0.9983260063252591
2024-10-01,4,Tomate,Vegetales,0,Kilogramo,San Jose,San Jose,Carmen,1485.64,1500,0.9929348583003724
2024-10-01,4,Tomate,Vegetales,0,Kilogramo,Alajuela,Alajuela,Alajuela,1440.31,1500,0.9623332522035217
2024-10-01,4,Tomate,Vegetales,0,Kilogramo,Cartago,Cartago,Oriental,1522.55,1500,1.0133575012705447
2024-10-01,4,Tomate,Vegetales,0,Kilogramo,Heredia,Heredia,Heredia,1512.44,1500,1.0056566099239685
2024-10-01,4,Tomate,Vegetales,0,Kilogramo,Limon,Limon,Limon,1535.27,1500,1.0290091612402614
2024-10-01,5,Aceite vegetal,Grasas,1,Mililitros,San Jose,San Jose,Carmen,1416.99,1450,0.9719050455591804
2024-10-01,5,Aceite vegetal,Grasas,1,Mililitros,Alajuela,Alajuela,Alajuela,1401.07,1450,0.963682026297486
2024-10-01,5,Aceite vegetal,Grasas,1,Mililitros,Cartago,Cartago,Oriental,1413.57,1450,0.9695071044003601
2024-10-01,5,Aceite vegetal,Grasas,1,Mililitros,Heredia,Heredia,Heredia,1439.84,1450,0.9882489671252012
2024-10-01,5,Aceite vegetal,Grasas,1,Mililitros,Limon,Limon,Limon,1511.7,1450,1.0414357892779946
2024-11-01,1,Arroz grano entero 80%,Cereales,0,Kilogramo,San Jose,San Jose,Carmen,774.78,820,0.9544179828537259
2024-11-01,1,Arroz grano entero 80%,Cereales,0,Kilogramo,Alajuela,Alajuela,Alajuela,791.17,820,0.9688556054549056
2024-11-01,1,Arroz grano entero 80%,Cereales,0,Kilogramo,Cartago,Cartago,Oriental,785.29,820,0.9570633264043013
2024-11-01,1,Arroz grano entero 80%,Cereales,0,Kilogramo,Heredia,Heredia,Heredia,853.78,820,1.0336225336820546
2024-11-01,1,Arroz grano entero 80%,Cereales,0,Kilogramo,Limon,Limon,Limon,855.37,820,1.047569850189987
2024-11-01,2,Frijoles negros primera calidad,Leguminosas,0,Gramos,San Jose,San Jose,Carmen,1381.66,1450,0.9576682770304367
2024-11-01,2,Frijoles negros primera calidad,Leguminosas,0,Gramos,Alajuela,Alajuela,Alajuela,1518.26,1450,1.0462100754204011
2024-11-01,2,Frijoles negros primera calidad,Leguminosas,0,Gramos,Cartago,Cartago,Oriental,1452.67,1450,1.0040473604197246
2024-11-01,2,Frijoles negros primera calidad,Leguminosas,0,Gramos,Heredia,Heredia,Heredia,1493.93,1450,1.0254157679091496
2024-11-01,2,Frijoles negros primera calidad,Leguminosas,0,Gramos,Limon,Limon,Limon,1467.72,1450,1.0075533867653879
2024-11-01,3,Leche fluida corta duracion,Lacteos,0,Mililitros,San Jose,San Jose,Carmen,855.74,850,1.010653271897988
2024-11-01,3,Leche fluida corta duracion,Lacteos,0,Mililitros,Alajuela,Alajuela,Alajuela,881.36,850,1.0340867009079382
2024-11-01,3,Leche fluida corta duracion,Lacteos,0,Mililitros,Cartago,Cartago,Oriental,858.37,850,1.0200486131678295
2024-11-01,3,Leche fluida corta duracion,Lacteos,0,Mililitros,Heredia,Heredia,Heredia,827.68,850,0.9766226678147445
2024-11-01,3,Leche fluida corta duracion,Lacteos,0,Mililitros,Limon,Limon,Limon,803.58,850,0.9509616180170954
2024-11-01,4,Tomate,Vegetales,0,Kilogramo,San Jose,San Jose,Carmen,1508.08,1500,1.0034551428410519
2024-11-01,4,Tomate,Vegetales,0,Kilogramo,Alajuela,Alajuela,Alajuela,1446.74,1500,0.958368202182434
2024-11-01,4,Tomate,Vegetales,0,Kilogramo,Cartago,Cartago,Oriental,1525.56,1500,1.0113732592995848
2024-11-01,4,Tomate,Vegetales,0,Kilogramo,Heredia,Heredia,Heredia,1458.49,1500,0.9731666187439022
2024-11-01,4,Tomate,Vegetales,0,Kilogramo,Limon,Limon,Limon,1569.2,1500,1.043351801189141
2024-11-01,5,Aceite vegetal,Grasas,1,Mililitros,San Jose,San Jose,Carmen,1509.87,1450,1.036699879552976
2024-11-01,5,Aceite vegetal,Grasas,1,Mililitros,Alajuela,Alajuela,Alajuela,1411.97,1450,0.9775213763279137
2024-11-01,5,Aceite vegetal,Grasas,1,Mililitros,Cartago,Cartago,Oriental,1399.9,1450,0.9628880666417956
2024-11-01,5,Aceite vegetal,Grasas,1,Mililitros,Heredia,Heredia,Heredia,1519.21,1450,1.0442857350752544
2024-11-01,5,Aceite vegetal,Grasas,1,Mililitros,Limon,Limon,Limon,1402.53,1450,0.9624438932099656
2024-12-01,1,Arroz grano entero 80%,Cereales,0,Kilogramo,San Jose,San Jose,Carmen,807.14,820,0.9844165552104533
2024-12-01,1,Arroz grano entero 80%,Cereales,0,Kilogramo,Alajuela,Alajuela,Alajuela,844.41,820,1.0334269376095768
2024-12-01,1,Arroz grano entero 80%,Cereales,0,Kilogramo,Cartago,Cartago,Oriental,860.44,820,1.0416846400900612
2024-12-01,1,Arroz grano entero 80%,Cereales,0,Kilogramo,Heredia,Heredia,Heredia,779.1,820,0.9532569361852419
2024-12-01,1,Arroz grano entero 80%,Cereales,0,Kilogramo,Limon,Limon,Limon,794.15,820,0.9695961921586639
2024-12-01,2,Frijoles negros primera calidad,Leguminosas,0,Gramos,San Jose,San Jose,Carmen,1385.24,1450,0.9561849219550697
2024-12-01,2,Frijoles negros primera calidad,Leguminosas,0,Gramos,Alajuela,Alajuela,Alajuela,1518.48,1450,1.0452893405933665
2024-12-01,2,Frijoles negros primera calidad,Leguminosas,0,Gramos,Cartago,Cartago,Oriental,1490.32,1450,1.0317786854898245
2024-12-01,2,Frijoles negros primera calidad,Leguminosas,0,Gramos,Heredia,Heredia,Heredia,1381.89,1450,0.9593818601153136
2024-12-01,2,Frijoles negros primera calidad,Leguminosas,0,Gramos,Limon,Limon,Limon,1417.42,1450,0.9830959115972565
2024-12-01,3,Leche fluida corta duracion,Lacteos,0,Mililitros,San Jose,San Jose,Carmen,889.67,850,1.044117472278102
2024-12-01,3,Leche fluida corta duracion,Lacteos,0,Mililitros,Alajuela,Alajuela,Alajuela,834.37,850,0.9865720929112604
2024-12-01,3,Leche fluida corta duracion,Lacteos,0,Mililitros,Cartago,Cartago,Oriental,846.27,850,0.9917425562529212
2024-12-01,3,Leche fluida corta duracion,Lacteos,0,Mililitros,Heredia,Heredia,Heredia,821.74,850,0.9663081005715211
2024-12-01,3,Leche fluida corta duracion,Lacteos,0,Mililitros,Limon,Limon,Limon,825.88,850,0.9773896251742527
2024-12-01,4,Tomate,Vegetales,0,Kilogramo,San Jose,San Jose,Carmen,1510.82,1500,1.0120293412239811
2024-12-01,4,Tomate,Vegetales,0,Kilogramo,Alajuela,Alajuela,Alajuela,1532.32,1500,1.0232955386330698
2024-12-01,4,Tomate,Vegetales,0,Kilogramo,Cartago,Cartago,Oriental,1505.08,1500,1.0095968256125416
2024-12-01,4,Tomate,Vegetales,0,Kilogramo,Heredia,Heredia,Heredia,1461.95,1500,0.9790295106823979
2024-12-01,4,Tomate,Vegetales,0,Kilogramo,Limon,Limon,Limon,1456.55,1500,0.9755599322661995
2024-12-01,5,Aceite vegetal,Grasas,1,Mililitros,San Jose,San Jose,Carmen,1370.97,1450,0.9509642503842135
2024-12-01,5,Aceite vegetal,Grasas,1,Mililitros,Alajuela,Alajuela,Alajuela,1502.01,1450,1.0385609984811006
2024-12-01,5,Aceite vegetal,Grasas,1,Mililitros,Cartago,Cartago,Oriental,1419.91,1450,0.983259169658276
2024-12-01,5,Aceite vegetal,Grasas,1,Mililitros,Heredia,Heredia,Heredia,1473.45,1450,1.0224641162126904
2024-12-01,5,Aceite vegetal,Grasas,1,Mililitros,Limon,Limon,Limon,1503.78,1450,1.039053861586374
2025-01-01,1,Arroz grano entero 80%,Cereales,0,Kilogramo,San Jose,San Jose,Carmen,787.08,820,0.9568501758456937
2025-01-01,1,Arroz grano entero 80%,Cereales,0,Kilogramo,Alajuela,Alajuela,Alajuela,843.02,820,1.0384098526686116
2025-01-01,1,Arroz grano entero 80%,Cereales,0,Kilogramo,Cartago,Cartago,Oriental,834.86,820,1.0170424011466577
2025-01-01,1,Arroz grano entero 80%,Cereales,0,Kilogramo,Heredia,Heredia,Heredia,836.98,820,1.0223890875955082
2025-01-01,1,Arroz grano entero 80%,Cereales,0,Kilogramo,Limon,Limon,Limon,841.7,820,1.0290298190969869
2025-01-01,2,Frijoles negros primera calidad,Leguminosas,0,Gramos,San Jose,San Jose,Carmen,1519.96,1450,1.0429542053520777
2025-01-01,2,Frijoles negros primera calidad,Leguminosas,0,Gramos,Alajuela,Alajuela,Alajuela,1439.96,1450,0.9998438796839094
2025-01-01,2,Frijoles negros primera calidad,Leguminosas,0,Gramos,Cartago,Cartago,Oriental,1439.8,1450,0.989718588501311
2025-01-01,2,Frijoles negros primera calidad,Leguminosas,0,Gramos,Heredia,Heredia,Heredia,1480.59,1450,1.0234183802239714
2025-01-01,2,Frijoles negros primera calidad,Leguminosas,0,Gramos,Limon,Limon,Limon,1410.94,1450,0.9780737072744714
2025-01-01,3,Leche fluida corta duracion,Lacteos,0,Mililitros,San Jose,San Jose,Carmen,824.66,850,0.9589344923284032
2025-01-01,3,Leche fluida corta duracion,Lacteos,0,Mililitros,Alajuela,Alajuela,Alajuela,845.09,850,1.0022984589101598
2025-01-01,3,Leche fluida corta duracion,Lacteos,0,Mililitros,Cartago,Cartago,Oriental,851.25,850,1.0004519371194354
2025-01-01,3,Leche fluida corta duracion,Lacteos,0,Mililitros,Heredia,Heredia,Heredia,844.41,850,0.9966245136123636
2025-01-01,3,Leche fluida corta duracion,Lacteos,0,Mililitros,Limon,Limon,Limon,855.49,850,0.9978492575307208
2025-01-01,4,Tomate,Vegetales,0,Kilogramo,San Jose,San Jose,Carmen,1500.29,1500,1.0048444579797318
2025-01-01,4,Tomate,Vegetales,0,Kilogramo,Alajuela,Alajuela,Alajuela,1483.23,1500,0.9892588671526724
2025-01-01,4,Tomate,Vegetales,0,Kilogramo,Cartago,Cartago,Oriental,1490.21,1500,0.993504436048874
2025-01-01,4,Tomate,Vegetales,0,Kilogramo,Heredia,Heredia,Heredia,1454.26,1500,0.9674646157292905
2025-01-01,4,Tomate,Vegetales,0,Kilogramo,Limon,Limon,Limon,1469.31,1500,0.9774651480099014
2025-01-01,5,Aceite vegetal,Grasas,1,Mililitros,San Jose,San Jose,Carmen,1435.45,1450,0.9867299022890675
2025-01-01,5,Aceite vegetal,Grasas,1,Mililitros,Alajuela,Alajuela,Alajuela,1443.76,1450,0.9975487297259826
2025-01-01,5,Aceite vegetal,Grasas,1,Mililitros,Cartago,Cartago,Oriental,1427.05,1450,0.9900547056651535
2025-01-01,5,Aceite vegetal,Grasas,1,Mililitros,Heredia,Heredia,Heredia,1437.29,1450,0.9954042991836043
2025-01-01,5,Aceite vegetal,Grasas,1,Mililitros,Limon,Limon,Limon,1383.46,1450,0.951015733834221
2025-02-01,1,Arroz grano entero 80%,Cereales,0,Kilogramo,San Jose,San Jose,Carmen,799.54,820,0.9794488919302271
2025-02-01,1,Arroz grano entero 80%,Cereales,0,Kilogramo,Alajuela,Alajuela,Alajuela,819.72,820,0.9909284683142713
2025-02-01,1,Arroz grano entero 80%,Cereales,0,Kilogramo,Cartago,Cartago,Oriental,782.38,820,0.9561004686295381
2025-02-01,1,Arroz grano entero 80%,Cereales,0,Kilogramo,Heredia,Heredia,Heredia,812.23,820,0.9784650672498519
2025-02-01,1,Arroz grano entero 80%,Cereales,0,Kilogramo,Limon,Limon,Limon,829.74,820,1.0108457307585013
2025-02-01,2,Frijoles negros primera calidad,Leguminosas,0,Gramos,San Jose,San Jose,Carmen,1385.41,1450,0.9589300295906148
2025-02-01,2,Frijoles negros primera calidad,Leguminosas,0,Gramos,Alajuela,Alajuela,Alajuela,1480.74,1450,1.0214808252088807
2025-02-01,2,Frijoles negros primera calidad,Leguminosas,0,Gramos,Cartago,Cartago,Oriental,1479.05,1450,1.0180928297287601
2025-02-01,2,Frijoles negros primera calidad,Leguminosas,0,Gramos,Heredia,Heredia,Heredia,1380.91,1450,0.9589337746691995
2025-02-01,2,Frijoles negros primera calidad,Leguminosas,0,Gramos,Limon,Limon,Limon,1463.54,1450,1.014227730843898
2025-02-01,3,Leche fluida corta duracion,Lacteos,0,Mililitros,San Jose,San Jose,Carmen,834.16,850,0.9710427900034536
2025-02-01,3,Leche fluida corta duracion,Lacteos,0,Mililitros,Alajuela,Alajuela,Alajuela,823.42,850,0.976450400339026
2025-02-01,3,Leche fluida corta duracion,Lacteos,0,Mililitros,Cartago,Cartago,Oriental,847.64,850,1.006535661579307
2025-02-01,3,Leche fluida corta duracion,Lacteos,0,Mililitros,Heredia,Heredia,Heredia,842.33,850,1.000937575554246
2025-02-01,3,Leche fluida corta duracion,Lacteos,0,Mililitros,Limon,Limon,Limon,818.69,850,0.9673446121097095
2025-02-01,4,Tomate,Vegetales,0,Kilogramo,San Jose,San Jose,Carmen,1565.96,1500,1.0414636868335057
2025-02-01,4,Tomate,Vegetales,0,Kilogramo,Alajuela,Alajuela,Alajuela,1523.46,1500,1.018259757696414
2025-02-01,4,Tomate,Vegetales,0,Kilogramo,Cartago,Cartago,Oriental,1516.38,1500,1.0082758385123392
2025-02-01,4,Tomate,Vegetales,0,Kilogramo,Heredia,Heredia,Heredia,1443.27,1500,0.968396514712119
2025-02-01,4,Tomate,Vegetales,0,Kilogramo,Limon,Limon,Limon,1461.29,1500,0.979742753829656
2025-02-01,5,Aceite vegetal,Grasas,1,Mililitros,San Jose,San Jose,Carmen,1490.44,1450,1.0306910225103305
2025-02-01,5,Aceite vegetal,Grasas,1,Mililitros,Alajuela,Alajuela,Alajuela,1392.59,1450,0.9596065755094059
2025-02-01,5,Aceite vegetal,Grasas,1,Mililitros,Cartago,Cartago,Oriental,1395.41,1450,0.9650185774566513
2025-02-01,5,Aceite vegetal,Grasas,1,Mililitros,Heredia,Heredia,Heredia,1467.67,1450,1.0123973344922372
2025-02-01,5,Aceite vegetal,Grasas,1,Mililitros,Limon,Limon,Limon,1459.58,1450,1.0057275529557428
2025-03-01,1,Arroz grano entero 80%,Cereales,0,Kilogramo,San Jose,San Jose,Carmen,794.83,820,0.9696857775485348
2025-03-01,1,Arroz grano entero 80%,Cereales,0,Kilogramo,Alajuela,Alajuela,Alajuela,813.17,820,0.9822142777116455
2025-03-01,1,Arroz grano entero 80%,Cereales,0,Kilogramo,Cartago,Cartago,Oriental,823.34,820,1.0129178197129185
2025-03-01,1,Arroz grano entero 80%,Cereales,0,Kilogramo,Heredia,Heredia,Heredia,818.39,820,1.0043199466655206
2025-03-01,1,Arroz grano entero 80%,Cereales,0,Kilogramo,Limon,Limon,Limon,804.59,820,0.9743861422306883
2025-03-01,2,Frijoles negros primera calidad,Leguminosas,0,Gramos,San Jose,San Jose,Carmen,1426.16,1450,0.9804296070937326
2025-03-01,2,Frijoles negros primera calidad,Leguminosas,0,Gramos,Alajuela,Alajuela,Alajuela,1502.27,1450,1.0409502457065785
2025-03-01,2,Frijoles negros primera calidad,Leguminosas,0,Gramos,Cartago,Cartago,Oriental,1403.95,1450,0.9669119941381198
2025-03-01,2,Frijoles negros primera calidad,Leguminosas,0,Gramos,Heredia,Heredia,Heredia,1432.42,1450,0.9831848649690378
2025-03-01,2,Frijoles negros primera calidad,Leguminosas,0,Gramos,Limon,Limon,Limon,1402.04,1450,0.9727380721816425
2025-03-01,3,Leche fluida corta duracion,Lacteos,0,Mililitros,San Jose,San Jose,Carmen,843.87,850,0.9940102139236802
2025-03-01,3,Leche fluida corta duracion,Lacteos,0,Mililitros,Alajuela,Alajuela,Alajuela,857.51,850,1.0073373786035715
2025-03-01,3,Leche fluida corta duracion,Lacteos,0,Mililitros,Cartago,Cartago,Oriental,834.79,850,0.9934965584191114
2025-03-01,3,Leche fluida corta duracion,Lacteos,0,Mililitros,Heredia,Heredia,Heredia,862.32,850,1.0172365188158272
2025-03-01,3,Leche fluida corta duracion,Lacteos,0,Mililitros,Limon,Limon,Limon,828.52,850,0.9822366035303961
2025-03-01,4,Tomate,Vegetales,0,Kilogramo,San Jose,San Jose,Carmen,1480.78,1500,0.9870588582486484
2025-03-01,4,Tomate,Vegetales,0,Kilogramo,Alajuela,Alajuela,Alajuela,1496.65,1500,0.9941896068279484
2025-03-01,4,Tomate,Vegetales,0,Kilogramo,Cartago,Cartago,Oriental,1481.94,1500,0.9898388689516694
2025-03-01,4,Tomate,Vegetales,0,Kilogramo,Heredia,Heredia,Heredia,1541.83,1500,1.032611798409003
2025-03-01,4,Tomate,Vegetales,0,Kilogramo,Limon,Limon,Limon,1454.26,1500,0.9716542512029809
2025-03-01,5,Aceite vegetal,Grasas,1,Mililitros,San Jose,San Jose,Carmen,1392.14,1450,0.9583957260135049
2025-03-01,5,Aceite vegetal,Grasas,1,Mililitros,Alajuela,Alajuela,Alajuela,1467.21,1450,1.015515316099978
2025-03-01,5,Aceite vegetal,Grasas,1,Mililitros,Cartago,Cartago,Oriental,1486.5,1450,1.0219251700370215
2025-03-01,5,Aceite vegetal,Grasas,1,Mililitros,Heredia,Heredia,Heredia,1425.41,1450,0.9835000615535495
2025-03-01,5,Aceite vegetal,Grasas,1,Mililitros,Limon,Limon,Limon,1517.73,1450,1.0401171189871652
2025-04-01,1,Arroz grano entero 80%,Cereales,0,Kilogramo,San Jose,San Jose,Carmen,865.85,820,1.0494980299440175
2025-04-01,1,Arroz grano entero 80%,Cereales,0,Kilogramo,Alajuela,Alajuela,Alajuela,836.32,820,1.0140774996422035
2025-04-01,1,Arroz grano entero 80%,Cereales,0,Kilogramo,Cartago,Cartago,Oriental,841.18,820,1.0269410724765768
2025-04-01,1,Arroz grano entero 80%,Cereales,0,Kilogramo,Heredia,Heredia,Heredia,803.0,820,0.9694969981472151
2025-04-01,1,Arroz grano entero 80%,Cereales,0,Kilogramo,Limon,Limon,Limon,837.28,820,1.0289781657668293
2025-04-01,2,Frijoles negros primera calidad,Leguminosas,0,Gramos,San Jose,San Jose,Carmen,1408.35,1450,0.9711812995315457
2025-04-01,2,Frijoles negros primera calidad,Leguminosas,0,Gramos,Alajuela,Alajuela,Alajuela,1483.55,1450,1.0171971443499173
2025-04-01,2,Frijoles negros primera calidad,Leguminosas,0,Gramos,Cartago,Cartago,Oriental,1482.06,1450,1.028629142679658
2025-04-01,2,Frijoles negros primera calidad,Leguminosas,0,Gramos,Heredia,Heredia,Heredia,1375.82,1450,0.9548329738365539
2025-04-01,2,Frijoles negros primera calidad,Leguminosas,0,Gramos,Limon,Limon,Limon,1394.58,1450,0.9556049922260462
2025-04-01,3,Leche fluida corta duracion,Lacteos,0,Mililitros,San Jose,San Jose,Carmen,854.51,850,0.9993663557107453
2025-04-01,3,Leche fluida corta duracion,Lacteos,0,Mililitros,Alajuela,Alajuela,Alajuela,856.89,850,1.0083776358338563
2025-04-01,3,Leche fluida corta duracion,Lacteos,0,Mililitros,Cartago,Cartago,Oriental,821.34,850,0.9586673457600262
2025-04-01,3,Leche fluida corta duracion,Lacteos,0,Mililitros,Heredia,Heredia,Heredia,866.17,850,1.0118394770279175
2025-04-01,3,Leche fluida corta duracion,Lacteos,0,Mililitros,Limon,Limon,Limon,885.51,850,1.0323971946862003
2025-04-01,4,Tomate,Vegetales,0,Kilogramo,San Jose,San Jose,Carmen,1513.8,1500,1.0148898548253125
2025-04-01,4,Tomate,Vegetales,0,Kilogramo,Alajuela,Alajuela,Alajuela,1518.36,1500,1.0059917924776722
2025-04-01,4,Tomate,Vegetales,0,Kilogramo,Cartago,Cartago,Oriental,1428.06,1500,0.9505764474890982
2025-04-01,4,Tomate,Vegetales,0,Kilogramo,Heredia,Heredia,Heredia,1570.6,1500,1.0468788429002176
2025-04-01,4,Tomate,Vegetales,0,Kilogramo,Limon,Limon,Limon,1491.04,1500,0.9906866841263581
2025-04-01,5,Aceite vegetal,Grasas,1,Mililitros,San Jose,San Jose,Carmen,1446.68,1450,0.9977698978849024
2025-04-01,5,Aceite vegetal,Grasas,1,Mililitros,Alajuela,Alajuela,Alajuela,1492.76,1450,1.0271800859715594
2025-04-01,5,Aceite vegetal,Grasas,1,Mililitros,Cartago,Cartago,Oriental,1468.98,1450,1.0138363455296673
2025-04-01,5,Aceite vegetal,Grasas,1,Mililitros,Heredia,Heredia,Heredia,1391.84,1450,0.9664032951392546
2025-04-01,5,Aceite vegetal,Grasas,1,Mililitros,Limon,Limon,Limon,1447.43,1450,0.9964769597020021
2025-05-01,1,Arroz grano entero 80%,Cereales,0,Kilogramo,San Jose,San Jose,Carmen,837.38,820,1.0312338278416031
2025-05-01,1,Arroz grano entero 80%,Cereales,0,Kilogramo,Alajuela,Alajuela,Alajuela,853.75,820,1.0422986843138755
2025-05-01,1,Arroz grano entero 80%,Cereales,0,Kilogramo,Cartago,Cartago,Oriental,811.01,820,0.9807295996860503
2025-05-01,1,Arroz grano entero 80%,Cereales,0,Kilogramo,Heredia,Heredia,Heredia,803.74,820,0.981374555846307
2025-05-01,1,Arroz grano entero 80%,Cereales,0,Kilogramo,Limon,Limon,Limon,790.78,820,0.9665136866256228
2025-05-01,2,Frijoles negros primera calidad,Leguminosas,0,Gramos,San Jose,San Jose,Carmen,1434.7,1450,0.9906841779165823
2025-05-01,2,Frijoles negros primera calidad,Leguminosas,0,Gramos,Alajuela,Alajuela,Alajuela,1422.78,1450,0.9863095499590966
2025-05-01,2,Frijoles negros primera calidad,Leguminosas,0,Gramos,Cartago,Cartago,Oriental,1422.82,1450,0.9847002067759347
2025-05-01,2,Frijoles negros primera calidad,Leguminosas,0,Gramos,Heredia,Heredia,Heredia,1451.49,1450,1.0025557891243657
2025-05-01,2,Frijoles negros primera calidad,Leguminosas,0,Gramos,Limon,Limon,Limon,1437.19,1450,0.9855318162453968
2025-05-01,3,Leche fluida corta duracion,Lacteos,0,Mililitros,San Jose,San Jose,Carmen,890.61,850,1.0402116005366544
2025-05-01,3,Leche fluida corta duracion,Lacteos,0,Mililitros,Alajuela,Alajuela,Alajuela,825.73,850,0.9761394200243526
2025-05-01,3,Leche fluida corta duracion,Lacteos,0,Mililitros,Cartago,Cartago,Oriental,886.45,850,1.0369197174055111
2025-05-01,3,Leche fluida corta duracion,Lacteos,0,Mililitros,Heredia,Heredia,Heredia,820.56,850,0.9672901575005376
2025-05-01,3,Leche fluida corta duracion,Lacteos,0,Mililitros,Limon,Limon,Limon,886.69,850,1.0450601941172113
2025-05-01,4,Tomate,Vegetales,0,Kilogramo,San Jose,San Jose,Carmen,1452.51,1500,0.9642487576864724
2025-05-01,4,Tomate,Vegetales,0,Kilogramo,Alajuela,Alajuela,Alajuela,1492.27,1500,1.0014993762248712
2025-05-01,4,Tomate,Vegetales,0,Kilogramo,Cartago,Cartago,Oriental,1441.51,1500,0.9595123096581641
2025-05-01,4,Tomate,Vegetales,0,Kilogramo,Heredia,Heredia,Heredia,1537.05,1500,1.021109853466034
2025-05-01,4,Tomate,Vegetales,0,Kilogramo,Limon,Limon,Limon,1451.11,1500,0.9739149582102065
2025-05-01,5,Aceite vegetal,Grasas,1,Mililitros,San Jose,San Jose,Carmen,1376.75,1450,0.9505892451692085
2025-05-01,5,Aceite vegetal,Grasas,1,Mililitros,Alajuela,Alajuela,Alajuela,1490.61,1450,1.0250934017409978
2025-05-01,5,Aceite vegetal,Grasas,1,Mililitros,Cartago,Cartago,Oriental,1440.56,1450,0.9886565767288511
2025-05-01,5,Aceite vegetal,Grasas,1,Mililitros,Heredia,Heredia,Heredia,1415.68,1450,0.9817710429451111
2025-05-01,5,Aceite vegetal,Grasas,1,Mililitros,Limon,Limon,Limon,1455.77,1450,1.0090666473454917
2025-06-01,1,Arroz grano entero 80%,Cereales,0,Kilogramo,San Jose,San Jose,Carmen,858.74,820,1.0421084887676024
2025-06-01,1,Arroz grano entero 80%,Cereales,0,Kilogramo,Alajuela,Alajuela,Alajuela,785.99,820,0.9676381486764207
2025-06-01,1,Arroz grano entero 80%,Cereales,0,Kilogramo,Cartago,Cartago,Oriental,796.82,820,0.9750584234433615
2025-06-01,1,Arroz grano entero 80%,Cereales,0,Kilogramo,Heredia,Heredia,Heredia,851.46,820,1.037516949149849
2025-06-01,1,Arroz grano entero 80%,Cereales,0,Kilogramo,Limon,Limon,Limon,776.4,820,0.950110703350979
2025-06-01,2,Frijoles negros primera calidad,Leguminosas,0,Gramos,San Jose,San Jose,Carmen,1440.27,1450,0.9952757491463846
2025-06-01,2,Frijoles negros primera calidad,Leguminosas,0,Gramos,Alajuela,Alajuela,Alajuela,1484.57,1450,1.0261853108157
2025-06-01,2,Frijoles negros primera calidad,Leguminosas,0,Gramos,Cartago,Cartago,Oriental,1515.54,1450,1.0458073533977978
2025-06-01,2,Frijoles negros primera calidad,Leguminosas,0,Gramos,Heredia,Heredia,Heredia,1465.87,1450,1.0086963500808026
2025-06-01,2,Frijoles negros primera calidad,Leguminosas,0,Gramos,Limon,Limon,Limon,1396.56,1450,0.9595419311877976
2025-06-01,3,Leche fluida corta duracion,Lacteos,0,Mililitros,San Jose,San Jose,Carmen,858.26,850,1.0038382893763524
2025-06-01,3,Leche fluida corta duracion,Lacteos,0,Mililitros,Alajuela,Alajuela,Alajuela,800.9,850,0.9524253046763492
2025-06-01,3,Leche fluida corta duracion,Lacteos,0,Mililitros,Cartago,Cartago,Oriental,844.69,850,0.9962976609484823
2025-06-01,3,Leche fluida corta duracion,Lacteos,0,Mililitros,Heredia,Heredia,Heredia,819.19,850,0.974781628561285
2025-06-01,3,Leche fluida corta duracion,Lacteos,0,Mililitros,Limon,Limon,Limon,817.09,850,0.9519794172967582
2025-06-01,4,Tomate,Vegetales,0,Kilogramo,San Jose,San Jose,Carmen,1419.6,1500,0.9502108238624074
2025-06-01,4,Tomate,Vegetales,0,Kilogramo,Alajuela,Alajuela,Alajuela,1527.25,1500,1.0144005076197735
2025-06-01,4,Tomate,Vegetales,0,Kilogramo,Cartago,Cartago,Oriental,1533.2,1500,1.0287940905830562
2025-06-01,4,Tomate,Vegetales,0,Kilogramo,Heredia,Heredia,Heredia,1441.14,1500,0.9625929774411852
2025-06-01,4,Tomate,Vegetales,0,Kilogramo,Limon,Limon,Limon,1449.0,1500,0.9633616191222234
2025-06-01,5,Aceite vegetal,Grasas,1,Mililitros,San Jose,San Jose,Carmen,1485.28,1450,1.0308038720520434
2025-06-01,5,Aceite vegetal,Grasas,1,Mililitros,Alajuela,Alajuela,Alajuela,1441.36,1450,1.0007994052598388
2025-06-01,5,Aceite vegetal,Grasas,1,Mililitros,Cartago,Cartago,Oriental,1484.78,1450,1.0190017224364427
2025-06-01,5,Aceite vegetal,Grasas,1,Mililitros,Heredia,Heredia,Heredia,1433.76,1450,0.9830399878106136
2025-06-01,5,Aceite vegetal,Grasas,1,Mililitros,Limon,Limon,Limon,1444.21,1450,0.9901367806105698
2025-07-01,1,Arroz grano entero 80%,Cereales,0,Kilogramo,San Jose,San Jose,Carmen,831.62,820,1.0042839992588914
2025-07-01,1,Arroz grano entero 80%,Cereales,0,Kilogramo,Alajuela,Alajuela,Alajuela,788.64,820,0.9517120444723959
2025-07-01,1,Arroz grano entero 80%,Cereales,0,Kilogramo,Cartago,Cartago,Oriental,846.39,820,1.0438640781403368
2025-07-01,1,Arroz grano entero 80%,Cereales,0,Kilogramo,Heredia,Heredia,Heredia,817.7,820,0.9929018754529789
2025-07-01,1,Arroz grano entero 80%,Cereales,0,Kilogramo,Limon,Limon,Limon,853.95,820,1.0384310628969944
2025-07-01,2,Frijoles negros primera calidad,Leguminosas,0,Gramos,San Jose,San Jose,Carmen,1443.69,1450,0.9891473680677335
2025-07-01,2,Frijoles negros primera calidad,Leguminosas,0,Gramos,Alajuela,Alajuela,Alajuela,1477.94,1450,1.018103264384894
2025-07-01,2,Frijoles negros primera calidad,Leguminosas,0,Gramos,Cartago,Cartago,Oriental,1409.27,1450,0.9675200457204272
2025-07-01,2,Frijoles negros primera calidad,Leguminosas,0,Gramos,Heredia,Heredia,Heredia,1514.74,1450,1.0477779066988373
2025-07-01,2,Frijoles negros primera calidad,Leguminosas,0,Gramos,Limon,Limon,Limon,1374.36,1450,0.9527274997562741
2025-07-01,3,Leche fluida corta duracion,Lacteos,0,Mililitros,San Jose,San Jose,Carmen,827.27,850,0.9687999950792984
2025-07-01,3,Leche fluida corta duracion,Lacteos,0,Mililitros,Alajuela,Alajuela,Alajuela,888.03,850,1.0458876239812191
2025-07-01,3,Leche fluida corta duracion,Lacteos,0,Mililitros,Cartago,Cartago,Oriental,823.2,850,0.957179908057751
2025-07-01,3,Leche fluida corta duracion,Lacteos,0,Mililitros,Heredia,Heredia,Heredia,855.18,850,0.9961301396981671
2025-07-01,3,Leche fluida corta duracion,Lacteos,0,Mililitros,Limon,Limon,Limon,878.9,850,1.0419527768225179
2025-07-01,4,Tomate,Vegetales,0,Kilogramo,San Jose,San Jose,Carmen,1492.9,1500,0.9942247894079859
2025-07-01,4,Tomate,Vegetales,0,Kilogramo,Alajuela,Alajuela,Alajuela,1545.39,1500,1.0314137516889936
2025-07-01,4,Tomate,Vegetales,0,Kilogramo,Cartago,Cartago,Oriental,1575.61,1500,1.0447804090546426
2025-07-01,4,Tomate,Vegetales,0,Kilogramo,Heredia,Heredia,Heredia,1474.5,1500,0.9833667924188672
2025-07-01,4,Tomate,Vegetales,0,Kilogramo,Limon,Limon,Limon,1491.26,1500,0.9913623798827788
2025-07-01,5,Aceite vegetal,Grasas,1,Mililitros,San Jose,San Jose,Carmen,1501.41,1450,1.038366093352673
2025-07-01,5,Aceite vegetal,Grasas,1,Mililitros,Alajuela,Alajuela,Alajuela,1429.78,1450,0.9882372492657687
2025-07-01,5,Aceite vegetal,Grasas,1,Mililitros,Cartago,Cartago,Oriental,1514.35,1450,1.0439297357113546
2025-07-01,5,Aceite vegetal,Grasas,1,Mililitros,Heredia,Heredia,Heredia,1389.78,1450,0.9587784741099092
2025-07-01,5,Aceite vegetal,Grasas,1,Mililitros,Limon,Limon,Limon,1458.19,1450,1.004589622535298
2025-08-01,1,Arroz grano entero 80%,Cereales,0,Kilogramo,San Jose,San Jose,Carmen,843.55,820,1.030571596886766
2025-08-01,1,Arroz grano entero 80%,Cereales,0,Kilogramo,Alajuela,Alajuela,Alajuela,804.65,820,0.9835481472321701
2025-08-01,1,Arroz grano entero 80%,Cereales,0,Kilogramo,Cartago,Cartago,Oriental,808.0,820,0.9765540490819411
2025-08-01,1,Arroz grano entero 80%,Cereales,0,Kilogramo,Heredia,Heredia,Heredia,788.06,820,0.9513241499837976
2025-08-01,1,Arroz grano entero 80%,Cereales,0,Kilogramo,Limon,Limon,Limon,844.0,820,1.0199361525344979
2025-08-01,2,Frijoles negros primera calidad,Leguminosas,0,Gramos,San Jose,San Jose,Carmen,1394.81,1450,0.963721483808531
2025-08-01,2,Frijoles negros primera calidad,Leguminosas,0,Gramos,Alajuela,Alajuela,Alajuela,1445.4,1450,0.996165963244419
2025-08-01,2,Frijoles negros primera calidad,Leguminosas,0,Gramos,Cartago,Cartago,Oriental,1374.11,1450,0.953909945480512
2025-08-01,2,Frijoles negros primera calidad,Leguminosas,0,Gramos,Heredia,Heredia,Heredia,1483.96,1450,1.0168142794668862
2025-08-01,2,Frijoles negros primera calidad,Leguminosas,0,Gramos,Limon,Limon,Limon,1525.67,1450,1.0486826875519615
2025-08-01,3,Leche fluida corta duracion,Lacteos,0,Mililitros,San Jose,San Jose,Carmen,854.33,850,1.0160212553223262
2025-08-01,3,Leche fluida corta duracion,Lacteos,0,Mililitros,Alajuela,Alajuela,Alajuela,822.76,850,0.9603425731133111
2025-08-01,3,Leche fluida corta duracion,Lacteos,0,Mililitros,Cartago,Cartago,Oriental,840.57,850,0.9780777390936884
2025-08-01,3,Leche fluida corta duracion,Lacteos,0,Mililitros,Heredia,Heredia,Heredia,888.65,850,1.0408701567514052
2025-08-01,3,Leche fluida corta duracion,Lacteos,0,Mililitros,Limon,Limon,Limon,846.95,850,0.99509506293132
2025-08-01,4,Tomate,Vegetales,0,Kilogramo,San Jose,San Jose,Carmen,1461.06,1500,0.9758793735489972
2025-08-01,4,Tomate,Vegetales,0,Kilogramo,Alajuela,Alajuela,Alajuela,1538.16,1500,1.021046739405506
2025-08-01,4,Tomate,Vegetales,0,Kilogramo,Cartago,Cartago,Oriental,1505.75,1500,1.002072239364661
2025-08-01,4,Tomate,Vegetales,0,Kilogramo,Heredia,Heredia,Heredia,1496.14,1500,0.999961544556956
2025-08-01,4,Tomate,Vegetales,0,Kilogramo,Limon,Limon,Limon,1565.98,1500,1.0411392696999278
2025-08-01,5,Aceite vegetal,Grasas,1,Mililitros,San Jose,San Jose,Carmen,1488.59,1450,1.0276403157021166
2025-08-01,5,Aceite vegetal,Grasas,1,Mililitros,Alajuela,Alajuela,Alajuela,1437.09,1450,0.9948028351841781
2025-08-01,5,Aceite vegetal,Grasas,1,Mililitros,Cartago,Cartago,Oriental,1456.79,1450,1.0064704588324733
2025-08-01,5,Aceite vegetal,Grasas,1,Mililitros,Heredia,Heredia,Heredia,1516.53,1450,1.0428489809528496
2025-08-01,5,Aceite vegetal,Grasas,1,Mililitros,Limon,Limon,Limon,1424.3,1450,0.9863071160753719
2025-09-01,1,Arroz grano entero 80%,Cereales,0,Kilogramo,San Jose,San Jose,Carmen,780.52,820,0.9617082616027812
2025-09-01,1,Arroz grano entero 80%,Cereales,0,Kilogramo,Alajuela,Alajuela,Alajuela,779.48,820,0.9565442067811105
2025-09-01,1,Arroz grano entero 80%,Cereales,0,Kilogramo,Cartago,Cartago,Oriental,803.34,820,0.9758992334129849
2025-09-01,1,Arroz grano entero 80%,Cereales,0,Kilogramo,Heredia,Heredia,Heredia,829.65,820,1.017493937371908
2025-09-01,1,Arroz grano entero 80%,Cereales,0,Kilogramo,Limon,Limon,Limon,805.18,820,0.9752550736278667
2025-09-01,2,Frijoles negros primera calidad,Leguminosas,0,Gramos,San Jose,San Jose,Carmen,1389.48,1450,0.9517509075754814
2025-09-01,2,Frijoles negros primera calidad,Leguminosas,0,Gramos,Alajuela,Alajuela,Alajuela,1420.25,1450,0.9748699598012591
2025-09-01,2,Frijoles negros primera calidad,Leguminosas,0,Gramos,Cartago,Cartago,Oriental,1467.18,1450,1.0152687580529838
2025-09-01,2,Frijoles negros primera calidad,Leguminosas,0,Gramos,Heredia,Heredia,Heredia,1432.36,1450,0.9844580336752876
2025-09-01,2,Frijoles negros primera calidad,Leguminosas,0,Gramos,Limon,Limon,Limon,1465.44,1450,1.0108073928258814
2025-09-01,3,Leche fluida corta duracion,Lacteos,0,Mililitros,San Jose,San Jose,Carmen,892.79,850,1.0473954584304752
2025-09-01,3,Leche fluida corta duracion,Lacteos,0,Mililitros,Alajuela,Alajuela,Alajuela,820.23,850,0.9570075712034289
2025-09-01,3,Leche fluida corta duracion,Lacteos,0,Mililitros,Cartago,Cartago,Oriental,883.25,850,1.0281293810285637
2025-09-01,3,Leche fluida corta duracion,Lacteos,0,Mililitros,Heredia,Heredia,Heredia,805.22,850,0.9562386903874852
2025-09-01,3,Leche fluida corta duracion,Lacteos,0,Mililitros,Limon,Limon,Limon,807.3,850,0.9607377911688166
2025-09-01,4,Tomate,Vegetales,0,Kilogramo,San Jose,San Jose,Carmen,1493.13,1500,0.9974790985635221
2025-09-01,4,Tomate,Vegetales,0,Kilogramo,Alajuela,Alajuela,Alajuela,1453.06,1500,0.9692375599104226
2025-09-01,4,Tomate,Vegetales,0,Kilogramo,Cartago,Cartago,Oriental,1472.28,1500,0.9807908606322954
2025-09-01,4,Tomate,Vegetales,0,Kilogramo,Heredia,Heredia,Heredia,1432.99,1500,0.9507918852935093
2025-09-01,4,Tomate,Vegetales,0,Kilogramo,Limon,Limon,Limon,1429.34,1500,0.95229647411704
2025-09-01,5,Aceite vegetal,Grasas,1,Mililitros,San Jose,San Jose,Carmen,1408.12,1450,0.9747879314612813
2025-09-01,5,Aceite vegetal,Grasas,1,Mililitros,Alajuela,Alajuela,Alajuela,1460.92,1450,1.0144049989278767
2025-09-01,5,Aceite vegetal,Grasas,1,Mililitros,Cartago,Cartago,Oriental,1505.32,1450,1.0432612832030579
2025-09-01,5,Aceite vegetal,Grasas,1,Mililitros,Heredia,Heredia,Heredia,1413.73,1450,0.9766459279244982
2025-09-01,5,Aceite vegetal,Grasas,1,Mililitros,Limon,Limon,Limon,1466.27,1450,1.008088014713437
2025-10-01,1,Arroz grano entero 80%,Cereales,0,Kilogramo,San Jose,San Jose,Carmen,844.19,820,1.0181079240601996
2025-10-01,1,Arroz grano entero 80%,Cereales,0,Kilogramo,Alajuela,Alajuela,Alajuela,820.6,820,0.9893978937250667
2025-10-01,1,Arroz grano entero 80%,Cereales,0,Kilogramo,Cartago,Cartago,Oriental,830.17,820,1.0199074785870939
2025-10-01,1,Arroz grano entero 80%,Cereales,0,Kilogramo,Heredia,Heredia,Heredia,799.34,820,0.9712729702862829
2025-10-01,1,Arroz grano entero 80%,Cereales,0,Kilogramo,Limon,Limon,Limon,831.34,820,1.0178300263044233
2025-10-01,2,Frijoles negros primera calidad,Leguminosas,0,Gramos,San Jose,San Jose,Carmen,1442.07,1450,0.9990680215395528
2025-10-01,2,Frijoles negros primera calidad,Leguminosas,0,Gramos,Alajuela,Alajuela,Alajuela,1432.12,1450,0.9855654865017931
2025-10-01,2,Frijoles negros primera calidad,Leguminosas,0,Gramos,Cartago,Cartago,Oriental,1439.88,1450,0.9877009223527307
2025-10-01,2,Frijoles negros primera calidad,Leguminosas,0,Gramos,Heredia,Heredia,Heredia,1424.92,1450,0.9784259054675809
2025-10-01,2,Frijoles negros primera calidad,Leguminosas,0,Gramos,Limon,Limon,Limon,1449.35,1450,1.0055476518940925
2025-10-01,3,Leche fluida corta duracion,Lacteos,0,Mililitros,San Jose,San Jose,Carmen,825.39,850,0.9637404981158972
2025-10-01,3,Leche fluida corta duracion,Lacteos,0,Mililitros,Alajuela,Alajuela,Alajuela,812.06,850,0.9539432398022573
2025-10-01,3,Leche fluida corta duracion,Lacteos,0,Mililitros,Cartago,Cartago,Oriental,881.29,850,1.038213708073642
2025-10-01,3,Leche fluida corta duracion,Lacteos,0,Mililitros,Heredia,Heredia,Heredia,820.15,850,0.969676221244075
2025-10-01,3,Leche fluida corta duracion,Lacteos,0,Mililitros,Limon,Limon,Limon,835.93,850,0.9769836810811732
2025-10-01,4,Tomate,Vegetales,0,Kilogramo,San Jose,San Jose,Carmen,1542.14,1500,1.0240801602653662
2025-10-01,4,Tomate,Vegetales,0,Kilogramo,Alajuela,Alajuela,Alajuela,1507.82,1500,1.004063507994804
2025-10-01,4,Tomate,Vegetales,0,Kilogramo,Cartago,Cartago,Oriental,1510.87,1500,1.0026413833792762
2025-10-01,4,Tomate,Vegetales,0,Kilogramo,Heredia,Heredia,Heredia,1476.07,1500,0.9812740628427312
2025-10-01,4,Tomate,Vegetales,0,Kilogramo,Limon,Limon,Limon,1464.27,1500,0.9805009919432046
2025-10-01,5,Aceite vegetal,Grasas,1,Mililitros,San Jose,San Jose,Carmen,1470.0,1450,1.0195599815314846
2025-10-01,5,Aceite vegetal,Grasas,1,Mililitros,Alajuela,Alajuela,Alajuela,1502.49,1450,1.037901691849298
2025-10-01,5,Aceite vegetal,Grasas,1,Mililitros,Cartago,Cartago,Oriental,1472.23,1450,1.016948246848428
2025-10-01,5,Aceite vegetal,Grasas,1,Mililitros,Heredia,Heredia,Heredia,1499.56,1450,1.0397340604074163
2025-10-01,5,Aceite vegetal,Grasas,1,Mililitros,Limon,Limon,Limon,1446.41,1450,0.9974022857114816
2025-11-01,1,Arroz grano entero 80%,Cereales,0,Kilogramo,San Jose,San Jose,Carmen,829.92,820,1.005352685543573
2025-11-01,1,Arroz grano entero 80%,Cereales,0,Kilogramo,Alajuela,Alajuela,Alajuela,840.88,820,1.0250607863701686
2025-11-01,1,Arroz grano entero 80%,Cereales,0,Kilogramo,Cartago,Cartago,Oriental,810.34,820,0.9762522790607998
2025-11-01,1,Arroz grano entero 80%,Cereales,0,Kilogramo,Heredia,Heredia,Heredia,818.75,820,1.00762400677418
2025-11-01,1,Arroz grano entero 80%,Cereales,0,Kilogramo,Limon,Limon,Limon,803.19,820,0.9694783729113352
2025-11-01,2,Frijoles negros primera calidad,Leguminosas,0,Gramos,San Jose,San Jose,Carmen,1388.95,1450,0.963274430832642
2025-11-01,2,Frijoles negros primera calidad,Leguminosas,0,Gramos,Alajuela,Alajuela,Alajuela,1470.34,1450,1.0197953092140066
2025-11-01,2,Frijoles negros primera calidad,Leguminosas,0,Gramos,Cartago,Cartago,Oriental,1406.2,1450,0.966735743940757
2025-11-01,2,Frijoles negros primera calidad,Leguminosas,0,Gramos,Heredia,Heredia,Heredia,1475.94,1450,1.022000181958216
2025-11-01,2,Frijoles negros primera calidad,Leguminosas,0,Gramos,Limon,Limon,Limon,1518.19,1450,1.0459465348931292
2025-11-01,3,Leche fluida corta duracion,Lacteos,0,Mililitros,San Jose,San Jose,Carmen,857.09,850,1.0169060426944498
2025-11-01,3,Leche fluida corta duracion,Lacteos,0,Mililitros,Alajuela,Alajuela,Alajuela,814.11,850,0.9634970527046521
2025-11-01,3,Leche fluida corta duracion,Lacteos,0,Mililitros,Cartago,Cartago,Oriental,873.85,850,1.0365006649932194
2025-11-01,3,Leche fluida corta duracion,Lacteos,0,Mililitros,Heredia,Heredia,Heredia,888.59,850,1.0341940414553386
2025-11-01,3,Leche fluida corta duracion,Lacteos,0,Mililitros,Limon,Limon,Limon,806.42,850,0.958934651496502
2025-11-01,4,Tomate,Vegetales,0,Kilogramo,San Jose,San Jose,Carmen,1441.15,1500,0.9622170125402846
2025-11-01,4,Tomate,Vegetales,0,Kilogramo,Alajuela,Alajuela,Alajuela,1430.94,1500,0.9506531661496175
2025-11-01,4,Tomate,Vegetales,0,Kilogramo,Cartago,Cartago,Oriental,1468.4,1500,0.974993703598485
2025-11-01,4,Tomate,Vegetales,0,Kilogramo,Heredia,Heredia,Heredia,1483.16,1500,0.9889970940502567
2025-11-01,4,Tomate,Vegetales,0,Kilogramo,Limon,Limon,Limon,1445.09,1500,0.9680007393062412
2025-11-01,5,Aceite vegetal,Grasas,1,Mililitros,San Jose,San Jose,Carmen,1472.67,1450,1.0179492183515173
2025-11-01,5,Aceite vegetal,Grasas,1,Mililitros,Alajuela,Alajuela,Alajuela,1493.85,1450,1.0359039251523998
2025-11-01,5,Aceite vegetal,Grasas,1,Mililitros,Cartago,Cartago,Oriental,1521.81,1450,1.0499557569556601
2025-11-01,5,Aceite vegetal,Grasas,1,Mililitros,Heredia,Heredia,Heredia,1444.16,1450,1.0021071526585927
2025-11-01,5,Aceite vegetal,Grasas,1,Mililitros,Limon,Limon,Limon,1510.5,1450,1.0443899738431364
2025-12-01,1,Arroz grano entero 80%,Cereales,0,Kilogramo,San Jose,San Jose,Carmen,801.96,820,0.9752385042378088
2025-12-01,1,Arroz grano entero 80%,Cereales,0,Kilogramo,Alajuela,Alajuela,Alajuela,839.61,820,1.0357458580791468
2025-12-01,1,Arroz grano entero 80%,Cereales,0,Kilogramo,Cartago,Cartago,Oriental,847.57,820,1.0399896555437058
2025-12-01,1,Arroz grano entero 80%,Cereales,0,Kilogramo,Heredia,Heredia,Heredia,814.95,820,0.9983711974714207
2025-12-01,1,Arroz grano entero 80%,Cereales,0,Kilogramo,Limon,Limon,Limon,843.84,820,1.0345510067976171
2025-12-01,2,Frijoles negros primera calidad,Leguminosas,0,Gramos,San Jose,San Jose,Carmen,1441.57,1450,0.9958667694834488
2025-12-01,2,Frijoles negros primera calidad,Leguminosas,0,Gramos,Alajuela,Alajuela,Alajuela,1419.69,1450,0.9858416446228357
2025-12-01,2,Frijoles negros primera calidad,Leguminosas,0,Gramos,Cartago,Cartago,Oriental,1429.02,1450,0.9853518788512048
2025-12-01,2,Frijoles negros primera calidad,Leguminosas,0,Gramos,Heredia,Heredia,Heredia,1416.85,1450,0.9804480416822519
2025-12-01,2,Frijoles negros primera calidad,Leguminosas,0,Gramos,Limon,Limon,Limon,1464.35,1450,1.0100935710171774
2025-12-01,3,Leche fluida corta duracion,Lacteos,0,Mililitros,San Jose,San Jose,Carmen,820.75,850,0.9589823512821172
2025-12-01,3,Leche fluida corta duracion,Lacteos,0,Mililitros,Alajuela,Alajuela,Alajuela,825.09,850,0.979064778191159
2025-12-01,3,Leche fluida corta duracion,Lacteos,0,Mililitros,Cartago,Cartago,Oriental,816.44,850,0.9562428304342416
2025-12-01,3,Leche fluida corta duracion,Lacteos,0,Mililitros,Heredia,Heredia,Heredia,821.58,850,0.9655710123852913
2025-12-01,3,Leche fluida corta duracion,Lacteos,0,Mililitros,Limon,Limon,Limon,812.54,850,0.9669570444637346
2025-12-01,4,Tomate,Vegetales,0,Kilogramo,San Jose,San Jose,Carmen,1501.62,1500,1.0030986997390494
2025-12-01,4,Tomate,Vegetales,0,Kilogramo,Alajuela,Alajuela,Alajuela,1481.57,1500,0.9829815148173506
2025-12-01,4,Tomate,Vegetales,0,Kilogramo,Cartago,Cartago,Oriental,1520.59,1500,1.0116003500882358
2025-12-01,4,Tomate,Vegetales,0,Kilogramo,Heredia,Heredia,Heredia,1482.08,1500,0.9869736291010516
2025-12-01,4,Tomate,Vegetales,0,Kilogramo,Limon,Limon,Limon,1469.6,1500,0.9812477393123494
2025-12-01,5,Aceite vegetal,Grasas,1,Mililitros,San Jose,San Jose,Carmen,1471.87,1450,1.0119054856114482
2025-12-01,5,Aceite vegetal,Grasas,1,Mililitros,Alajuela,Alajuela,Alajuela,1486.67,1450,1.0198219370788053
2025-12-01,5,Aceite vegetal,Grasas,1,Mililitros,Cartago,Cartago,Oriental,1440.95,1450,0.987603374548153
2025-12-01,5,Aceite vegetal,Grasas,1,Mililitros,Heredia,Heredia,Heredia,1496.0,1450,1.0327750447677106
2025-12-01,5,Aceite vegetal,Grasas,1,Mililitros,Limon,Limon,Limon,1434.73,1450,0.9876138666217237
2026-01-01,1,Arroz grano entero 80%,Cereales,0,Kilogramo,San Jose,San Jose,Carmen,793.86,820,0.9707073261937127
2026-01-01,1,Arroz grano entero 80%,Cereales,0,Kilogramo,Alajuela,Alajuela,Alajuela,857.51,820,1.0475231092095314
2026-01-01,1,Arroz grano entero 80%,Cereales,0,Kilogramo,Cartago,Cartago,Oriental,819.35,820,0.9872829764501981
2026-01-01,1,Arroz grano entero 80%,Cereales,0,Kilogramo,Heredia,Heredia,Heredia,814.78,820,0.9954024140217664
2026-01-01,1,Arroz grano entero 80%,Cereales,0,Kilogramo,Limon,Limon,Limon,809.8,820,0.9826958116738264
2026-01-01,2,Frijoles negros primera calidad,Leguminosas,0,Gramos,San Jose,San Jose,Carmen,1504.85,1450,1.042802185335953
2026-01-01,2,Frijoles negros primera calidad,Leguminosas,0,Gramos,Alajuela,Alajuela,Alajuela,1428.54,1450,0.9910889644157217
2026-01-01,2,Frijoles negros primera calidad,Leguminosas,0,Gramos,Cartago,Cartago,Oriental,1442.19,1450,0.9923106008803652
2026-01-01,2,Frijoles negros primera calidad,Leguminosas,0,Gramos,Heredia,Heredia,Heredia,1434.0,1450,0.9875543430195298
2026-01-01,2,Frijoles negros primera calidad,Leguminosas,0,Gramos,Limon,Limon,Limon,1510.47,1450,1.0361968800156705
2026-01-01,3,Leche fluida corta duracion,Lacteos,0,Mililitros,San Jose,San Jose,Carmen,824.51,850,0.9692031360343139
2026-01-01,3,Leche fluida corta duracion,Lacteos,0,Mililitros,Alajuela,Alajuela,Alajuela,851.28,850,0.9916350119992301
2026-01-01,3,Leche fluida corta duracion,Lacteos,0,Mililitros,Cartago,Cartago,Oriental,877.83,850,1.0268263819014896
2026-01-01,3,Leche fluida corta duracion,Lacteos,0,Mililitros,Heredia,Heredia,Heredia,802.17,850,0.955361127957389
2026-01-01,3,Leche fluida corta duracion,Lacteos,0,Mililitros,Limon,Limon,Limon,817.18,850,0.9675904292043036
2026-01-01,4,Tomate,Vegetales,0,Kilogramo,San Jose,San Jose,Carmen,1435.28,1500,0.9508720059879028
2026-01-01,4,Tomate,Vegetales,0,Kilogramo,Alajuela,Alajuela,Alajuela,1512.6,1500,1.0048447203850497
2026-01-01,4,Tomate,Vegetales,0,Kilogramo,Cartago,Cartago,Oriental,1520.76,1500,1.0110853554063681
2026-01-01,4,Tomate,Vegetales,0,Kilogramo,Heredia,Heredia,Heredia,1564.81,1500,1.0451965765985936
2026-01-01,4,Tomate,Vegetales,0,Kilogramo,Limon,Limon,Limon,1443.82,1500,0.9560111540204592
2026-01-01,5,Aceite vegetal,Grasas,1,Mililitros,San Jose,San Jose,Carmen,1512.79,1450,1.0429125099129728
2026-01-01,5,Aceite vegetal,Grasas,1,Mililitros,Alajuela,Alajuela,Alajuela,1466.47,1450,1.015731433705606
2026-01-01,5,Aceite vegetal,Grasas,1,Mililitros,Cartago,Cartago,Oriental,1462.86,1450,1.011980816022364
2026-01-01,5,Aceite vegetal,Grasas,1,Mililitros,Heredia,Heredia,Heredia,1455.13,1450,1.0056552069221647
2026-01-01,5,Aceite vegetal,Grasas,1,Mililitros,Limon,Limon,Limon,1385.26,1450,0.950410259268731
2026-02-01,1,Arroz grano entero 80%,Cereales,0,Kilogramo,San Jose,San Jose,Carmen,868.54,820,1.0498885828931772
2026-02-01,1,Arroz grano entero 80%,Cereales,0,Kilogramo,Alajuela,Alajuela,Alajuela,842.55,820,1.0261573738255068
2026-02-01,1,Arroz grano entero 80%,Cereales,0,Kilogramo,Cartago,Cartago,Oriental,800.83,820,0.9762113323944883
2026-02-01,1,Arroz grano entero 80%,Cereales,0,Kilogramo,Heredia,Heredia,Heredia,813.76,820,0.9836339810295486
2026-02-01,1,Arroz grano entero 80%,Cereales,0,Kilogramo,Limon,Limon,Limon,834.85,820,1.0081189147681457
2026-02-01,2,Frijoles negros primera calidad,Leguminosas,0,Gramos,San Jose,San Jose,Carmen,1492.94,1450,1.027328407744119
2026-02-01,2,Frijoles negros primera calidad,Leguminosas,0,Gramos,Alajuela,Alajuela,Alajuela,1432.46,1450,0.984638732493069
2026-02-01,2,Frijoles negros primera calidad,Leguminosas,0,Gramos,Cartago,Cartago,Oriental,1464.71,1450,1.0044458629038093
2026-02-01,2,Frijoles negros primera calidad,Leguminosas,0,Gramos,Heredia,Heredia,Heredia,1486.54,1450,1.0295414812858026
2026-02-01,2,Frijoles negros primera calidad,Leguminosas,0,Gramos,Limon,Limon,Limon,1504.5,1450,1.0395655182381058
2026-02-01,3,Leche fluida corta duracion,Lacteos,0,Mililitros,San Jose,San Jose,Carmen,830.59,850,0.9768547472060434
2026-02-01,3,Leche fluida corta duracion,Lacteos,0,Mililitros,Alajuela,Alajuela,Alajuela,822.07,850,0.9664613437914878
2026-02-01,3,Leche fluida corta duracion,Lacteos,0,Mililitros,Cartago,Cartago,Oriental,860.76,850,1.0209566699131503
2026-02-01,3,Leche fluida corta duracion,Lacteos,0,Mililitros,Heredia,Heredia,Heredia,833.71,850,0.9701071378463797
2026-02-01,3,Leche fluida corta duracion,Lacteos,0,Mililitros,Limon,Limon,Limon,854.3,850,1.01396632017608
2026-02-01,4,Tomate,Vegetales,0,Kilogramo,San Jose,San Jose,Carmen,1510.95,1500,1.0085344069623956
2026-02-01,4,Tomate,Vegetales,0,Kilogramo,Alajuela,Alajuela,Alajuela,1537.61,1500,1.0189757151697596
2026-02-01,4,Tomate,Vegetales,0,Kilogramo,Cartago,Cartago,Oriental,1556.45,1500,1.0431399130656194
2026-02-01,4,Tomate,Vegetales,0,Kilogramo,Heredia,Heredia,Heredia,1563.38,1500,1.038317497698483
2026-02-01,4,Tomate,Vegetales,0,Kilogramo,Limon,Limon,Limon,1534.49,1500,1.021103076996895
2026-02-01,5,Aceite vegetal,Grasas,1,Mililitros,San Jose,San Jose,Carmen,1408.87,1450,0.9753143628001382
2026-02-01,5,Aceite vegetal,Grasas,1,Mililitros,Alajuela,Alajuela,Alajuela,1486.82,1450,1.0221718934718753
2026-02-01,5,Aceite vegetal,Grasas,1,Mililitros,Cartago,Cartago,Oriental,1527.34,1450,1.0465900463223934
2026-02-01,5,Aceite vegetal,Grasas,1,Mililitros,Heredia,Heredia,Heredia,1487.57,1450,1.0215950556444187
2026-02-01,5,Aceite vegetal,Grasas,1,Mililitros,Limon,Limon,Limon,1494.62,1450,1.0310478254920865
2026-03-01,1,Arroz grano entero 80%,Cereales,0,Kilogramo,San Jose,San Jose,Carmen,833.35,820,1.0235336178674224
2026-03-01,1,Arroz grano entero 80%,Cereales,0,Kilogramo,Alajuela,Alajuela,Alajuela,800.8,820,0.9688485370215403
2026-03-01,1,Arroz grano entero 80%,Cereales,0,Kilogramo,Cartago,Cartago,Oriental,838.15,820,1.010653061639228
2026-03-01,1,Arroz grano entero 80%,Cereales,0,Kilogramo,Heredia,Heredia,Heredia,856.52,820,1.046374946831908
2026-03-01,1,Arroz grano entero 80%,Cereales,0,Kilogramo,Limon,Limon,Limon,833.38,820,1.0274886478613776
2026-03-01,2,Frijoles negros primera calidad,Leguminosas,0,Gramos,San Jose,San Jose,Carmen,1474.97,1450,1.0189729078139753
2026-03-01,2,Frijoles negros primera calidad,Leguminosas,0,Gramos,Alajuela,Alajuela,Alajuela,1415.94,1450,0.9741373202757457
2026-03-01,2,Frijoles negros primera calidad,Leguminosas,0,Gramos,Cartago,Cartago,Oriental,1496.6,1450,1.0257017187456894
2026-03-01,2,Frijoles negros primera calidad,Leguminosas,0,Gramos,Heredia,Heredia,Heredia,1422.54,1450,0.976578416202737
2026-03-01,2,Frijoles negros primera calidad,Leguminosas,0,Gramos,Limon,Limon,Limon,1507.09,1450,1.0460150374499888
2026-03-01,3,Leche fluida corta duracion,Lacteos,0,Mililitros,San Jose,San Jose,Carmen,854.92,850,0.9949332873190654
2026-03-01,3,Leche fluida corta duracion,Lacteos,0,Mililitros,Alajuela,Alajuela,Alajuela,871.53,850,1.0335380258393614
2026-03-01,3,Leche fluida corta duracion,Lacteos,0,Mililitros,Cartago,Cartago,Oriental,836.98,850,0.991705645478564
2026-03-01,3,Leche fluida corta duracion,Lacteos,0,Mililitros,Heredia,Heredia,Heredia,854.02,850,1.013022353756071
2026-03-01,3,Leche fluida corta duracion,Lacteos,0,Mililitros,Limon,Limon,Limon,841.19,850,0.9889799163615788
2026-03-01,4,Tomate,Vegetales,0,Kilogramo,San Jose,San Jose,Carmen,1554.15,1500,1.0369900624064121
2026-03-01,4,Tomate,Vegetales,0,Kilogramo,Alajuela,Alajuela,Alajuela,1475.52,1500,0.9817209221230431
2026-03-01,4,Tomate,Vegetales,0,Kilogramo,Cartago,Cartago,Oriental,1533.99,1500,1.0290914574474728
2026-03-01,4,Tomate,Vegetales,0,Kilogramo,Heredia,Heredia,Heredia,1476.82,1500,0.9818948758385565
2026-03-01,4,Tomate,Vegetales,0,Kilogramo,Limon,Limon,Limon,1475.66,1500,0.9825710740518585
2026-03-01,5,Aceite vegetal,Grasas,1,Mililitros,San Jose,San Jose,Carmen,1443.76,1450,0.9897087972067808
2026-03-01,5,Aceite vegetal,Grasas,1,Mililitros,Alajuela,Alajuela,Alajuela,1386.9,1450,0.9540422136023193
2026-03-01,5,Aceite vegetal,Grasas,1,Mililitros,Cartago,Cartago,Oriental,1463.95,1450,1.0141317509698704
2026-03-01,5,Aceite vegetal,Grasas,1,Mililitros,Heredia,Heredia,Heredia,1408.09,1450,0.9647793363012773
2026-03-01,5,Aceite vegetal,Grasas,1,Mililitros,Limon,Limon,Limon,1510.38,1450,1.0483138071257316
2026-04-01,1,Arroz grano entero 80%,Cereales,0,Kilogramo,San Jose,San Jose,Carmen,862.73,820,1.0437727805064798
2026-04-01,1,Arroz grano entero 80%,Cereales,0,Kilogramo,Alajuela,Alajuela,Alajuela,852.63,820,1.036904340630982
2026-04-01,1,Arroz grano entero 80%,Cereales,0,Kilogramo,Cartago,Cartago,Oriental,831.99,820,1.0072847516383914
2026-04-01,1,Arroz grano entero 80%,Cereales,0,Kilogramo,Heredia,Heredia,Heredia,781.08,820,0.9597976230414794
2026-04-01,1,Arroz grano entero 80%,Cereales,0,Kilogramo,Limon,Limon,Limon,803.61,820,0.9847726731160522
2026-04-01,2,Frijoles negros primera calidad,Leguminosas,0,Gramos,San Jose,San Jose,Carmen,1493.61,1450,1.0351119078655582
2026-04-01,2,Frijoles negros primera calidad,Leguminosas,0,Gramos,Alajuela,Alajuela,Alajuela,1441.47,1450,1.0002800249031705
2026-04-01,2,Frijoles negros primera calidad,Leguminosas,0,Gramos,Cartago,Cartago,Oriental,1430.01,1450,0.9903665277444493
2026-04-01,2,Frijoles negros primera calidad,Leguminosas,0,Gramos,Heredia,Heredia,Heredia,1506.54,1450,1.0376785754504472
2026-04-01,2,Frijoles negros primera calidad,Leguminosas,0,Gramos,Limon,Limon,Limon,1459.3,1450,1.0041512794073315
2026-04-01,3,Leche fluida corta duracion,Lacteos,0,Mililitros,San Jose,San Jose,Carmen,846.68,850,1.000455752920505
2026-04-01,3,Leche fluida corta duracion,Lacteos,0,Mililitros,Alajuela,Alajuela,Alajuela,822.94,850,0.9794841107396131
2026-04-01,3,Leche fluida corta duracion,Lacteos,0,Mililitros,Cartago,Cartago,Oriental,824.16,850,0.9768050498939103
2026-04-01,3,Leche fluida corta duracion,Lacteos,0,Mililitros,Heredia,Heredia,Heredia,817.84,850,0.9706548579705333
2026-04-01,3,Leche fluida corta duracion,Lacteos,0,Mililitros,Limon,Limon,Limon,863.13,850,1.0076931479439908
2026-04-01,4,Tomate,Vegetales,0,Kilogramo,San Jose,San Jose,Carmen,1555.68,1500,1.0328136309571383
2026-04-01,4,Tomate,Vegetales,0,Kilogramo,Alajuela,Alajuela,Alajuela,1434.24,1500,0.9606917326502509
2026-04-01,4,Tomate,Vegetales,0,Kilogramo,Cartago,Cartago,Oriental,1459.24,1500,0.9743848328374667
2026-04-01,4,Tomate,Vegetales,0,Kilogramo,Heredia,Heredia,Heredia,1556.78,1500,1.0358810388486448
2026-04-01,4,Tomate,Vegetales,0,Kilogramo,Limon,Limon,Limon,1571.67,1500,1.0459808252151461
2026-04-01,5,Aceite vegetal,Grasas,1,Mililitros,San Jose,San Jose,Carmen,1396.17,1450,0.9601033817974601
2026-04-01,5,Aceite vegetal,Grasas,1,Mililitros,Alajuela,Alajuela,Alajuela,1445.19,1450,0.9960067658532992
2026-04-01,5,Aceite vegetal,Grasas,1,Mililitros,Cartago,Cartago,Oriental,1501.97,1450,1.0408990624519945
2026-04-01,5,Aceite vegetal,Grasas,1,Mililitros,Heredia,Heredia,Heredia,1501.03,1450,1.0347591041165585
2026-04-01,5,Aceite vegetal,Grasas,1,Mililitros,Limon,Limon,Limon,1470.65,1450,1.0153567254206421
