fecha,compra,venta
2000-01-01,308.15,310.27
2000-01-02,308.14,309.51
2000-01-03,308.38,310.49
2000-01-04,308.22,310.2
2000-01-05,308.27,309.7
2000-01-06,307.86,310.13
2000-01-07,307.53,310.04
2000-01-08,308.03,309.71
2000-01-09,307.72,310.3
2000-01-10,307.94,310.11
2000-01-11,307.71,309.79
2000-01-12,308.14,309.96
2000-01-13,307.57,309.55
2000-01-14,307.61,309.73
2000-01-15,307.66,309.71
2000-01-16,307.96,310.29
2000-01-17,308.45,309.53
2000-01-18,307.55,309.87
2000-01-19,307.81,309.82
2000-01-20,308.02,310.19
2000-01-21,308.14,310.39
2000-01-22,308.27,310.4
2000-01-23,308.48,310.0
2000-01-24,308.18,310.35
2000-01-25,308.04,309.96
2000-01-26,307.53,310.11
2000-01-27,307.96,310.03
2000-01-28,308.25,309.79
2000-01-29,308.26,309.9
2000-01-30,307.69,309.59
2000-01-31,307.83,310.49
2000-02-01,307.64,310.07
2000-02-02,307.75,309.79
2000-02-03,307.74,309.87
2000-02-04,307.54,309.51
2000-02-05,307.89,309.79
2000-02-06,307.59,310.18
2000-02-07,307.88,309.56
2000-02-08,308.04,310.28
2000-02-09,307.85,310.23
2000-02-10,307.82,309.97
2000-02-11,307.79,310.41
2000-02-12,308.36,309.64
2000-02-13,307.6,309.98
2000-02-14,307.76,310.39
2000-02-15,307.78,310.33
2000-02-16,307.78,310.49
2000-02-17,308.32,310.23
2000-02-18,308.13,310.11
2000-02-19,307.69,310.02
2000-02-20,308.33,310.46
2000-02-21,308.01,310.05
2000-02-22,307.99,309.65
2000-02-23,307.6,310.4
2000-02-24,307.85,310.49
2000-02-25,308.18,309.83
2000-02-26,308.15,309.71
2000-02-27,308.01,310.17
2000-02-28,308.4,309.6
2000-02-29,308.07,309.75
2000-03-01,307.72,309.75
2000-03-02,307.56,310.01
2000-03-03,307.86,310.11
2000-03-04,307.72,309.51
2000-03-05,308.23,309.64
2000-03-06,308.3,309.95
2000-03-07,307.66,310.04
2000-03-08,308.1,309.64
2000-03-09,308.4,309.51
2000-03-10,308.22,310.31
2000-03-11,307.89,310.28
2000-03-12,308.04,309.56
2000-03-13,308.14,309.71
2000-03-14,307.73,309.73
2000-03-15,307.67,310.42
2000-03-16,308.49,309.88
2000-03-17,308.19,310.3
2000-03-18,308.05,310.16
2000-03-19,307.64,310.08
2000-03-20,308.21,309.53
2000-03-21,308.5,309.51
2000-03-22,307.79,309.75
2000-03-23,308.02,310.08
2000-03-24,307.67,309.76
2000-03-25,307.81,310.23
2000-03-26,308.42,310.01
2000-03-27,307.94,309.64
2000-03-28,308.27,310.32
2000-03-29,308.21,310.46
2000-03-30,308.0,309.81
2000-03-31,307.71,309.78
2000-04-01,308.31,309.74
2000-04-02,308.24,309.52
2000-04-03,307.71,310.36
2000-04-04,307.51,310.03
2000-04-05,308.04,310.44
2000-04-06,307.95,309.93
2000-04-07,308.47,309.92
2000-04-08,308.46,309.86
2000-04-09,308.39,310.2
2000-04-10,308.16,309.8
2000-04-11,308.25,309.61
2000-04-12,308.02,309.87
2000-04-13,308.09,309.85
2000-04-14,308.02,310.35
2000-04-15,307.61,310.3
2000-04-16,308.03,310.31
2000-04-17,308.44,310.37
2000-04-18,307.71,310.45
2000-04-19,308.35,309.95
2000-04-20,307.54,309.54
2000-04-21,307.97,309.69
2000-04-22,307.97,310.14
2000-04-23,308.48,309.78
2000-04-24,308.16,310.09
2000-04-25,307.87,309.63
2000-04-26,307.58,309.91
2000-04-27,308.39,309.73
2000-04-28,308.49,310.16
2000-04-29,307.74,309.93
2000-04-30,308.3,310.31
2000-05-01,307.51,309.91
2000-05-02,308.12,310.27
2000-05-03,308.34,310.49
2000-05-04,308.29,309.85
2000-05-05,307.54,309.7
2000-05-06,307.61,310.18
2000-05-07,307.82,310.19
2000-05-08,307.6,310.01
2000-05-09,307.56,310.39
2000-05-10,307.74,309.79
2000-05-11,308.29,309.74
2000-05-12,307.52,309.93
2000-05-13,308.13,309.57
2000-05-14,307.85,310.41
2000-05-15,307.84,309.57
2000-05-16,307.53,310.18
2000-05-17,307.95,310.18
2000-05-18,307.81,310.4
2000-05-19,307.55,310.46
2000-05-20,308.09,309.72
2000-05-21,307.78,309.9
2000-05-22,307.83,310.45
2000-05-23,308.27,309.74
2000-05-24,308.35,310.33
2000-05-25,308.21,310.14
2000-05-26,308.38,310.27
2000-05-27,307.57,310.14
2000-05-28,307.52,310.01
2000-05-29,307.65,310.31
2000-05-30,307.96,310.46
2000-05-31,307.85,309.8
2000-06-01,308.31,309.88
2000-06-02,307.96,310.28
2000-06-03,308.26,310.26
2000-06-04,308.19,309.74
2000-06-05,308.4,309.62
2000-06-06,308.21,309.76
2000-06-07,307.93,309.98
2000-06-08,308.09,310.32
2000-06-09,307.65,310.48
2000-06-10,307.87,310.03
2000-06-11,308.44,310.45
2000-06-12,307.95,310.17
2000-06-13,307.99,309.79
2000-06-14,308.18,309.68
2000-06-15,308.44,310.02
2000-06-16,307.97,310.44
2000-06-17,308.14,310.09
2000-06-18,307.7,309.93
2000-06-19,307.54,309.99
2000-06-20,308.36,309.69
2000-06-21,307.96,309.75
2000-06-22,308.36,310.2
2000-06-23,308.46,309.85
2000-06-24,308.21,309.76
2000-06-25,308.19,310.46
2000-06-26,308.33,310.0
2000-06-27,308.25,309.83
2000-06-28,308.4,309.8
2000-06-29,307.93,310.28
2000-06-30,307.87,310.48
2000-07-01,308.32,310.03
2000-07-02,308.06,309.51
2000-07-03,308.4,309.67
2000-07-04,308.25,310.35
2000-07-05,307.98,310.3
2000-07-06,308.03,310.19
2000-07-07,307.65,310.43
2000-07-08,307.99,309.89
2000-07-09,308.45,310.22
2000-07-10,308.05,310.14
2000-07-11,308.26,309.57
2000-07-12,308.37,309.73
2000-07-13,308.09,310.33
2000-07-14,308.2,310.34
2000-07-15,307.56,310.24
2000-07-16,307.64,310.31
2000-07-17,308.2,310.38
2000-07-18,308.26,309.87
2000-07-19,308.11,309.63
2000-07-20,307.7,309.93
2000-07-21,307.51,310.2
2000-07-22,308.14,310.21
2000-07-23,307.97,309.85
2000-07-24,308.49,309.51
2000-07-25,308.44,309.75
2000-07-26,308.35,309.56
2000-07-27,307.54,309.67
2000-07-28,308.19,309.94
2000-07-29,307.82,310.49
2000-07-30,307.81,310.15
2000-07-31,307.81,310.49
2000-08-01,307.57,310.4
2000-08-02,308.23,310.39
2000-08-03,307.58,310.33
2000-08-04,308.34,309.95
2000-08-05,308.11,309.59
2000-08-06,308.38,310.21
2000-08-07,307.56,309.77
2000-08-08,308.49,310.44
2000-08-09,307.77,310.45
2000-08-10,308.03,310.27
2000-08-11,308.26,309.77
2000-08-12,307.73,309.79
2000-08-13,308.04,310.28
2000-08-14,308.15,310.03
2000-08-15,308.43,310.21
2000-08-16,308.18,310.4
2000-08-17,308.0,309.99
2000-08-18,308.3,310.06
2000-08-19,308.46,309.66
2000-08-20,307.65,309.72
2000-08-21,308.17,309.99
2000-08-22,308.05,310.1
2000-08-23,308.26,309.75
2000-08-24,308.02,309.77
2000-08-25,308.34,310.17
2000-08-26,307.7,309.87
2000-08-27,308.11,309.55
2000-08-28,307.51,309.86
2000-08-29,308.02,310.03
2000-08-30,308.18,309.92
2000-08-31,307.52,309.75
2000-09-01,308.4,309.89
2000-09-02,307.79,309.86
2000-09-03,308.11,310.25
2000-09-04,307.73,309.72
2000-09-05,307.91,310.12
2000-09-06,307.87,309.65
2000-09-07,307.92,310.39
2000-09-08,308.26,310.03
2000-09-09,308.48,310.45
2000-09-10,308.42,310.19
2000-09-11,308.41,310.24
2000-09-12,308.39,310.14
2000-09-13,308.07,309.9
2000-09-14,307.79,310.4
2000-09-15,308.29,310.1
2000-09-16,308.18,310.13
2000-09-17,308.5,310.29
2000-09-18,308.2,309.68
2000-09-19,307.6,310.3
2000-09-20,308.36,309.92
2000-09-21,308.32,309.54
2000-09-22,308.22,310.05
2000-09-23,307.59,310.18
2000-09-24,308.26,310.17
2000-09-25,308.43,309.65
2000-09-26,308.34,310.43
2000-09-27,307.95,309.82
2000-09-28,307.62,310.01
2000-09-29,308.18,310.32
2000-09-30,307.89,309.61
2000-10-01,307.81,309.57
2000-10-02,307.79,310.26
2000-10-03,307.95,309.84
2000-10-04,308.39,310.41
2000-10-05,308.06,309.83
2000-10-06,307.6,309.82
2000-10-07,308.19,310.48
2000-10-08,307.91,309.62
2000-10-09,307.78,310.06
2000-10-10,307.9,310.07
2000-10-11,307.52,310.32
2000-10-12,308.44,310.18
2000-10-13,308.38,310.31
2000-10-14,308.13,310.41
2000-10-15,308.18,309.91
2000-10-16,307.89,310.5
2000-10-17,307.93,310.45
2000-10-18,308.41,309.59
2000-10-19,307.75,309.74
2000-10-20,307.98,310.48
2000-10-21,308.33,309.83
2000-10-22,308.07,310.38
2000-10-23,307.91,310.12
2000-10-24,308.28,309.75
2000-10-25,308.34,310.39
2000-10-26,307.92,309.5
2000-10-27,307.78,309.74
2000-10-28,308.44,309.68
2000-10-29,307.79,310.15
2000-10-30,308.34,309.62
2000-10-31,308.14,310.02
2000-11-01,308.41,310.49
2000-11-02,308.25,310.1
2000-11-03,308.12,309.77
2000-11-04,308.25,309.73
2000-11-05,308.4,309.72
2000-11-06,307.64,309.8
2000-11-07,308.35,310.0
2000-11-08,307.96,310.19
2000-11-09,308.25,309.94
2000-11-10,307.7,309.99
2000-11-11,308.46,310.34
2000-11-12,308.46,309.99
2000-11-13,307.78,310.42
2000-11-14,307.66,310.28
2000-11-15,308.45,309.71
2000-11-16,307.65,310.44
2000-11-17,308.33,309.82
2000-11-18,308.35,310.45
2000-11-19,307.75,310.23
2000-11-20,307.6,310.03
2000-11-21,307.63,309.71
2000-11-22,308.19,309.53
2000-11-23,308.08,310.25
2000-11-24,307.55,309.73
2000-11-25,307.65,309.57
2000-11-26,308.0,309.61
2000-11-27,307.55,309.88
2000-11-28,307.77,309.56
2000-11-29,308.09,310.08
2000-11-30,308.2,309.7
2000-12-01,308.15,310.03
2000-12-02,307.73,309.51
2000-12-03,307.54,310.4
2000-12-04,308.18,309.96
2000-12-05,308.44,310.21
2000-12-06,308.31,310.16
2000-12-07,308.07,309.72
2000-12-08,308.32,310.0
2000-12-09,308.3,309.56
2000-12-10,307.56,309.64
2000-12-11,308.09,309.8
2000-12-12,307.97,310.18
2000-12-13,308.14,309.69
2000-12-14,307.5,310.27
2000-12-15,308.41,310.07
2000-12-16,308.04,309.86
2000-12-17,308.35,310.37
2000-12-18,307.5,310.2
2000-12-19,308.19,309.88
2000-12-20,307.94,309.83
2000-12-21,307.67,310.1
2000-12-22,307.88,310.1
2000-12-23,308.48,309.87
2000-12-24,307.77,310.49
2000-12-25,307.66,310.2
2000-12-26,308.43,309.77
2000-12-27,307.55,310.36
2000-12-28,307.8,310.43
2000-12-29,308.21,309.7
2000-12-30,307.65,309.87
2000-12-31,308.24,309.67
2001-01-01,325.5,327.66
2001-01-02,326.39,328.05
2001-01-03,325.97,328.39
2001-01-04,325.6,327.62
2001-01-05,326.22,327.76
2001-01-06,326.14,327.63
2001-01-07,326.17,327.85
2001-01-08,325.5,328.39
2001-01-09,325.5,328.18
2001-01-10,326.41,328.42
2001-01-11,326.04,328.4
2001-01-12,325.58,328.19
2001-01-13,326.04,327.73
2001-01-14,326.2,327.52
2001-01-15,326.07,328.21
2001-01-16,326.3,328.06
2001-01-17,325.55,328.17
2001-01-18,326.1,327.97
2001-01-19,325.91,327.97
2001-01-20,326.13,328.35
2001-01-21,325.68,328.47
2001-01-22,326.37,328.27
2001-01-23,326.14,328.4
2001-01-24,325.87,327.84
2001-01-25,325.91,328.42
2001-01-26,325.8,327.65
2001-01-27,325.62,327.72
2001-01-28,325.86,328.35
2001-01-29,326.3,328.15
2001-01-30,325.9,328.26
2001-01-31,326.46,327.78
2001-02-01,325.58,328.12
2001-02-02,325.57,327.67
2001-02-03,326.08,327.94
2001-02-04,326.12,328.46
2001-02-05,326.38,328.1
2001-02-06,326.44,327.82
2001-02-07,325.87,328.04
2001-02-08,325.53,327.74
2001-02-09,326.16,328.31
2001-02-10,325.89,327.71
2001-02-11,326.15,328.23
2001-02-12,325.74,327.78
2001-02-13,325.77,327.99
2001-02-14,326.35,328.34
2001-02-15,325.9,328.46
2001-02-16,326.44,328.24
2001-02-17,325.91,328.26
2001-02-18,325.92,327.92
2001-02-19,326.07,327.61
2001-02-20,325.61,327.83
2001-02-21,326.2,327.54
2001-02-22,325.94,328.02
2001-02-23,325.62,328.24
2001-02-24,325.59,327.7
2001-02-25,326.26,328.47
2001-02-26,326.32,327.84
2001-02-27,326.15,328.03
2001-02-28,326.15,328.16
2001-03-01,325.57,328.22
2001-03-02,325.51,328.17
2001-03-03,326.08,328.19
2001-03-04,325.82,327.61
2001-03-05,326.48,328.29
2001-03-06,325.53,327.73
2001-03-07,325.55,328.01
2001-03-08,325.93,327.58
2001-03-09,325.89,327.99
2001-03-10,325.67,328.35
2001-03-11,325.58,327.56
2001-03-12,326.34,327.58
2001-03-13,326.24,327.88
2001-03-14,326.1,327.66
2001-03-15,326.39,327.86
2001-03-16,326.07,328.0
2001-03-17,325.84,327.63
2001-03-18,325.62,328.23
2001-03-19,325.61,328.24
2001-03-20,325.89,328.41
2001-03-21,326.07,327.52
2001-03-22,325.57,327.6
2001-03-23,325.62,327.74
2001-03-24,325.88,327.83
2001-03-25,325.74,328.23
2001-03-26,326.24,328.24
2001-03-27,326.15,328.23
2001-03-28,325.94,328.27
2001-03-29,326.09,328.12
2001-03-30,326.47,327.89
2001-03-31,326.12,327.79
2001-04-01,326.17,328.15
2001-04-02,326.33,328.39
2001-04-03,325.76,327.82
2001-04-04,325.59,327.97
2001-04-05,325.98,327.96
2001-04-06,326.05,328.12
2001-04-07,325.8,328.41
2001-04-08,325.67,327.66
2001-04-09,325.96,327.98
2001-04-10,325.81,327.96
2001-04-11,326.37,328.11
2001-04-12,325.68,327.84
2001-04-13,326.03,328.2
2001-04-14,325.8,328.32
2001-04-15,325.84,327.62
2001-04-16,325.58,327.7
2001-04-17,325.78,328.22
2001-04-18,325.71,327.6
2001-04-19,325.91,328.48
2001-04-20,326.47,328.08
2001-04-21,325.65,327.9
2001-04-22,325.67,328.49
2001-04-23,325.84,327.93
2001-04-24,325.74,328.42
2001-04-25,325.72,328.13
2001-04-26,325.82,327.83
2001-04-27,326.34,327.97
2001-04-28,325.8,328.44
2001-04-29,326.28,328.26
2001-04-30,326.44,327.8
2001-05-01,325.82,327.9
2001-05-02,325.58,328.28
2001-05-03,325.79,327.55
2001-05-04,326.16,327.73
2001-05-05,325.68,327.96
2001-05-06,326.29,327.59
2001-05-07,326.26,327.68
2001-05-08,326.11,328.3
2001-05-09,325.82,327.72
2001-05-10,325.58,327.9
2001-05-11,325.74,327.55
2001-05-12,326.03,327.59
2001-05-13,325.86,328.47
2001-05-14,325.89,327.83
2001-05-15,325.63,328.01
2001-05-16,325.76,327.89
2001-05-17,325.52,327.6
2001-05-18,325.88,327.86
2001-05-19,326.42,327.8
2001-05-20,325.98,327.7
2001-05-21,326.48,328.02
2001-05-22,325.71,327.61
2001-05-23,326.25,328.36
2001-05-24,325.58,327.7
2001-05-25,325.51,328.27
2001-05-26,325.61,328.4
2001-05-27,325.84,328.21
2001-05-28,325.78,328.11
2001-05-29,325.51,328.15
2001-05-30,325.7,328.08
2001-05-31,326.08,327.97
2001-06-01,326.28,328.32
2001-06-02,325.69,327.79
2001-06-03,326.04,328.15
2001-06-04,326.05,328.13
2001-06-05,325.52,328.05
2001-06-06,326.43,328.16
2001-06-07,325.91,327.54
2001-06-08,326.31,327.93
2001-06-09,325.67,328.2
2001-06-10,325.73,328.1
2001-06-11,326.26,327.78
2001-06-12,325.88,327.86
2001-06-13,325.8,327.92
2001-06-14,326.24,328.19
2001-06-15,326.48,327.79
2001-06-16,326.0,328.31
2001-06-17,325.97,327.79
2001-06-18,325.91,327.79
2001-06-19,325.94,328.2
2001-06-20,325.63,327.59
2001-06-21,325.62,327.96
2001-06-22,325.59,328.27
2001-06-23,325.94,328.36
2001-06-24,325.56,327.65
2001-06-25,325.9,327.96
2001-06-26,325.73,327.81
2001-06-27,325.84,328.19
2001-06-28,326.31,327.78
2001-06-29,325.5,328.42
2001-06-30,325.89,328.11
2001-07-01,325.69,327.76
2001-07-02,326.14,327.7
2001-07-03,325.51,328.04
2001-07-04,325.62,328.11
2001-07-05,326.22,328.02
2001-07-06,326.36,327.72
2001-07-07,325.72,327.95
2001-07-08,326.09,328.36
2001-07-09,325.67,327.78
2001-07-10,326.4,327.73
2001-07-11,326.15,327.71
2001-07-12,326.34,327.92
2001-07-13,326.38,327.68
2001-07-14,325.87,328.37
2001-07-15,325.74,327.96
2001-07-16,326.4,327.82
2001-07-17,325.52,327.96
2001-07-18,325.72,327.98
2001-07-19,325.63,327.53
2001-07-20,325.72,328.14
2001-07-21,325.87,327.65
2001-07-22,326.39,327.77
2001-07-23,325.97,328.48
2001-07-24,326.02,327.6
2001-07-25,326.42,328.25
2001-07-26,326.33,328.17
2001-07-27,326.22,327.96
2001-07-28,326.41,327.96
2001-07-29,325.83,327.53
2001-07-30,326.46,328.01
2001-07-31,326.1,328.3
2001-08-01,326.11,328.01
2001-08-02,326.29,327.75
2001-08-03,326.38,328.41
2001-08-04,326.16,328.39
2001-08-05,326.12,328.17
2001-08-06,325.56,327.56
2001-08-07,325.73,328.39
2001-08-08,326.41,328.37
2001-08-09,325.6,327.6
2001-08-10,326.13,328.44
2001-08-11,325.64,328.37
2001-08-12,325.98,327.87
2001-08-13,325.51,327.51
2001-08-14,325.88,327.76
2001-08-15,326.06,328.02
2001-08-16,325.61,327.78
2001-08-17,325.56,327.85
2001-08-18,326.49,328.48
2001-08-19,325.87,328.41
2001-08-20,326.11,327.58
2001-08-21,326.13,328.06
2001-08-22,326.22,328.34
2001-08-23,326.39,327.77
2001-08-24,325.92,328.15
2001-08-25,326.06,327.84
2001-08-26,326.49,328.11
2001-08-27,325.95,328.1
2001-08-28,325.77,328.44
2001-08-29,325.63,327.92
2001-08-30,325.66,328.43
2001-08-31,325.82,328.23
2001-09-01,325.95,328.22
2001-09-02,325.91,328.14
2001-09-03,325.86,328.25
2001-09-04,326.16,327.82
2001-09-05,326.21,328.49
2001-09-06,325.85,327.93
2001-09-07,326.29,328.36
2001-09-08,325.85,328.28
2001-09-09,326.18,328.46
2001-09-10,325.84,327.87
2001-09-11,326.11,328.45
2001-09-12,326.28,327.91
2001-09-13,326.06,328.49
2001-09-14,326.41,327.91
2001-09-15,325.94,327.88
2001-09-16,325.55,327.9
2001-09-17,325.73,328.35
2001-09-18,325.79,328.42
2001-09-19,325.54,328.03
2001-09-20,326.06,327.79
2001-09-21,326.25,327.9
2001-09-22,325.72,328.32
2001-09-23,325.53,327.56
2001-09-24,325.93,327.99
2001-09-25,325.72,327.73
2001-09-26,326.38,327.66
2001-09-27,326.43,327.79
2001-09-28,326.01,328.32
2001-09-29,326.39,328.15
2001-09-30,326.28,328.2
2001-10-01,326.15,328.27
2001-10-02,325.75,328.26
2001-10-03,326.32,328.15
2001-10-04,326.37,327.77
2001-10-05,325.57,328.29
2001-10-06,326.01,327.84
2001-10-07,325.99,327.59
2001-10-08,325.84,327.85
2001-10-09,326.28,327.82
2001-10-10,326.39,328.26
2001-10-11,326.07,327.76
2001-10-12,325.78,328.44
2001-10-13,325.62,327.8
2001-10-14,326.26,328.45
2001-10-15,325.59,328.06
2001-10-16,325.77,328.21
2001-10-17,326.0,327.63
2001-10-18,326.49,327.89
2001-10-19,326.4,327.59
2001-10-20,326.04,328.13
2001-10-21,326.05,328.49
2001-10-22,325.65,328.42
2001-10-23,325.58,328.33
2001-10-24,325.97,328.05
2001-10-25,325.52,328.48
2001-10-26,325.88,328.49
2001-10-27,326.4,328.13
2001-10-28,326.2,328.11
2001-10-29,325.67,327.97
2001-10-30,326.11,328.48
2001-10-31,326.29,328.1
2001-11-01,326.11,328.1
2001-11-02,325.53,328.38
2001-11-03,325.61,328.07
2001-11-04,325.75,327.98
2001-11-05,326.49,328.13
2001-11-06,326.19,327.51
2001-11-07,325.92,328.39
2001-11-08,325.74,327.62
2001-11-09,325.62,328.02
2001-11-10,326.04,327.52
2001-11-11,325.76,328.29
2001-11-12,326.41,327.69
2001-11-13,325.73,328.35
2001-11-14,326.02,328.18
2001-11-15,325.58,327.62
2001-11-16,325.79,327.54
2001-11-17,325.68,328.46
2001-11-18,325.84,327.6
2001-11-19,326.4,327.67
2001-11-20,326.02,328.15
2001-11-21,325.58,328.23
2001-11-22,326.41,327.79
2001-11-23,326.09,327.55
2001-11-24,325.97,328.3
2001-11-25,325.55,328.0
2001-11-26,326.42,328.27
2001-11-27,325.59,328.13
2001-11-28,326.42,328.3
2001-11-29,325.57,328.21
2001-11-30,326.39,328.35
2001-12-01,326.16,327.98
2001-12-02,325.63,328.27
2001-12-03,326.03,327.84
2001-12-04,325.67,327.66
2001-12-05,325.68,328.12
2001-12-06,326.05,328.36
2001-12-07,326.24,327.99
2001-12-08,325.69,328.15
2001-12-09,326.45,328.09
2001-12-10,326.12,328.25
2001-12-11,326.08,328.44
2001-12-12,325.67,328.18
2001-12-13,326.1,328.42
2001-12-14,326.26,327.74
2001-12-15,325.77,327.69
2001-12-16,325.63,327.97
2001-12-17,325.93,327.64
2001-12-18,325.72,328.18
2001-12-19,325.73,328.23
2001-12-20,325.64,328.18
2001-12-21,326.38,328.19
2001-12-22,325.79,328.09
2001-12-23,325.87,328.04
2001-12-24,326.0,327.62
2001-12-25,326.38,327.89
2001-12-26,326.14,327.67
2001-12-27,326.39,327.8
2001-12-28,326.48,328.06
2001-12-29,326.29,328.48
2001-12-30,325.78,328.0
2001-12-31,326.3,328.08
2002-01-01,343.78,345.86
2002-01-02,343.99,345.96
2002-01-03,343.56,345.85
2002-01-04,343.61,345.64
2002-01-05,343.62,346.1
2002-01-06,343.94,346.3
2002-01-07,343.93,346.27
2002-01-08,344.25,346.3
2002-01-09,344.22,345.6
2002-01-10,343.69,346.38
2002-01-11,343.92,345.68
2002-01-12,344.29,346.25
2002-01-13,343.9,346.31
2002-01-14,344.32,346.13
2002-01-15,344.01,345.61
2002-01-16,343.97,345.94
2002-01-17,343.52,346.41
2002-01-18,344.13,346.16
2002-01-19,344.4,345.91
2002-01-20,344.23,345.55
2002-01-21,344.03,346.32
2002-01-22,343.62,345.97
2002-01-23,344.07,345.89
2002-01-24,344.23,345.9
2002-01-25,343.8,346.23
2002-01-26,344.15,345.89
2002-01-27,343.91,345.97
2002-01-28,343.79,346.09
2002-01-29,343.5,346.38
2002-01-30,344.23,345.62
2002-01-31,343.59,346.44
2002-02-01,343.9,346.15
2002-02-02,344.08,346.35
2002-02-03,344.48,345.69
2002-02-04,344.17,346.32
2002-02-05,343.75,345.95
2002-02-06,344.19,345.65
2002-02-07,344.26,345.75
2002-02-08,344.18,345.82
2002-02-09,344.46,346.07
2002-02-10,343.63,346.37
2002-02-11,343.96,345.89
2002-02-12,343.75,345.85
2002-02-13,344.26,345.64
2002-02-14,344.06,345.77
2002-02-15,344.19,346.38
2002-02-16,343.56,346.19
2002-02-17,344.2,346.42
2002-02-18,343.56,346.29
2002-02-19,344.23,346.32
2002-02-20,343.83,346.27
2002-02-21,343.59,346.43
2002-02-22,343.71,345.95
2002-02-23,343.83,346.48
2002-02-24,343.96,345.86
2002-02-25,344.23,346.19
2002-02-26,343.8,345.6
2002-02-27,343.58,346.26
2002-02-28,344.33,346.23
2002-03-01,343.72,346.04
2002-03-02,343.66,345.76
2002-03-03,343.81,345.72
2002-03-04,343.56,345.77
2002-03-05,344.43,346.28
2002-03-06,344.13,346.14
2002-03-07,343.78,346.41
2002-03-08,343.62,346.11
2002-03-09,343.51,346.35
2002-03-10,343.99,346.26
2002-03-11,344.26,346.48
2002-03-12,343.62,346.26
2002-03-13,344.33,346.36
2002-03-14,344.24,346.13
2002-03-15,343.61,345.53
2002-03-16,343.57,345.89
2002-03-17,343.92,345.89
2002-03-18,343.56,346.17
2002-03-19,343.58,346.17
2002-03-20,344.08,345.76
2002-03-21,344.17,346.26
2002-03-22,343.65,345.9
2002-03-23,343.67,346.13
2002-03-24,343.89,346.26
2002-03-25,343.96,346.44
2002-03-26,344.32,345.69
2002-03-27,343.53,345.83
2002-03-28,344.19,346.24
2002-03-29,344.12,345.7
2002-03-30,343.72,345.78
2002-03-31,343.76,345.69
2002-04-01,344.38,345.54
2002-04-02,344.22,346.47
2002-04-03,343.86,345.96
2002-04-04,343.86,346.23
2002-04-05,344.4,345.61
2002-04-06,343.96,345.79
2002-04-07,344.03,346.12
2002-04-08,344.14,346.38
2002-04-09,344.4,346.49
2002-04-10,344.25,346.48
2002-04-11,343.6,346.37
2002-04-12,344.31,345.89
2002-04-13,344.24,345.99
2002-04-14,344.31,346.33
2002-04-15,344.11,346.42
2002-04-16,344.43,346.02
2002-04-17,343.65,346.21
2002-04-18,343.56,345.7
2002-04-19,343.6,345.74
2002-04-20,343.62,346.01
2002-04-21,344.07,346.14
2002-04-22,343.68,346.19
2002-04-23,344.48,346.23
2002-04-24,343.83,346.15
2002-04-25,343.8,345.73
2002-04-26,343.59,345.58
2002-04-27,344.17,346.18
2002-04-28,343.78,346.34
2002-04-29,343.87,346.02
2002-04-30,344.16,345.77
2002-05-01,344.29,345.84
2002-05-02,343.58,345.99
2002-05-03,343.66,345.71
2002-05-04,343.53,345.59
2002-05-05,344.25,345.69
2002-05-06,344.41,345.79
2002-05-07,343.96,345.77
2002-05-08,344.34,346.42
2002-05-09,344.0,345.71
2002-05-10,344.09,345.71
2002-05-11,343.85,345.54
2002-05-12,344.19,346.08
2002-05-13,343.78,346.09
2002-05-14,344.31,345.87
2002-05-15,343.79,346.26
2002-05-16,344.33,345.83
2002-05-17,344.16,345.81
2002-05-18,343.87,346.34
2002-05-19,344.23,346.36
2002-05-20,343.69,346.42
2002-05-21,344.03,345.75
2002-05-22,344.38,345.56
2002-05-23,343.53,345.55
2002-05-24,344.37,346.46
2002-05-25,343.95,346.02
2002-05-26,344.18,345.72
2002-05-27,344.18,346.13
2002-05-28,344.47,346.05
2002-05-29,343.63,345.55
2002-05-30,344.36,346.06
2002-05-31,343.66,346.16
2002-06-01,343.63,346.02
2002-06-02,344.05,345.89
2002-06-03,344.2,346.5
2002-06-04,344.05,345.81
2002-06-05,343.94,346.09
2002-06-06,343.58,346.03
2002-06-07,343.94,346.3
2002-06-08,343.51,346.32
2002-06-09,344.27,345.67
2002-06-10,343.51,346.33
2002-06-11,343.72,346.05
2002-06-12,343.74,346.16
2002-06-13,343.67,346.4
2002-06-14,343.98,346.1
2002-06-15,343.89,345.96
2002-06-16,344.22,346.06
2002-06-17,343.52,345.8
2002-06-18,344.19,345.91
2002-06-19,343.63,345.58
2002-06-20,344.31,345.58
2002-06-21,344.21,346.27
2002-06-22,344.15,346.3
2002-06-23,343.94,346.36
2002-06-24,344.37,346.29
2002-06-25,344.19,345.92
2002-06-26,343.75,345.91
2002-06-27,344.44,345.51
2002-06-28,344.37,345.97
2002-06-29,343.88,345.83
2002-06-30,343.59,346.14
2002-07-01,343.52,346.26
2002-07-02,344.27,345.83
2002-07-03,343.81,346.16
2002-07-04,343.55,346.38
2002-07-05,343.64,345.75
2002-07-06,344.31,346.25
2002-07-07,344.29,346.46
2002-07-08,344.48,345.94
2002-07-09,344.1,345.7
2002-07-10,343.72,346.04
2002-07-11,343.78,346.05
2002-07-12,344.15,346.19
2002-07-13,344.48,346.04
2002-07-14,343.54,345.91
2002-07-15,343.75,345.62
2002-07-16,343.8,346.41
2002-07-17,344.19,346.2
2002-07-18,344.25,345.58
2002-07-19,343.69,345.53
2002-07-20,343.95,346.07
2002-07-21,344.23,345.65
2002-07-22,343.82,346.43
2002-07-23,344.0,345.9
2002-07-24,343.71,345.9
2002-07-25,343.59,346.21
2002-07-26,343.93,346.34
2002-07-27,344.09,345.74
2002-07-28,344.36,345.58
2002-07-29,343.7,346.31
2002-07-30,343.57,345.56
2002-07-31,344.18,346.48
2002-08-01,344.26,345.59
2002-08-02,344.08,345.61
2002-08-03,344.17,346.15
2002-08-04,344.11,345.91
2002-08-05,343.56,346.45
2002-08-06,343.71,345.94
2002-08-07,343.69,346.38
2002-08-08,343.54,346.26
2002-08-09,343.91,346.27
2002-08-10,344.18,346.18
2002-08-11,343.78,345.69
2002-08-12,344.05,345.96
2002-08-13,343.61,346.37
2002-08-14,343.95,346.32
2002-08-15,343.69,345.86
2002-08-16,343.84,345.87
2002-08-17,343.6,345.74
2002-08-18,343.55,345.66
2002-08-19,343.83,346.08
2002-08-20,344.04,346.07
2002-08-21,344.27,345.82
2002-08-22,343.7,345.89
2002-08-23,343.96,345.85
2002-08-24,344.34,346.11
2002-08-25,343.98,346.0
2002-08-26,344.03,346.33
2002-08-27,344.45,345.52
2002-08-28,343.7,346.42
2002-08-29,343.84,345.83
2002-08-30,343.71,345.79
2002-08-31,343.73,345.94
2002-09-01,343.53,345.92
2002-09-02,343.59,346.03
2002-09-03,344.31,345.72
2002-09-04,343.75,345.95
2002-09-05,344.46,345.65
2002-09-06,343.96,345.89
2002-09-07,343.97,345.99
2002-09-08,343.82,346.26
2002-09-09,343.91,346.37
2002-09-10,344.34,345.57
2002-09-11,343.91,345.97
2002-09-12,344.15,346.05
2002-09-13,344.29,346.26
2002-09-14,344.45,346.39
2002-09-15,343.53,345.63
2002-09-16,343.87,346.37
2002-09-17,343.54,346.39
2002-09-18,343.71,345.6
2002-09-19,344.26,345.87
2002-09-20,343.59,345.52
2002-09-21,344.07,346.12
2002-09-22,344.15,346.48
2002-09-23,344.24,345.71
2002-09-24,343.58,345.94
2002-09-25,343.68,345.62
2002-09-26,344.36,346.12
2002-09-27,343.79,346.45
2002-09-28,344.22,346.28
2002-09-29,344.19,345.69
2002-09-30,344.19,346.42
2002-10-01,344.15,345.88
2002-10-02,344.25,346.24
2002-10-03,343.74,345.91
2002-10-04,343.9,345.76
2002-10-05,344.34,346.3
2002-10-06,343.85,345.83
2002-10-07,344.33,346.28
2002-10-08,343.88,346.06
2002-10-09,344.42,345.7
2002-10-10,344.41,346.14
2002-10-11,344.11,346.31
2002-10-12,344.44,346.42
2002-10-13,343.98,345.64
2002-10-14,343.64,346.14
2002-10-15,343.71,345.72
2002-10-16,343.74,346.28
2002-10-17,344.28,345.71
2002-10-18,344.42,346.21
2002-10-19,344.39,346.45
2002-10-20,344.41,345.71
2002-10-21,343.78,345.55
2002-10-22,344.21,345.56
2002-10-23,343.89,345.91
2002-10-24,344.48,345.71
2002-10-25,344.27,345.97
2002-10-26,344.21,346.02
2002-10-27,344.06,346.02
2002-10-28,344.09,346.0
2002-10-29,343.89,345.85
2002-10-30,344.1,345.8
2002-10-31,343.79,346.42
2002-11-01,344.36,346.14
2002-11-02,343.75,346.19
2002-11-03,344.48,345.53
2002-11-04,343.54,345.83
2002-11-05,344.04,345.58
2002-11-06,344.06,346.43
2002-11-07,344.41,345.56
2002-11-08,344.5,345.76
2002-11-09,343.65,346.07
2002-11-10,344.45,345.73
2002-11-11,344.35,345.93
2002-11-12,344.32,345.69
2002-11-13,343.74,346.04
2002-11-14,344.25,346.15
2002-11-15,343.74,346.39
2002-11-16,344.47,345.66
2002-11-17,344.15,346.05
2002-11-18,344.44,345.63
2002-11-19,344.36,345.93
2002-11-20,344.31,346.47
2002-11-21,343.71,346.22
2002-11-22,343.94,346.18
2002-11-23,344.36,345.56
2002-11-24,344.23,346.46
2002-11-25,343.95,346.07
2002-11-26,344.2,345.67
2002-11-27,343.93,346.16
2002-11-28,343.67,346.04
2002-11-29,344.21,346.49
2002-11-30,344.1,346.17
2002-12-01,344.34,345.54
2002-12-02,343.79,345.97
2002-12-03,343.67,345.69
2002-12-04,344.21,346.43
2002-12-05,344.48,346.5
2002-12-06,344.5,346.33
2002-12-07,344.28,345.91
2002-12-08,343.62,346.01
2002-12-09,344.03,345.67
2002-12-10,344.06,345.7
2002-12-11,344.43,346.22
2002-12-12,343.81,345.53
2002-12-13,343.9,346.09
2002-12-14,343.81,345.59
2002-12-15,343.65,345.62
2002-12-16,344.09,346.05
2002-12-17,344.49,345.71
2002-12-18,344.05,346.1
2002-12-19,344.29,346.09
2002-12-20,344.25,346.12
2002-12-21,344.12,345.52
2002-12-22,344.24,346.37
2002-12-23,344.48,346.18
2002-12-24,344.2,346.07
2002-12-25,343.53,346.35
2002-12-26,343.86,346.39
2002-12-27,344.42,345.58
2002-12-28,344.23,346.2
2002-12-29,343.83,345.95
2002-12-30,343.71,345.68
2002-12-31,343.56,345.74
2003-01-01,361.96,363.83
2003-01-02,362.3,364.33
2003-01-03,361.72,363.75
2003-01-04,361.86,364.01
2003-01-05,361.63,364.39
2003-01-06,361.75,364.02
2003-01-07,361.96,363.9
2003-01-08,361.58,363.89
2003-01-09,362.41,363.74
2003-01-10,362.01,364.06
2003-01-11,362.04,363.68
2003-01-12,361.97,364.19
2003-01-13,361.92,363.95
2003-01-14,361.56,364.07
2003-01-15,361.79,364.49
2003-01-16,362.12,364.28
2003-01-17,362.19,363.76
2003-01-18,361.69,363.92
2003-01-19,362.31,364.34
2003-01-20,361.95,364.5
2003-01-21,361.91,364.43
2003-01-22,362.25,364.29
2003-01-23,362.42,363.9
2003-01-24,361.76,364.36
2003-01-25,361.9,364.17
2003-01-26,362.41,363.85
2003-01-27,361.64,364.32
2003-01-28,361.85,364.04
2003-01-29,361.57,363.53
2003-01-30,362.2,363.8
2003-01-31,362.34,364.49
2003-02-01,362.09,363.8
2003-02-02,362.26,363.81
2003-02-03,361.52,363.82
2003-02-04,361.72,363.72
2003-02-05,361.93,364.05
2003-02-06,362.48,363.86
2003-02-07,361.9,363.94
2003-02-08,362.27,364.23
2003-02-09,362.47,364.04
2003-02-10,361.97,364.44
2003-02-11,361.83,363.7
2003-02-12,361.58,363.62
2003-02-13,361.64,364.43
2003-02-14,362.29,364.25
2003-02-15,361.68,363.51
2003-02-16,361.72,363.53
2003-02-17,361.84,363.51
2003-02-18,362.0,363.84
2003-02-19,361.91,363.77
2003-02-20,361.71,364.41
2003-02-21,361.71,364.41
2003-02-22,361.55,363.6
2003-02-23,361.93,364.24
2003-02-24,362.4,363.59
2003-02-25,362.01,363.85
2003-02-26,361.79,363.7
2003-02-27,361.82,364.37
2003-02-28,362.19,363.86
2003-03-01,361.56,363.71
2003-03-02,362.01,364.11
2003-03-03,361.86,364.02
2003-03-04,361.65,364.45
2003-03-05,361.76,364.03
2003-03-06,362.14,363.74
2003-03-07,361.95,363.91
2003-03-08,362.46,363.64
2003-03-09,361.77,363.76
2003-03-10,361.73,364.46
2003-03-11,361.54,363.6
2003-03-12,361.51,363.67
2003-03-13,361.94,363.88
2003-03-14,362.37,364.16
2003-03-15,361.95,363.97
2003-03-16,361.97,363.86
2003-03-17,362.26,364.42
2003-03-18,361.55,363.51
2003-03-19,361.94,363.56
2003-03-20,362.09,363.95
2003-03-21,362.2,363.54
2003-03-22,362.49,364.14
2003-03-23,361.85,363.91
2003-03-24,361.66,363.88
2003-03-25,362.45,363.96
2003-03-26,362.16,363.81
2003-03-27,361.88,363.85
2003-03-28,361.61,363.83
2003-03-29,362.49,363.53
2003-03-30,361.82,364.27
2003-03-31,361.72,364.34
2003-04-01,362.45,363.77
2003-04-02,362.12,364.44
2003-04-03,361.76,364.24
2003-04-04,362.28,364.28
2003-04-05,361.81,363.93
2003-04-06,362.31,364.11
2003-04-07,362.34,364.44
2003-04-08,362.42,364.28
2003-04-09,361.82,363.95
2003-04-10,362.15,363.75
2003-04-11,362.18,364.3
2003-04-12,361.85,364.33
2003-04-13,362.29,364.18
2003-04-14,361.81,364.18
2003-04-15,361.94,363.54
2003-04-16,362.05,364.49
2003-04-17,361.74,364.15
2003-04-18,362.21,364.25
2003-04-19,361.96,363.68
2003-04-20,362.42,363.66
2003-04-21,362.24,363.84
2003-04-22,361.64,364.27
2003-04-23,362.16,363.86
2003-04-24,362.15,363.75
2003-04-25,361.99,363.68
2003-04-26,362.46,363.98
2003-04-27,361.72,363.67
2003-04-28,361.81,364.34
2003-04-29,361.63,364.07
2003-04-30,362.1,363.61
2003-05-01,362.46,364.01
2003-05-02,361.72,363.91
2003-05-03,362.15,363.83
2003-05-04,361.57,363.9
2003-05-05,361.78,363.94
2003-05-06,362.12,363.6
2003-05-07,361.67,363.8
2003-05-08,361.84,363.99
2003-05-09,361.52,363.81
2003-05-10,362.16,363.97
2003-05-11,362.45,364.45
2003-05-12,361.77,364.13
2003-05-13,362.29,364.43
2003-05-14,362.17,363.98
2003-05-15,361.86,364.26
2003-05-16,361.67,363.94
2003-05-17,362.21,364.08
2003-05-18,362.15,363.84
2003-05-19,361.99,363.75
2003-05-20,361.68,363.61
2003-05-21,361.91,364.08
2003-05-22,362.16,363.59
2003-05-23,362.4,363.84
2003-05-24,362.4,363.56
2003-05-25,362.15,364.15
2003-05-26,362.37,364.37
2003-05-27,361.62,363.59
2003-05-28,361.78,364.39
2003-05-29,362.29,363.8
2003-05-30,361.53,364.34
2003-05-31,362.49,364.1
2003-06-01,362.21,363.78
2003-06-02,362.07,363.76
2003-06-03,361.79,363.87
2003-06-04,361.86,364.4
2003-06-05,362.17,364.39
2003-06-06,361.64,363.52
2003-06-07,361.56,364.17
2003-06-08,362.49,364.31
2003-06-09,361.62,364.2
2003-06-10,362.47,364.48
2003-06-11,361.71,363.67
2003-06-12,361.96,363.89
2003-06-13,361.78,363.82
2003-06-14,361.78,363.65
2003-06-15,361.67,364.2
2003-06-16,362.26,363.5
2003-06-17,362.4,363.9
2003-06-18,362.46,364.27
2003-06-19,362.06,363.78
2003-06-20,361.94,364.45
2003-06-21,361.63,364.21
2003-06-22,361.85,364.26
2003-06-23,361.89,363.61
2003-06-24,361.55,363.87
2003-06-25,361.64,364.42
2003-06-26,362.1,363.79
2003-06-27,362.09,364.48
2003-06-28,361.81,364.26
2003-06-29,361.8,364.49
2003-06-30,362.12,364.23
2003-07-01,362.36,364.43
2003-07-02,361.99,363.89
2003-07-03,361.91,364.05
2003-07-04,362.03,364.45
2003-07-05,361.88,363.56
2003-07-06,362.27,363.87
2003-07-07,361.98,364.09
2003-07-08,361.56,364.19
2003-07-09,362.5,364.02
2003-07-10,362.27,363.61
2003-07-11,362.27,363.88
2003-07-12,361.75,363.69
2003-07-13,361.7,364.16
2003-07-14,361.89,363.9
2003-07-15,362.22,364.36
2003-07-16,361.97,363.99
2003-07-17,362.23,364.21
2003-07-18,361.87,364.37
2003-07-19,362.23,364.02
2003-07-20,361.64,364.33
2003-07-21,362.2,364.04
2003-07-22,362.38,364.19
2003-07-23,361.91,363.94
2003-07-24,361.82,363.84
2003-07-25,361.84,364.27
2003-07-26,362.42,364.0
2003-07-27,361.75,364.35
2003-07-28,362.18,363.95
2003-07-29,361.8,364.13
2003-07-30,361.92,363.85
2003-07-31,361.89,363.93
2003-08-01,361.68,363.81
2003-08-02,362.47,363.98
2003-08-03,362.39,363.93
2003-08-04,362.07,363.63
2003-08-05,361.81,363.65
2003-08-06,362.01,364.41
2003-08-07,361.92,363.83
2003-08-08,362.14,364.27
2003-08-09,362.13,363.98
2003-08-10,361.87,364.4
2003-08-11,361.83,364.37
2003-08-12,361.68,364.23
2003-08-13,361.71,364.38
2003-08-14,362.12,363.66
2003-08-15,362.07,363.74
2003-08-16,361.8,363.94
2003-08-17,362.48,363.57
2003-08-18,361.74,363.51
2003-08-19,361.6,364.12
2003-08-20,362.13,364.27
2003-08-21,361.79,364.18
2003-08-22,361.74,364.21
2003-08-23,362.19,364.36
2003-08-24,361.69,364.04
2003-08-25,362.09,363.73
2003-08-26,362.4,364.18
2003-08-27,361.74,364.02
2003-08-28,362.04,364.41
2003-08-29,362.03,364.2
2003-08-30,362.34,364.17
2003-08-31,362.09,364.25
2003-09-01,361.59,364.39
2003-09-02,361.55,363.6
2003-09-03,362.44,363.56
2003-09-04,361.55,363.58
2003-09-05,362.5,364.23
2003-09-06,362.44,363.62
2003-09-07,361.76,364.21
2003-09-08,361.84,363.85
2003-09-09,362.09,363.53
2003-09-10,362.45,363.79
2003-09-11,362.48,363.7
2003-09-12,361.59,363.69
2003-09-13,362.31,364.26
2003-09-14,362.12,364.15
2003-09-15,361.63,363.88
2003-09-16,362.02,363.87
2003-09-17,361.62,364.45
2003-09-18,362.03,364.42
2003-09-19,361.61,363.52
2003-09-20,361.97,364.11
2003-09-21,362.46,363.62
2003-09-22,362.49,363.73
2003-09-23,362.32,364.22
2003-09-24,361.86,364.38
2003-09-25,362.39,364.34
2003-09-26,362.04,363.79
2003-09-27,362.49,364.03
2003-09-28,361.63,364.37
2003-09-29,362.02,363.77
2003-09-30,361.53,363.98
2003-10-01,362.29,363.73
2003-10-02,361.51,363.95
2003-10-03,362.02,363.98
2003-10-04,362.28,363.54
2003-10-05,361.71,364.3
2003-10-06,361.67,363.74
2003-10-07,361.98,364.01
2003-10-08,361.56,364.3
2003-10-09,361.59,364.38
2003-10-10,361.89,363.69
2003-10-11,362.48,363.85
2003-10-12,361.64,363.86
2003-10-13,362.03,363.59
2003-10-14,361.78,364.13
2003-10-15,362.47,363.7
2003-10-16,361.61,363.87
2003-10-17,362.3,363.83
2003-10-18,361.73,363.79
2003-10-19,361.52,363.53
2003-10-20,361.99,364.41
2003-10-21,361.81,363.88
2003-10-22,361.73,363.99
2003-10-23,361.57,364.09
2003-10-24,361.56,363.98
2003-10-25,362.43,364.28
2003-10-26,361.6,364.01
2003-10-27,362.24,364.44
2003-10-28,362.44,364.09
2003-10-29,362.35,364.06
2003-10-30,362.07,363.73
2003-10-31,361.76,364.32
2003-11-01,361.8,364.29
2003-11-02,361.64,363.88
2003-11-03,361.97,363.85
2003-11-04,362.48,363.93
2003-11-05,361.63,364.0
2003-11-06,362.24,363.71
2003-11-07,361.66,364.11
2003-11-08,362.23,364.31
2003-11-09,362.25,364.0
2003-11-10,362.38,363.87
2003-11-11,361.58,363.93
2003-11-12,362.31,363.94
2003-11-13,361.91,364.37
2003-11-14,362.4,363.76
2003-11-15,361.56,364.38
2003-11-16,362.08,364.01
2003-11-17,361.7,364.18
2003-11-18,362.29,364.47
2003-11-19,362.36,364.32
2003-11-20,361.56,364.26
2003-11-21,361.86,363.99
2003-11-22,361.52,364.17
2003-11-23,361.53,363.82
2003-11-24,361.75,364.22
2003-11-25,362.06,363.6
2003-11-26,361.87,364.07
2003-11-27,361.59,363.81
2003-11-28,362.05,364.46
2003-11-29,361.91,364.15
2003-11-30,361.64,363.66
2003-12-01,362.48,363.69
2003-12-02,361.69,363.85
2003-12-03,362.03,364.12
2003-12-04,362.36,363.78
2003-12-05,361.62,364.1
2003-12-06,362.15,364.48
2003-12-07,361.62,364.14
2003-12-08,361.75,364.17
2003-12-09,361.81,363.64
2003-12-10,361.86,363.56
2003-12-11,361.62,363.62
2003-12-12,362.48,364.03
2003-12-13,361.54,364.38
2003-12-14,362.26,364.04
2003-12-15,362.46,363.97
2003-12-16,361.72,364.23
2003-12-17,361.81,364.12
2003-12-18,361.92,363.92
2003-12-19,362.26,364.12
2003-12-20,362.31,364.25
2003-12-21,362.2,363.53
2003-12-22,362.3,363.64
2003-12-23,361.52,363.97
2003-12-24,362.05,363.89
2003-12-25,362.29,364.14
2003-12-26,362.32,364.12
2003-12-27,361.72,363.56
2003-12-28,361.72,363.81
2003-12-29,362.34,364.49
2003-12-30,362.13,363.75
2003-12-31,361.98,364.25
2004-01-01,380.23,381.81
2004-01-02,380.14,382.1
2004-01-03,379.99,381.86
2004-01-04,379.8,381.51
2004-01-05,380.41,382.41
2004-01-06,380.09,381.88
2004-01-07,379.9,381.52
2004-01-08,379.94,381.96
2004-01-09,380.0,382.37
2004-01-10,379.85,382.11
2004-01-11,380.07,382.35
2004-01-12,380.35,382.23
2004-01-13,379.62,382.16
2004-01-14,379.82,381.81
2004-01-15,380.0,381.68
2004-01-16,379.56,382.1
2004-01-17,379.62,382.32
2004-01-18,380.47,382.05
2004-01-19,379.61,382.01
2004-01-20,380.36,382.33
2004-01-21,380.16,382.18
2004-01-22,379.52,381.5
2004-01-23,379.9,381.99
2004-01-24,380.33,381.66
2004-01-25,379.79,381.51
2004-01-26,380.16,381.53
2004-01-27,380.14,382.31
2004-01-28,380.29,382.37
2004-01-29,379.66,381.85
2004-01-30,380.25,382.47
2004-01-31,380.42,381.98
2004-02-01,380.21,382.08
2004-02-02,380.4,381.9
2004-02-03,379.76,382.19
2004-02-04,380.34,381.68
2004-02-05,380.3,381.55
2004-02-06,379.6,381.59
2004-02-07,380.02,382.41
2004-02-08,380.05,381.53
2004-02-09,379.63,382.03
2004-02-10,380.41,382.41
2004-02-11,380.44,381.95
2004-02-12,380.25,381.65
2004-02-13,379.78,382.2
2004-02-14,380.04,381.72
2004-02-15,379.94,381.84
2004-02-16,379.55,382.07
2004-02-17,379.62,381.81
2004-02-18,380.19,381.94
2004-02-19,379.98,381.83
2004-02-20,380.07,381.61
2004-02-21,380.42,382.24
2004-02-22,379.82,381.7
2004-02-23,379.71,382.19
2004-02-24,379.82,382.34
2004-02-25,379.53,382.27
2004-02-26,379.96,381.97
2004-02-27,379.72,382.45
2004-02-28,379.86,381.83
2004-02-29,379.73,381.95
2004-03-01,379.55,381.71
2004-03-02,379.71,382.14
2004-03-03,379.77,382.38
2004-03-04,379.57,381.8
2004-03-05,380.18,381.9
2004-03-06,379.59,382.13
2004-03-07,379.53,382.48
2004-03-08,379.75,382.4
2004-03-09,379.8,382.48
2004-03-10,380.34,381.6
2004-03-11,379.9,381.93
2004-03-12,379.78,381.63
2004-03-13,379.97,381.6
2004-03-14,380.09,381.82
2004-03-15,380.32,382.38
2004-03-16,379.5,382.36
2004-03-17,380.34,381.92
2004-03-18,379.68,381.72
2004-03-19,379.64,382.38
2004-03-20,380.26,382.31
2004-03-21,379.98,381.52
2004-03-22,380.1,382.05
2004-03-23,379.69,381.59
2004-03-24,380.44,381.54
2004-03-25,379.68,381.59
2004-03-26,379.72,382.13
2004-03-27,380.21,381.81
2004-03-28,379.97,382.22
2004-03-29,380.3,381.67
2004-03-30,379.84,381.86
2004-03-31,380.25,382.33
2004-04-01,379.8,382.48
2004-04-02,379.59,382.22
2004-04-03,379.52,382.23
2004-04-04,379.72,381.68
2004-04-05,380.03,382.34
2004-04-06,379.76,381.63
2004-04-07,379.68,381.87
2004-04-08,379.83,381.74
2004-04-09,380.16,382.15
2004-04-10,379.9,382.37
2004-04-11,379.62,381.74
2004-04-12,380.17,381.82
2004-04-13,379.52,381.89
2004-04-14,379.61,381.81
2004-04-15,379.81,381.99
2004-04-16,379.94,382.03
2004-04-17,379.99,381.58
2004-04-18,379.56,382.07
2004-04-19,380.01,381.64
2004-04-20,379.9,382.4
2004-04-21,379.83,381.98
2004-04-22,379.98,382.38
2004-04-23,379.96,381.62
2004-04-24,380.03,382.13
2004-04-25,379.91,381.76
2004-04-26,380.33,381.79
2004-04-27,379.98,381.82
2004-04-28,380.18,381.59
2004-04-29,379.82,381.8
2004-04-30,380.42,382.06
2004-05-01,380.4,382.4
2004-05-02,380.31,382.04
2004-05-03,380.16,382.01
2004-05-04,379.66,382.39
2004-05-05,379.61,381.63
2004-05-06,380.47,382.46
2004-05-07,380.05,382.17
2004-05-08,379.73,381.6
2004-05-09,379.76,382.23
2004-05-10,379.97,381.94
2004-05-11,379.69,381.84
2004-05-12,380.41,381.53
2004-05-13,380.23,381.74
2004-05-14,379.76,382.33
2004-05-15,379.87,381.98
2004-05-16,380.35,381.56
2004-05-17,379.87,381.77
2004-05-18,379.98,382.25
2004-05-19,380.32,381.88
2004-05-20,379.9,382.4
2004-05-21,380.31,381.58
2004-05-22,380.31,381.54
2004-05-23,380.06,382.36
2004-05-24,380.28,381.53
2004-05-25,379.51,382.44
2004-05-26,380.06,382.04
2004-05-27,379.8,382.0
2004-05-28,379.52,382.4
2004-05-29,379.69,382.25
2004-05-30,379.94,381.77
2004-05-31,380.48,382.12
2004-06-01,379.58,382.18
2004-06-02,379.56,382.11
2004-06-03,379.94,381.62
2004-06-04,380.09,382.06
2004-06-05,379.85,382.49
2004-06-06,380.07,381.87
2004-06-07,379.79,382.29
2004-06-08,380.06,381.61
2004-06-09,380.24,382.3
2004-06-10,379.53,381.89
2004-06-11,380.48,381.68
2004-06-12,380.37,381.56
2004-06-13,380.31,382.06
2004-06-14,380.09,382.05
2004-06-15,380.23,381.82
2004-06-16,380.36,381.52
2004-06-17,379.94,382.05
2004-06-18,379.75,381.91
2004-06-19,379.54,382.13
2004-06-20,379.67,381.51
2004-06-21,379.9,381.89
2004-06-22,380.3,381.68
2004-06-23,379.74,382.33
2004-06-24,380.27,382.18
2004-06-25,379.92,381.93
2004-06-26,379.87,382.36
2004-06-27,379.64,382.48
2004-06-28,380.27,382.21
2004-06-29,380.18,381.66
2004-06-30,380.23,382.16
2004-07-01,379.89,381.52
2004-07-02,379.74,382.11
2004-07-03,379.74,382.01
2004-07-04,380.46,382.4
2004-07-05,380.36,382.01
2004-07-06,379.81,382.36
2004-07-07,379.6,381.93
2004-07-08,380.18,381.51
2004-07-09,380.15,381.81
2004-07-10,380.08,381.76
2004-07-11,380.14,382.29
2004-07-12,379.51,382.23
2004-07-13,379.86,381.57
2004-07-14,379.94,381.71
2004-07-15,380.27,382.08
2004-07-16,379.68,382.44
2004-07-17,380.4,382.35
2004-07-18,379.89,381.8
2004-07-19,380.06,381.87
2004-07-20,379.52,381.86
2004-07-21,380.36,382.04
2004-07-22,380.26,382.11
2004-07-23,380.08,382.16
2004-07-24,379.57,381.98
2004-07-25,380.28,382.07
2004-07-26,379.98,381.78
2004-07-27,380.45,381.9
2004-07-28,380.28,381.69
2004-07-29,379.55,381.62
2004-07-30,380.11,381.71
2004-07-31,379.9,382.05
2004-08-01,379.53,382.08
2004-08-02,380.06,382.01
2004-08-03,379.66,382.1
2004-08-04,379.67,382.16
2004-08-05,380.07,381.94
2004-08-06,379.94,382.08
2004-08-07,380.43,381.7
2004-08-08,380.19,382.3
2004-08-09,380.1,381.96
2004-08-10,380.0,382.47
2004-08-11,380.3,382.28
2004-08-12,379.73,382.37
2004-08-13,380.42,381.75
2004-08-14,379.63,382.16
2004-08-15,380.5,382.49
2004-08-16,380.04,381.57
2004-08-17,380.38,382.14
2004-08-18,379.92,381.92
2004-08-19,379.51,381.96
2004-08-20,380.1,382.09
2004-08-21,380.37,381.97
2004-08-22,379.93,381.54
2004-08-23,380.4,381.87
2004-08-24,380.05,381.98
2004-08-25,379.91,381.74
2004-08-26,379.85,382.26
2004-08-27,379.6,382.42
2004-08-28,380.39,381.5
2004-08-29,380.02,382.1
2004-08-30,380.38,382.37
2004-08-31,380.12,382.4
2004-09-01,380.41,382.09
2004-09-02,379.59,382.26
2004-09-03,380.31,382.35
2004-09-04,379.85,382.45
2004-09-05,380.33,381.84
2004-09-06,379.54,382.39
2004-09-07,380.03,382.05
2004-09-08,380.05,382.25
2004-09-09,380.4,381.55
2004-09-10,379.77,381.65
2004-09-11,379.59,381.93
2004-09-12,380.37,382.32
2004-09-13,380.3,382.23
2004-09-14,380.08,382.22
2004-09-15,379.92,381.64
2004-09-16,380.2,382.2
2004-09-17,379.83,382.16
2004-09-18,380.06,381.84
2004-09-19,380.22,381.69
2004-09-20,379.99,381.79
2004-09-21,379.92,381.88
2004-09-22,379.7,382.39
2004-09-23,379.9,381.74
2004-09-24,379.63,381.92
2004-09-25,379.55,382.49
2004-09-26,379.71,382.02
2004-09-27,379.7,381.52
2004-09-28,380.35,382.4
2004-09-29,379.94,381.94
2004-09-30,379.86,381.52
2004-10-01,380.1,381.72
2004-10-02,379.81,381.87
2004-10-03,380.0,381.71
2004-10-04,380.18,382.38
2004-10-05,380.09,381.75
2004-10-06,380.47,381.7
2004-10-07,380.11,381.75
2004-10-08,380.32,381.5
2004-10-09,379.77,382.35
2004-10-10,380.45,382.07
2004-10-11,379.93,381.99
2004-10-12,379.66,381.96
2004-10-13,379.52,381.85
2004-10-14,380.2,382.0
2004-10-15,379.82,381.73
2004-10-16,380.38,381.94
2004-10-17,379.52,382.46
2004-10-18,379.82,382.31
2004-10-19,380.17,382.24
2004-10-20,380.35,382.47
2004-10-21,379.98,382.0
2004-10-22,380.1,382.28
2004-10-23,380.29,382.32
2004-10-24,379.8,382.05
2004-10-25,380.09,382.17
2004-10-26,379.9,382.41
2004-10-27,379.67,381.82
2004-10-28,380.05,381.82
2004-10-29,380.27,381.76
2004-10-30,379.52,381.95
2004-10-31,379.96,381.65
2004-11-01,380.45,381.8
2004-11-02,379.68,381.78
2004-11-03,379.97,382.34
2004-11-04,379.56,381.91
2004-11-05,380.09,381.56
2004-11-06,380.16,382.22
2004-11-07,380.47,382.08
2004-11-08,380.28,382.34
2004-11-09,380.49,381.67
2004-11-10,379.67,382.03
2004-11-11,379.88,381.79
2004-11-12,380.19,382.36
2004-11-13,379.6,382.38
2004-11-14,379.54,382.04
2004-11-15,379.58,381.8
2004-11-16,380.04,382.04
2004-11-17,380.0,381.74
2004-11-18,380.27,382.21
2004-11-19,379.76,381.67
2004-11-20,380.48,382.34
2004-11-21,379.63,382.07
2004-11-22,380.21,382.48
2004-11-23,380.09,382.26
2004-11-24,380.08,382.14
2004-11-25,380.27,381.73
2004-11-26,379.55,381.82
2004-11-27,379.83,382.13
2004-11-28,380.17,382.23
2004-11-29,379.86,382.17
2004-11-30,380.47,381.9
2004-12-01,380.09,381.87
2004-12-02,380.36,381.55
2004-12-03,379.68,382.02
2004-12-04,380.24,382.42
2004-12-05,379.82,381.96
2004-12-06,379.64,381.79
2004-12-07,380.19,381.55
2004-12-08,379.88,382.42
2004-12-09,380.36,382.24
2004-12-10,379.72,381.82
2004-12-11,380.29,381.61
2004-12-12,380.03,381.76
2004-12-13,380.46,382.02
2004-12-14,380.31,382.04
2004-12-15,380.32,381.51
2004-12-16,380.38,381.69
2004-12-17,380.3,381.56
2004-12-18,379.74,381.55
2004-12-19,380.22,382.07
2004-12-20,379.84,381.86
2004-12-21,379.93,381.53
2004-12-22,379.83,381.5
2004-12-23,379.87,381.99
2004-12-24,380.07,381.88
2004-12-25,380.04,382.1
2004-12-26,379.66,381.8
2004-12-27,379.6,382.4
2004-12-28,380.08,381.84
2004-12-29,380.13,381.95
2004-12-30,379.87,381.75
2004-12-31,380.17,382.26
2005-01-01,397.55,399.82
2005-01-02,397.99,400.12
2005-01-03,397.69,399.53
2005-01-04,398.34,400.22
2005-01-05,397.74,399.79
2005-01-06,397.79,400.5
2005-01-07,397.79,399.72
2005-01-08,397.56,399.6
2005-01-09,398.39,399.8
2005-01-10,397.94,399.76
2005-01-11,397.88,400.06
2005-01-12,398.16,399.89
2005-01-13,397.52,399.79
2005-01-14,397.66,399.6
2005-01-15,397.79,400.25
2005-01-16,397.74,400.27
2005-01-17,398.01,400.2
2005-01-18,398.34,400.26
2005-01-19,397.6,399.57
2005-01-20,398.14,399.99
2005-01-21,398.42,400.42
2005-01-22,397.56,400.01
2005-01-23,398.48,399.52
2005-01-24,398.33,400.22
2005-01-25,398.02,400.43
2005-01-26,397.54,400.13
2005-01-27,398.3,400.12
2005-01-28,398.05,399.57
2005-01-29,398.2,399.67
2005-01-30,398.07,400.33
2005-01-31,397.94,400.31
2005-02-01,398.38,399.97
2005-02-02,398.25,399.97
2005-02-03,398.44,400.5
2005-02-04,398.0,399.73
2005-02-05,398.16,400.49
2005-02-06,397.75,400.48
2005-02-07,398.35,399.52
2005-02-08,397.81,400.47
2005-02-09,398.38,400.25
2005-02-10,397.72,399.84
2005-02-11,398.3,400.23
2005-02-12,398.23,399.95
2005-02-13,397.85,399.97
2005-02-14,397.92,399.76
2005-02-15,398.09,400.0
2005-02-16,398.02,400.06
2005-02-17,398.2,400.11
2005-02-18,397.98,399.97
2005-02-19,397.53,399.6
2005-02-20,397.58,400.48
2005-02-21,398.24,400.23
2005-02-22,398.43,399.62
2005-02-23,397.95,399.82
2005-02-24,397.93,399.53
2005-02-25,397.81,400.38
2005-02-26,398.5,400.35
2005-02-27,397.58,400.43
2005-02-28,397.54,399.54
2005-03-01,397.99,400.49
2005-03-02,398.32,399.68
2005-03-03,398.4,400.49
2005-03-04,398.33,399.85
2005-03-05,398.03,400.46
2005-03-06,397.92,399.9
2005-03-07,397.81,400.5
2005-03-08,397.76,399.74
2005-03-09,397.99,399.97
2005-03-10,397.76,400.4
2005-03-11,398.19,399.52
2005-03-12,397.69,400.06
2005-03-13,398.04,399.7
2005-03-14,397.74,400.45
2005-03-15,397.66,400.06
2005-03-16,398.32,399.75
2005-03-17,397.65,400.19
2005-03-18,397.53,400.1
2005-03-19,397.61,400.07
2005-03-20,398.47,399.94
2005-03-21,397.74,400.37
2005-03-22,397.69,400.45
2005-03-23,398.1,400.38
2005-03-24,398.49,400.01
2005-03-25,398.38,400.28
2005-03-26,398.02,399.58
2005-03-27,397.6,399.59
2005-03-28,397.93,400.0
2005-03-29,397.58,400.33
2005-03-30,398.24,399.99
2005-03-31,398.03,399.59
2005-04-01,398.14,399.86
2005-04-02,397.92,400.29
2005-04-03,397.54,399.79
2005-04-04,398.24,400.28
2005-04-05,397.83,399.55
2005-04-06,398.02,399.55
2005-04-07,398.31,400.21
2005-04-08,397.87,400.21
2005-04-09,397.71,400.32
2005-04-10,397.58,400.4
2005-04-11,398.5,399.62
2005-04-12,397.76,399.8
2005-04-13,397.68,399.61
2005-04-14,398.05,399.6
2005-04-15,398.06,400.21
2005-04-16,397.99,400.22
2005-04-17,398.18,400.03
2005-04-18,397.82,399.73
2005-04-19,397.94,399.68
2005-04-20,397.54,399.95
2005-04-21,397.69,399.88
2005-04-22,398.49,400.42
2005-04-23,397.53,400.19
2005-04-24,397.8,400.48
2005-04-25,398.37,399.66
2005-04-26,398.18,400.0
2005-04-27,398.45,399.97
2005-04-28,398.42,400.19
2005-04-29,397.72,399.79
2005-04-30,397.68,400.29
2005-05-01,397.73,400.14
2005-05-02,397.62,399.84
2005-05-03,398.23,400.44
2005-05-04,398.06,400.06
2005-05-05,398.24,399.87
2005-05-06,397.68,399.65
2005-05-07,397.69,400.28
2005-05-08,397.93,400.18
2005-05-09,397.85,399.85
2005-05-10,398.29,400.11
2005-05-11,398.43,400.11
2005-05-12,398.24,399.7
2005-05-13,398.37,400.07
2005-05-14,397.58,400.4
2005-05-15,397.61,400.01
2005-05-16,397.79,399.65
2005-05-17,397.98,399.7
2005-05-18,397.84,399.97
2005-05-19,397.87,400.17
2005-05-20,398.2,400.41
2005-05-21,397.85,399.82
2005-05-22,398.35,399.68
2005-05-23,398.0,400.37
2005-05-24,397.66,400.26
2005-05-25,397.75,400.34
2005-05-26,398.27,400.03
2005-05-27,397.5,399.58
2005-05-28,398.26,400.3
2005-05-29,398.19,400.16
2005-05-30,397.75,400.25
2005-05-31,397.89,400.16
2005-06-01,398.42,400.04
2005-06-02,397.7,399.56
2005-06-03,397.93,399.83
2005-06-04,397.84,399.82
2005-06-05,397.89,400.35
2005-06-06,397.6,400.43
2005-06-07,397.53,400.08
2005-06-08,398.32,399.84
2005-06-09,397.6,399.87
2005-06-10,397.86,400.06
2005-06-11,398.1,399.73
2005-06-12,397.87,399.93
2005-06-13,398.32,399.72
2005-06-14,398.25,399.73
2005-06-15,398.19,399.55
2005-06-16,398.23,399.68
2005-06-17,398.26,400.04
2005-06-18,397.92,399.95
2005-06-19,397.89,400.2
2005-06-20,397.88,400.1
2005-06-21,398.04,399.69
2005-06-22,398.1,399.62
2005-06-23,398.26,399.9
2005-06-24,398.28,400.21
2005-06-25,397.66,400.17
2005-06-26,397.54,399.59
2005-06-27,397.64,400.3
2005-06-28,398.47,399.94
2005-06-29,397.79,400.3
2005-06-30,397.75,399.68
2005-07-01,398.5,399.55
2005-07-02,398.48,399.65
2005-07-03,398.48,400.13
2005-07-04,398.33,400.19
2005-07-05,398.23,400.17
2005-07-06,398.38,400.48
2005-07-07,398.43,400.03
2005-07-08,398.43,400.14
2005-07-09,398.46,400.2
2005-07-10,397.83,399.79
2005-07-11,397.85,400.26
2005-07-12,398.05,400.48
2005-07-13,398.13,400.22
2005-07-14,398.49,399.53
2005-07-15,397.72,400.02
2005-07-16,398.13,399.8
2005-07-17,398.49,399.55
2005-07-18,398.13,399.57
2005-07-19,398.36,400.42
2005-07-20,398.15,399.5
2005-07-21,398.06,399.97
2005-07-22,398.29,400.09
2005-07-23,397.51,399.73
2005-07-24,398.45,399.87
2005-07-25,398.49,400.11
2005-07-26,398.11,399.95
2005-07-27,398.03,400.14
2005-07-28,397.96,399.81
2005-07-29,397.74,400.33
2005-07-30,397.58,400.24
2005-07-31,398.05,399.69
2005-08-01,398.17,399.95
2005-08-02,397.83,399.62
2005-08-03,398.3,400.4
2005-08-04,398.33,400.29
2005-08-05,398.04,399.7
2005-08-06,398.41,399.86
2005-08-07,397.93,400.24
2005-08-08,398.09,400.11
2005-08-09,398.17,399.74
2005-08-10,397.91,400.4
2005-08-11,397.91,399.51
2005-08-12,398.44,399.57
2005-08-13,397.92,400.46
2005-08-14,397.92,399.5
2005-08-15,398.11,399.99
2005-08-16,398.33,400.1
2005-08-17,397.72,399.75
2005-08-18,398.13,400.3
2005-08-19,397.96,400.4
2005-08-20,398.28,400.42
2005-08-21,398.12,399.54
2005-08-22,397.66,399.62
2005-08-23,398.46,400.14
2005-08-24,398.31,399.89
2005-08-25,397.86,399.71
2005-08-26,398.33,400.38
2005-08-27,398.03,399.51
2005-08-28,397.59,400.21
2005-08-29,397.67,400.42
2005-08-30,397.68,400.29
2005-08-31,398.12,399.65
2005-09-01,397.95,399.51
2005-09-02,397.57,400.5
2005-09-03,398.28,400.27
2005-09-04,397.9,400.43
2005-09-05,398.0,399.99
2005-09-06,397.7,399.76
2005-09-07,397.58,400.17
2005-09-08,397.6,399.59
2005-09-09,398.2,400.18
2005-09-10,398.33,400.14
2005-09-11,397.93,400.2
2005-09-12,398.45,400.46
2005-09-13,397.53,400.44
2005-09-14,397.57,400.02
2005-09-15,398.38,399.67
2005-09-16,397.78,400.45
2005-09-17,397.65,399.7
2005-09-18,398.23,399.91
2005-09-19,397.54,399.53
2005-09-20,397.58,399.92
2005-09-21,398.29,400.33
2005-09-22,398.32,400.28
2005-09-23,397.69,400.4
2005-09-24,397.93,399.83
2005-09-25,397.75,399.58
2005-09-26,397.83,399.88
2005-09-27,398.48,399.84
2005-09-28,397.98,399.8
2005-09-29,397.99,400.05
2005-09-30,398.46,400.05
2005-10-01,398.39,400.01
2005-10-02,397.87,399.79
2005-10-03,397.71,399.72
2005-10-04,398.15,400.48
2005-10-05,398.2,399.85
2005-10-06,397.56,399.73
2005-10-07,397.75,399.82
2005-10-08,398.34,400.0
2005-10-09,397.82,400.1
2005-10-10,397.99,399.58
2005-10-11,397.77,399.75
2005-10-12,397.63,400.11
2005-10-13,398.03,400.11
2005-10-14,397.96,400.05
2005-10-15,397.97,400.2
2005-10-16,398.03,399.86
2005-10-17,397.88,400.16
2005-10-18,397.88,400.27
2005-10-19,397.7,400.2
2005-10-20,398.47,400.09
2005-10-21,398.34,400.32
2005-10-22,397.92,400.05
2005-10-23,397.57,399.63
2005-10-24,397.97,399.94
2005-10-25,397.83,399.92
2005-10-26,398.29,400.3
2005-10-27,397.78,400.13
2005-10-28,398.34,400.45
2005-10-29,397.51,399.68
2005-10-30,397.94,399.91
2005-10-31,398.0,400.24
2005-11-01,398.09,400.41
2005-11-02,398.01,400.04
2005-11-03,398.37,400.45
2005-11-04,397.63,399.71
2005-11-05,397.68,400.16
2005-11-06,398.44,400.22
2005-11-07,397.69,399.96
2005-11-08,397.91,399.59
2005-11-09,397.84,399.77
2005-11-10,397.58,399.88
2005-11-11,398.12,399.59
2005-11-12,397.54,400.31
2005-11-13,397.97,399.63
2005-11-14,398.33,400.34
2005-11-15,398.04,399.76
2005-11-16,398.44,399.6
2005-11-17,397.54,399.84
2005-11-18,398.2,399.65
2005-11-19,398.49,400.43
2005-11-20,397.67,399.98
2005-11-21,398.42,399.58
2005-11-22,398.45,399.7
2005-11-23,397.72,400.45
2005-11-24,397.58,400.24
2005-11-25,398.14,400.5
2005-11-26,398.45,400.49
2005-11-27,398.37,399.87
2005-11-28,398.11,399.96
2005-11-29,397.6,400.04
2005-11-30,398.3,399.61
2005-12-01,398.03,399.96
2005-12-02,397.96,400.24
2005-12-03,398.08,400.33
2005-12-04,398.02,400.16
2005-12-05,398.23,399.91
2005-12-06,398.36,400.5
2005-12-07,398.1,399.56
2005-12-08,397.79,399.93
2005-12-09,398.21,399.82
2005-12-10,398.41,400.26
2005-12-11,397.6,399.76
2005-12-12,397.98,400.07
2005-12-13,398.35,400.22
2005-12-14,397.63,400.24
2005-12-15,398.28,400.46
2005-12-16,398.49,399.5
2005-12-17,398.0,400.34
2005-12-18,398.13,399.57
2005-12-19,398.39,399.56
2005-12-20,397.55,400.01
2005-12-21,398.3,400.2
2005-12-22,398.41,400.1
2005-12-23,398.35,399.67
2005-12-24,397.84,399.57
2005-12-25,397.74,399.77
2005-12-26,398.21,400.19
2005-12-27,397.78,399.56
2005-12-28,398.25,400.38
2005-12-29,397.95,400.47
2005-12-30,397.64,399.64
2005-12-31,397.67,399.72
2006-01-01,415.96,418.07
2006-01-02,416.22,418.47
2006-01-03,416.35,417.64
2006-01-04,416.24,418.14
2006-01-05,416.31,417.68
2006-01-06,416.39,418.32
2006-01-07,416.39,417.55
2006-01-08,415.73,417.94
2006-01-09,415.6,417.88
2006-01-10,416.06,417.78
2006-01-11,415.55,417.72
2006-01-12,416.03,418.17
2006-01-13,416.32,417.97
2006-01-14,416.37,418.15
2006-01-15,415.71,417.73
2006-01-16,416.3,417.96
2006-01-17,416.1,417.62
2006-01-18,416.48,418.5
2006-01-19,415.76,418.4
2006-01-20,415.89,417.62
2006-01-21,415.92,418.41
2006-01-22,415.9,417.85
2006-01-23,415.93,417.54
2006-01-24,415.64,417.64
2006-01-25,416.19,417.55
2006-01-26,415.67,418.01
2006-01-27,415.85,418.41
2006-01-28,416.02,418.34
2006-01-29,415.65,418.49
2006-01-30,415.51,417.54
2006-01-31,416.24,417.64
2006-02-01,416.08,417.82
2006-02-02,415.72,418.19
2006-02-03,416.3,418.33
2006-02-04,415.86,418.19
2006-02-05,415.59,418.11
2006-02-06,415.82,418.45
2006-02-07,415.81,418.43
2006-02-08,415.75,418.48
2006-02-09,416.39,418.04
2006-02-10,416.49,418.32
2006-02-11,416.49,418.49
2006-02-12,416.11,418.16
2006-02-13,415.79,418.39
2006-02-14,415.88,417.73
2006-02-15,415.64,418.02
2006-02-16,416.04,417.75
2006-02-17,415.52,417.6
2006-02-18,416.04,417.62
2006-02-19,415.72,418.03
2006-02-20,416.4,418.0
2006-02-21,416.27,417.65
2006-02-22,415.55,418.19
2006-02-23,415.64,418.23
2006-02-24,416.1,418.21
2006-02-25,416.09,417.75
2006-02-26,416.3,417.84
2006-02-27,415.64,417.58
2006-02-28,415.68,417.76
2006-03-01,416.42,418.29
2006-03-02,415.56,418.28
2006-03-03,415.98,418.1
2006-03-04,416.27,417.92
2006-03-05,415.51,418.4
2006-03-06,415.71,418.13
2006-03-07,416.32,418.16
2006-03-08,415.99,418.33
2006-03-09,416.19,418.07
2006-03-10,416.17,417.9
2006-03-11,415.62,418.28
2006-03-12,416.2,417.72
2006-03-13,416.04,417.84
2006-03-14,415.77,417.73
2006-03-15,416.41,417.53
2006-03-16,416.32,418.11
2006-03-17,415.66,417.69
2006-03-18,415.63,417.98
2006-03-19,415.81,418.43
2006-03-20,416.28,418.44
2006-03-21,415.83,418.24
2006-03-22,415.76,417.96
2006-03-23,415.91,418.25
2006-03-24,416.12,417.87
2006-03-25,416.02,417.6
2006-03-26,416.12,417.67
2006-03-27,415.98,418.14
2006-03-28,416.5,417.87
2006-03-29,416.29,418.11
2006-03-30,416.43,418.42
2006-03-31,416.06,418.29
2006-04-01,416.36,417.64
2006-04-02,415.91,417.87
2006-04-03,416.21,418.01
2006-04-04,415.94,418.38
2006-04-05,416.39,417.79
2006-04-06,415.99,417.55
2006-04-07,415.8,418.37
2006-04-08,416.13,418.45
2006-04-09,416.18,418.08
2006-04-10,415.63,418.46
2006-04-11,415.83,418.14
2006-04-12,415.85,418.24
2006-04-13,416.02,417.71
2006-04-14,415.53,417.52
2006-04-15,415.52,418.23
2006-04-16,416.49,417.66
2006-04-17,415.51,418.5
2006-04-18,415.66,418.46
2006-04-19,415.76,418.13
2006-04-20,415.59,418.2
2006-04-21,416.04,417.78
2006-04-22,415.84,418.18
2006-04-23,415.97,418.29
2006-04-24,415.68,418.21
2006-04-25,416.24,417.77
2006-04-26,415.85,418.16
2006-04-27,416.14,418.05
2006-04-28,416.2,418.0
2006-04-29,416.45,418.39
2006-04-30,415.64,418.04
2006-05-01,415.58,417.94
2006-05-02,416.18,417.57
2006-05-03,416.32,417.76
2006-05-04,416.45,418.07
2006-05-05,416.03,418.4
2006-05-06,416.25,418.34
2006-05-07,416.26,418.43
2006-05-08,416.14,418.38
2006-05-09,416.33,417.97
2006-05-10,416.38,418.1
2006-05-11,416.03,418.08
2006-05-12,415.68,417.69
2006-05-13,416.23,418.37
2006-05-14,415.84,418.02
2006-05-15,416.07,417.62
2006-05-16,415.86,417.75
2006-05-17,415.78,418.0
2006-05-18,415.59,417.69
2006-05-19,415.86,418.31
2006-05-20,416.42,417.81
2006-05-21,416.23,417.84
2006-05-22,415.67,418.19
2006-05-23,415.89,418.2
2006-05-24,416.49,417.92
2006-05-25,416.08,417.86
2006-05-26,416.17,418.02
2006-05-27,415.86,417.94
2006-05-28,415.96,418.22
2006-05-29,416.14,418.4
2006-05-30,416.23,417.82
2006-05-31,415.99,418.08
2006-06-01,415.55,417.97
2006-06-02,416.09,417.88
2006-06-03,415.91,418.25
2006-06-04,416.35,418.04
2006-06-05,415.88,417.55
2006-06-06,415.75,418.36
2006-06-07,415.97,418.18
2006-06-08,416.39,417.75
2006-06-09,416.35,418.11
2006-06-10,416.29,418.04
2006-06-11,415.81,417.62
2006-06-12,416.06,417.99
2006-06-13,415.74,417.8
2006-06-14,416.5,418.14
2006-06-15,416.31,418.48
2006-06-16,416.4,418.2
2006-06-17,416.38,418.4
2006-06-18,415.51,417.81
2006-06-19,416.36,418.05
2006-06-20,416.29,417.97
2006-06-21,416.14,418.24
2006-06-22,416.03,418.46
2006-06-23,415.78,418.21
2006-06-24,416.4,417.56
2006-06-25,416.01,417.72
2006-06-26,415.51,417.7
2006-06-27,415.74,418.05
2006-06-28,415.85,418.46
2006-06-29,415.61,418.27
2006-06-30,415.52,418.01
2006-07-01,416.36,418.34
2006-07-02,415.52,418.09
2006-07-03,416.33,417.8
2006-07-04,416.36,418.27
2006-07-05,416.27,418.27
2006-07-06,416.42,417.8
2006-07-07,415.76,418.31
2006-07-08,415.92,418.16
2006-07-09,415.62,418.23
2006-07-10,416.46,417.63
2006-07-11,416.12,417.74
2006-07-12,416.13,418.05
2006-07-13,416.46,418.12
2006-07-14,416.3,417.65
2006-07-15,415.59,418.1
2006-07-16,415.66,417.78
2006-07-17,415.79,417.51
2006-07-18,416.03,417.62
2006-07-19,416.27,418.23
2006-07-20,416.37,418.41
2006-07-21,415.6,418.23
2006-07-22,415.76,418.26
2006-07-23,416.09,417.94
2006-07-24,415.74,417.52
2006-07-25,415.79,417.59
2006-07-26,416.04,418.41
2006-07-27,416.48,418.4
2006-07-28,416.43,417.5
2006-07-29,415.72,417.51
2006-07-30,416.33,418.38
2006-07-31,416.23,417.6
2006-08-01,416.23,418.41
2006-08-02,416.46,417.69
2006-08-03,416.16,417.94
2006-08-04,415.91,417.99
2006-08-05,415.69,417.76
2006-08-06,415.74,418.09
2006-08-07,416.21,417.71
2006-08-08,415.52,417.65
2006-08-09,416.32,418.35
2006-08-10,415.98,417.92
2006-08-11,416.26,418.45
2006-08-12,415.57,418.11
2006-08-13,415.62,417.98
2006-08-14,415.98,417.84
2006-08-15,415.79,417.84
2006-08-16,416.39,417.66
2006-08-17,415.57,417.84
2006-08-18,415.78,418.36
2006-08-19,415.66,417.94
2006-08-20,415.56,417.7
2006-08-21,416.38,417.97
2006-08-22,416.34,418.47
2006-08-23,415.61,417.78
2006-08-24,415.57,418.44
2006-08-25,416.24,418.22
2006-08-26,415.56,417.65
2006-08-27,416.02,417.83
2006-08-28,415.6,418.38
2006-08-29,416.0,417.6
2006-08-30,416.02,418.24
2006-08-31,415.68,417.61
2006-09-01,415.57,417.95
2006-09-02,415.63,417.77
2006-09-03,416.03,417.75
2006-09-04,416.16,417.81
2006-09-05,415.68,417.74
2006-09-06,415.78,417.63
2006-09-07,415.81,418.17
2006-09-08,415.79,417.63
2006-09-09,416.18,418.49
2006-09-10,416.11,417.9
2006-09-11,416.4,417.88
2006-09-12,416.07,417.82
2006-09-13,416.34,418.2
2006-09-14,416.06,417.73
2006-09-15,415.52,418.22
2006-09-16,416.33,418.03
2006-09-17,415.57,418.09
2006-09-18,416.04,417.92
2006-09-19,415.65,418.34
2006-09-20,416.41,417.62
2006-09-21,416.24,417.89
2006-09-22,415.7,417.58
2006-09-23,416.47,418.25
2006-09-24,415.5,418.45
2006-09-25,416.39,417.97
2006-09-26,415.67,418.06
2006-09-27,416.42,418.17
2006-09-28,416.39,417.96
2006-09-29,415.72,418.22
2006-09-30,415.55,417.84
2006-10-01,416.03,418.29
2006-10-02,416.1,418.39
2006-10-03,415.62,417.86
2006-10-04,415.81,418.39
2006-10-05,415.77,418.03
2006-10-06,416.4,418.27
2006-10-07,416.05,418.32
2006-10-08,415.76,418.42
2006-10-09,415.6,417.9
2006-10-10,415.68,417.94
2006-10-11,415.51,417.75
2006-10-12,415.94,418.4
2006-10-13,416.39,418.07
2006-10-14,415.61,417.86
2006-10-15,416.17,417.53
2006-10-16,416.33,418.01
2006-10-17,415.81,418.36
2006-10-18,415.94,418.41
2006-10-19,415.86,418.46
2006-10-20,416.05,417.85
2006-10-21,415.96,418.09
2006-10-22,415.82,418.3
2006-10-23,416.1,417.86
2006-10-24,416.19,417.8
2006-10-25,415.63,417.73
2006-10-26,415.79,418.5
2006-10-27,415.51,417.91
2006-10-28,415.71,418.4
2006-10-29,415.79,417.81
2006-10-30,415.72,417.91
2006-10-31,415.9,418.39
2006-11-01,416.08,417.79
2006-11-02,416.17,418.03
2006-11-03,415.65,418.04
2006-11-04,416.38,418.16
2006-11-05,416.48,417.57
2006-11-06,415.93,418.35
2006-11-07,415.53,418.31
2006-11-08,415.53,418.16
2006-11-09,416.06,417.85
2006-11-10,416.15,417.91
2006-11-11,415.7,418.08
2006-11-12,415.99,417.93
2006-11-13,416.14,418.07
2006-11-14,415.52,417.5
2006-11-15,416.21,418.3
2006-11-16,416.23,418.4
2006-11-17,415.99,418.5
2006-11-18,415.65,417.91
2006-11-19,416.17,417.66
2006-11-20,416.32,417.88
2006-11-21,416.18,418.01
2006-11-22,416.47,417.81
2006-11-23,416.37,418.43
2006-11-24,416.29,417.98
2006-11-25,415.7,417.68
2006-11-26,415.68,417.58
2006-11-27,416.04,417.81
2006-11-28,415.81,418.15
2006-11-29,416.02,418.26
2006-11-30,415.55,417.84
2006-12-01,415.88,417.76
2006-12-02,415.55,418.29
2006-12-03,415.53,418.07
2006-12-04,415.54,417.7
2006-12-05,416.19,417.71
2006-12-06,415.89,417.56
2006-12-07,415.65,418.32
2006-12-08,415.77,418.11
2006-12-09,415.53,417.82
2006-12-10,416.03,418.16
2006-12-11,416.08,418.11
2006-12-12,415.89,417.97
2006-12-13,415.98,417.5
2006-12-14,415.91,418.37
2006-12-15,415.93,418.05
2006-12-16,415.53,418.4
2006-12-17,415.67,418.28
2006-12-18,415.94,417.81
2006-12-19,415.68,417.54
2006-12-20,415.7,418.33
2006-12-21,416.14,417.95
2006-12-22,416.15,417.9
2006-12-23,415.88,417.74
2006-12-24,415.85,418.03
2006-12-25,415.71,417.59
2006-12-26,415.99,417.72
2006-12-27,415.64,417.55
2006-12-28,416.34,418.21
2006-12-29,415.8,417.92
2006-12-30,416.15,418.21
2006-12-31,415.56,417.69
2007-01-01,434.02,435.59
2007-01-02,434.31,436.14
2007-01-03,433.95,435.58
2007-01-04,434.29,435.6
2007-01-05,433.74,436.46
2007-01-06,433.67,436.47
2007-01-07,433.64,435.77
2007-01-08,433.89,435.57
2007-01-09,433.76,435.95
2007-01-10,434.23,436.12
2007-01-11,434.04,436.19
2007-01-12,434.33,435.51
2007-01-13,433.61,435.7
2007-01-14,434.37,435.67
2007-01-15,434.05,436.35
2007-01-16,433.68,435.99
2007-01-17,433.6,435.93
2007-01-18,434.2,436.16
2007-01-19,434.1,435.73
2007-01-20,434.0,435.91
2007-01-21,434.38,435.72
2007-01-22,433.61,435.58
2007-01-23,433.55,436.29
2007-01-24,433.88,436.24
2007-01-25,433.97,436.0
2007-01-26,433.88,435.77
2007-01-27,434.2,436.03
2007-01-28,434.49,436.25
2007-01-29,433.79,435.7
2007-01-30,433.55,436.41
2007-01-31,434.06,436.16
2007-02-01,433.91,436.08
2007-02-02,434.09,435.95
2007-02-03,434.44,436.42
2007-02-04,434.42,436.5
2007-02-05,433.54,435.51
2007-02-06,434.08,435.79
2007-02-07,433.74,435.65
2007-02-08,433.58,436.2
2007-02-09,434.21,436.12
2007-02-10,434.24,436.17
2007-02-11,433.61,436.43
2007-02-12,434.2,436.11
2007-02-13,433.95,435.73
2007-02-14,434.26,435.76
2007-02-15,433.88,436.12
2007-02-16,434.25,436.06
2007-02-17,434.11,435.75
2007-02-18,433.97,435.9
2007-02-19,434.0,436.27
2007-02-20,433.97,435.52
2007-02-21,434.23,435.84
2007-02-22,433.6,435.62
2007-02-23,434.4,435.71
2007-02-24,434.3,435.62
2007-02-25,434.41,435.81
2007-02-26,433.74,436.48
2007-02-27,434.42,435.93
2007-02-28,434.49,436.22
2007-03-01,434.27,435.53
2007-03-02,433.71,435.76
2007-03-03,433.54,435.61
2007-03-04,434.23,435.66
2007-03-05,434.08,435.75
2007-03-06,433.87,436.13
2007-03-07,434.47,435.71
2007-03-08,434.44,436.15
2007-03-09,433.61,435.88
2007-03-10,434.3,435.98
2007-03-11,434.29,435.65
2007-03-12,434.23,436.1
2007-03-13,434.43,436.1
2007-03-14,433.52,435.81
2007-03-15,434.21,435.74
2007-03-16,433.65,435.71
2007-03-17,434.17,436.47
2007-03-18,433.85,436.06
2007-03-19,434.16,435.54
2007-03-20,434.01,435.87
2007-03-21,434.49,436.35
2007-03-22,434.42,435.7
2007-03-23,433.87,435.51
2007-03-24,433.74,436.5
2007-03-25,433.87,436.05
2007-03-26,433.77,435.6
2007-03-27,433.56,436.31
2007-03-28,434.46,436.03
2007-03-29,433.77,436.31
2007-03-30,434.08,435.87
2007-03-31,434.06,435.64
2007-04-01,434.47,435.95
2007-04-02,433.82,436.05
2007-04-03,433.71,435.97
2007-04-04,433.59,435.82
2007-04-05,433.77,436.11
2007-04-06,434.12,435.66
2007-04-07,433.72,436.15
2007-04-08,434.09,435.66
2007-04-09,433.57,435.99
2007-04-10,433.81,436.03
2007-04-11,434.28,435.79
2007-04-12,434.48,436.06
2007-04-13,433.8,435.78
2007-04-14,434.45,435.88
2007-04-15,433.56,435.62
2007-04-16,434.11,435.65
2007-04-17,433.98,435.92
2007-04-18,434.19,436.1
2007-04-19,433.66,436.18
2007-04-20,433.85,436.24
2007-04-21,434.2,435.53
2007-04-22,433.55,436.49
2007-04-23,433.8,435.72
2007-04-24,433.82,436.46
2007-04-25,433.54,436.47
2007-04-26,434.24,436.44
2007-04-27,434.37,435.95
2007-04-28,433.94,435.68
2007-04-29,434.37,436.43
2007-04-30,434.08,435.55
2007-05-01,434.39,435.61
2007-05-02,433.74,435.59
2007-05-03,434.47,436.31
2007-05-04,433.95,436.35
2007-05-05,434.09,436.12
2007-05-06,433.85,436.19
2007-05-07,433.51,435.61
2007-05-08,434.22,435.84
2007-05-09,434.17,436.48
2007-05-10,433.59,435.91
2007-05-11,433.51,435.6
2007-05-12,434.08,435.79
2007-05-13,433.77,436.4
2007-05-14,434.38,435.99
2007-05-15,434.33,436.07
2007-05-16,434.48,436.12
2007-05-17,433.71,435.5
2007-05-18,434.04,436.38
2007-05-19,433.68,435.93
2007-05-20,434.43,435.89
2007-05-21,434.04,436.37
2007-05-22,433.74,436.05
2007-05-23,434.38,435.91
2007-05-24,434.3,436.02
2007-05-25,433.99,435.78
2007-05-26,434.41,435.64
2007-05-27,434.37,436.35
2007-05-28,433.99,435.86
2007-05-29,434.44,436.43
2007-05-30,433.55,435.98
2007-05-31,434.26,436.27
2007-06-01,433.9,435.9
2007-06-02,434.44,436.18
2007-06-03,433.85,436.22
2007-06-04,434.15,436.19
2007-06-05,433.56,435.71
2007-06-06,433.95,435.72
2007-06-07,433.56,436.2
2007-06-08,434.13,436.13
2007-06-09,433.55,436.18
2007-06-10,433.75,436.5
2007-06-11,434.14,435.57
2007-06-12,433.63,436.15
2007-06-13,433.95,436.03
2007-06-14,433.52,435.86
2007-06-15,434.35,436.28
2007-06-16,433.57,436.01
2007-06-17,433.88,436.36
2007-06-18,433.99,436.03
2007-06-19,433.54,436.3
2007-06-20,433.9,435.96
2007-06-21,434.24,435.57
2007-06-22,433.64,435.9
2007-06-23,433.82,436.23
2007-06-24,434.11,435.67
2007-06-25,433.81,435.56
2007-06-26,434.13,436.13
2007-06-27,434.25,435.66
2007-06-28,434.27,436.16
2007-06-29,433.5,436.15
2007-06-30,434.42,436.14
2007-07-01,433.55,435.93
2007-07-02,433.77,436.37
2007-07-03,433.75,435.61
2007-07-04,434.2,436.45
2007-07-05,434.46,436.24
2007-07-06,434.04,435.82
2007-07-07,434.31,436.27
2007-07-08,434.47,436.32
2007-07-09,434.06,435.63
2007-07-10,434.09,435.75
2007-07-11,433.81,436.43
2007-07-12,434.32,435.74
2007-07-13,433.94,435.77
2007-07-14,434.5,435.87
2007-07-15,433.71,435.67
2007-07-16,434.07,435.57
2007-07-17,433.98,436.32
2007-07-18,434.31,435.66
2007-07-19,434.04,436.1
2007-07-20,434.03,435.52
2007-07-21,433.72,436.37
2007-07-22,433.96,436.03
2007-07-23,434.05,436.38
2007-07-24,434.11,435.57
2007-07-25,433.5,436.35
2007-07-26,433.98,436.4
2007-07-27,433.63,436.23
2007-07-28,434.02,435.74
2007-07-29,434.07,436.19
2007-07-30,434.09,436.32
2007-07-31,433.62,436.28
2007-08-01,434.18,436.35
2007-08-02,434.19,435.83
2007-08-03,434.14,436.16
2007-08-04,433.66,436.04
2007-08-05,434.22,435.76
2007-08-06,434.34,436.1
2007-08-07,433.64,436.08
2007-08-08,433.77,435.83
2007-08-09,433.64,435.89
2007-08-10,433.54,436.24
2007-08-11,434.25,436.44
2007-08-12,434.49,435.7
2007-08-13,434.42,435.7
2007-08-14,434.45,436.35
2007-08-15,434.42,436.03
2007-08-16,433.5,435.95
2007-08-17,433.54,435.87
2007-08-18,434.07,435.63
2007-08-19,433.58,436.38
2007-08-20,434.35,435.7
2007-08-21,434.25,436.49
2007-08-22,433.81,435.83
2007-08-23,434.03,435.64
2007-08-24,434.3,435.51
2007-08-25,433.65,435.59
2007-08-26,434.01,435.56
2007-08-27,433.83,435.9
2007-08-28,434.42,436.14
2007-08-29,433.99,435.71
2007-08-30,434.12,435.52
2007-08-31,434.31,435.55
2007-09-01,434.46,435.74
2007-09-02,433.99,436.21
2007-09-03,434.18,435.69
2007-09-04,434.15,435.63
2007-09-05,434.05,435.96
2007-09-06,434.18,436.1
2007-09-07,434.15,436.04
2007-09-08,433.66,435.82
2007-09-09,433.82,435.97
2007-09-10,433.77,435.53
2007-09-11,433.92,435.9
2007-09-12,433.64,435.66
2007-09-13,434.12,436.02
2007-09-14,433.54,435.92
2007-09-15,434.22,435.88
2007-09-16,433.55,435.84
2007-09-17,434.45,436.14
2007-09-18,433.51,435.97
2007-09-19,434.46,435.67
2007-09-20,433.61,435.58
2007-09-21,434.15,435.95
2007-09-22,434.08,435.61
2007-09-23,433.63,436.26
2007-09-24,433.77,436.16
2007-09-25,433.6,436.47
2007-09-26,433.87,436.11
2007-09-27,434.28,436.05
2007-09-28,434.29,435.79
2007-09-29,434.06,436.33
2007-09-30,434.22,436.47
2007-10-01,434.24,435.59
2007-10-02,433.69,436.13
2007-10-03,434.42,435.62
2007-10-04,433.53,436.06
2007-10-05,433.51,435.67
2007-10-06,433.53,435.96
2007-10-07,433.68,435.77
2007-10-08,433.58,436.48
2007-10-09,434.37,436.02
2007-10-10,434.0,435.72
2007-10-11,434.08,435.57
2007-10-12,434.32,435.59
2007-10-13,433.62,436.31
2007-10-14,434.36,436.4
2007-10-15,433.84,435.52
2007-10-16,433.92,436.28
2007-10-17,433.72,435.95
2007-10-18,433.76,435.55
2007-10-19,434.27,435.81
2007-10-20,433.66,436.19
2007-10-21,433.81,435.8
2007-10-22,433.61,436.31
2007-10-23,434.08,435.75
2007-10-24,433.92,435.96
2007-10-25,434.08,435.8
2007-10-26,434.04,435.89
2007-10-27,434.08,436.17
2007-10-28,433.7,435.97
2007-10-29,433.73,435.67
2007-10-30,434.11,436.4
2007-10-31,434.2,435.61
2007-11-01,434.43,435.95
2007-11-02,434.34,435.89
2007-11-03,434.43,435.61
2007-11-04,434.39,436.22
2007-11-05,434.36,436.37
2007-11-06,434.07,435.62
2007-11-07,433.9,436.09
2007-11-08,434.02,435.55
2007-11-09,434.5,435.56
2007-11-10,433.71,436.29
2007-11-11,433.52,435.59
2007-11-12,434.05,435.75
2007-11-13,433.63,436.45
2007-11-14,433.61,436.24
2007-11-15,433.64,436.35
2007-11-16,434.05,435.92
2007-11-17,433.9,435.82
2007-11-18,434.44,435.66
2007-11-19,434.2,435.75
2007-11-20,434.34,435.63
2007-11-21,434.32,436.46
2007-11-22,434.49,435.53
2007-11-23,433.5,436.5
2007-11-24,433.84,435.98
2007-11-25,434.14,436.22
2007-11-26,434.2,436.02
2007-11-27,433.81,435.73
2007-11-28,434.28,436.46
2007-11-29,434.13,436.03
2007-11-30,434.17,436.29
2007-12-01,434.25,435.54
2007-12-02,433.9,435.88
2007-12-03,434.43,435.71
2007-12-04,434.5,435.96
2007-12-05,433.63,435.81
2007-12-06,433.9,436.22
2007-12-07,433.52,436.09
2007-12-08,434.04,435.81
2007-12-09,433.53,436.08
2007-12-10,434.2,436.37
2007-12-11,434.19,435.66
2007-12-12,434.46,436.11
2007-12-13,434.24,436.43
2007-12-14,434.18,436.25
2007-12-15,434.48,435.54
2007-12-16,434.0,435.78
2007-12-17,434.19,436.44
2007-12-18,434.05,436.28
2007-12-19,433.84,436.27
2007-12-20,433.67,435.81
2007-12-21,434.33,435.6
2007-12-22,434.36,436.46
2007-12-23,434.32,435.6
2007-12-24,433.85,435.6
2007-12-25,433.96,435.94
2007-12-26,434.15,436.14
2007-12-27,434.24,436.04
2007-12-28,433.78,435.87
2007-12-29,434.42,435.54
2007-12-30,433.87,436.24
2007-12-31,434.23,435.7
2008-01-01,452.15,454.11
2008-01-02,451.57,453.73
2008-01-03,452.1,453.83
2008-01-04,452.27,454.47
2008-01-05,452.41,454.02
2008-01-06,451.57,454.1
2008-01-07,452.32,454.36
2008-01-08,452.42,454.18
2008-01-09,451.67,453.61
2008-01-10,451.54,454.45
2008-01-11,452.16,453.98
2008-01-12,452.0,454.5
2008-01-13,451.76,453.61
2008-01-14,452.34,454.07
2008-01-15,451.79,454.31
2008-01-16,452.27,453.64
2008-01-17,451.74,454.4
2008-01-18,452.01,454.34
2008-01-19,452.3,454.18
2008-01-20,452.02,454.35
2008-01-21,452.09,453.8
2008-01-22,452.34,454.41
2008-01-23,452.35,453.57
2008-01-24,451.98,454.13
2008-01-25,451.9,454.13
2008-01-26,452.08,454.24
2008-01-27,452.14,453.59
2008-01-28,452.22,453.65
2008-01-29,452.26,454.18
2008-01-30,451.9,453.5
2008-01-31,452.22,454.18
2008-02-01,452.11,453.94
2008-02-02,451.96,454.01
2008-02-03,452.37,454.21
2008-02-04,451.71,453.52
2008-02-05,451.54,454.25
2008-02-06,451.76,454.32
2008-02-07,452.34,453.76
2008-02-08,451.88,453.62
2008-02-09,451.72,454.48
2008-02-10,452.33,453.55
2008-02-11,451.9,454.02
2008-02-12,452.16,454.19
2008-02-13,451.54,454.08
2008-02-14,451.55,454.43
2008-02-15,452.27,454.33
2008-02-16,452.36,454.28
2008-02-17,451.77,454.39
2008-02-18,452.49,454.2
2008-02-19,451.82,454.28
2008-02-20,451.75,453.82
2008-02-21,452.37,453.87
2008-02-22,451.64,453.6
2008-02-23,452.37,454.35
2008-02-24,451.62,453.65
2008-02-25,451.88,453.76
2008-02-26,452.18,454.1
2008-02-27,451.72,453.68
2008-02-28,451.93,453.64
2008-02-29,451.82,453.84
2008-03-01,452.49,453.65
2008-03-02,451.85,453.51
2008-03-03,451.53,453.79
2008-03-04,451.65,453.77
2008-03-05,451.93,454.01
2008-03-06,451.81,453.54
2008-03-07,452.2,453.59
2008-03-08,452.4,453.92
2008-03-09,451.51,453.6
2008-03-10,451.75,453.94
2008-03-11,451.93,453.62
2008-03-12,451.88,454.37
2008-03-13,451.95,454.48
2008-03-14,451.7,454.11
2008-03-15,451.7,453.97
2008-03-16,452.21,454.43
2008-03-17,452.25,453.7
2008-03-18,451.64,453.56
2008-03-19,452.44,454.42
2008-03-20,452.29,453.57
2008-03-21,452.22,453.91
2008-03-22,451.6,453.53
2008-03-23,451.56,453.96
2008-03-24,451.77,453.78
2008-03-25,452.29,453.82
2008-03-26,451.65,453.98
2008-03-27,452.31,453.72
2008-03-28,452.34,454.02
2008-03-29,452.14,454.39
2008-03-30,452.34,454.03
2008-03-31,451.67,454.48
2008-04-01,452.09,453.62
2008-04-02,452.3,454.41
2008-04-03,451.54,453.76
2008-04-04,451.79,453.55
2008-04-05,451.84,454.05
2008-04-06,451.81,453.53
2008-04-07,451.7,453.77
2008-04-08,452.46,454.31
2008-04-09,452.4,454.48
2008-04-10,451.73,453.71
2008-04-11,452.03,454.03
2008-04-12,452.01,454.28
2008-04-13,451.97,453.54
2008-04-14,451.75,454.23
2008-04-15,452.25,454.24
2008-04-16,451.64,454.3
2008-04-17,452.04,454.39
2008-04-18,452.43,454.11
2008-04-19,451.93,454.37
2008-04-20,451.89,453.5
2008-04-21,451.84,453.71
2008-04-22,452.16,454.23
2008-04-23,451.7,454.25
2008-04-24,452.5,454.36
2008-04-25,451.74,454.4
2008-04-26,452.31,453.95
2008-04-27,451.79,453.77
2008-04-28,452.16,454.41
2008-04-29,452.18,454.46
2008-04-30,452.32,453.6
2008-05-01,451.82,454.3
2008-05-02,452.32,454.4
2008-05-03,452.06,453.65
2008-05-04,451.82,453.53
2008-05-05,452.44,454.13
2008-05-06,451.57,453.99
2008-05-07,452.25,453.71
2008-05-08,451.61,453.96
2008-05-09,451.69,453.72
2008-05-10,452.16,454.16
2008-05-11,451.93,453.95
2008-05-12,451.67,453.62
2008-05-13,452.36,454.3
2008-05-14,451.76,453.64
2008-05-15,452.35,453.95
2008-05-16,452.21,453.6
2008-05-17,452.15,454.43
2008-05-18,452.09,454.37
2008-05-19,451.69,453.61
2008-05-20,452.24,453.7
2008-05-21,452.06,453.85
2008-05-22,452.5,453.58
2008-05-23,452.44,453.57
2008-05-24,451.92,453.56
2008-05-25,451.88,454.38
2008-05-26,451.5,454.28
2008-05-27,452.03,453.97
2008-05-28,451.57,454.1
2008-05-29,451.66,453.86
2008-05-30,452.07,453.94
2008-05-31,452.13,453.82
2008-06-01,451.65,453.54
2008-06-02,451.77,453.51
2008-06-03,452.23,453.85
2008-06-04,452.02,453.9
2008-06-05,451.55,454.06
2008-06-06,451.71,453.96
2008-06-07,451.64,453.63
2008-06-08,451.51,454.44
2008-06-09,451.98,453.86
2008-06-10,451.83,454.31
2008-06-11,451.69,454.41
2008-06-12,451.62,453.84
2008-06-13,451.8,454.03
2008-06-14,452.39,454.25
2008-06-15,451.54,453.87
2008-06-16,451.94,454.47
2008-06-17,452.3,454.15
2008-06-18,451.84,454.2
2008-06-19,452.27,454.16
2008-06-20,452.26,454.46
2008-06-21,452.04,454.23
2008-06-22,451.86,454.4
2008-06-23,452.39,454.36
2008-06-24,452.4,453.91
2008-06-25,452.01,454.1
2008-06-26,452.42,454.27
2008-06-27,452.31,454.43
2008-06-28,451.59,453.61
2008-06-29,451.86,453.51
2008-06-30,451.85,453.74
2008-07-01,452.45,453.54
2008-07-02,452.09,453.69
2008-07-03,451.62,453.9
2008-07-04,452.41,454.01
2008-07-05,452.27,453.78
2008-07-06,452.22,453.58
2008-07-07,452.43,454.0
2008-07-08,451.92,454.01
2008-07-09,452.4,453.89
2008-07-10,452.05,453.79
2008-07-11,452.06,453.87
2008-07-12,452.1,453.99
2008-07-13,451.83,453.97
2008-07-14,451.81,454.13
2008-07-15,451.64,454.37
2008-07-16,452.02,453.56
2008-07-17,452.05,453.66
2008-07-18,452.47,453.74
2008-07-19,452.34,454.39
2008-07-20,452.22,454.28
2008-07-21,452.04,454.01
2008-07-22,451.62,454.04
2008-07-23,451.88,454.15
2008-07-24,451.51,453.61
2008-07-25,452.08,454.08
2008-07-26,451.54,453.65
2008-07-27,452.07,454.48
2008-07-28,451.91,453.64
2008-07-29,451.77,453.91
2008-07-30,451.55,453.91
2008-07-31,452.05,454.01
2008-08-01,451.57,453.68
2008-08-02,452.02,453.89
2008-08-03,451.63,453.9
2008-08-04,451.75,454.02
2008-08-05,452.43,454.44
2008-08-06,451.72,454.15
2008-08-07,451.7,453.84
2008-08-08,451.99,454.14
2008-08-09,452.08,453.61
2008-08-10,451.89,453.74
2008-08-11,452.03,453.72
2008-08-12,451.58,453.99
2008-08-13,451.65,453.8
2008-08-14,452.17,453.94
2008-08-15,452.02,453.82
2008-08-16,452.47,453.9
2008-08-17,451.78,454.22
2008-08-18,452.02,454.45
2008-08-19,452.08,453.87
2008-08-20,452.11,454.31
2008-08-21,452.06,454.45
2008-08-22,451.85,454.36
2008-08-23,452.49,454.47
2008-08-24,452.05,453.56
2008-08-25,451.54,453.59
2008-08-26,452.39,454.1
2008-08-27,452.48,454.31
2008-08-28,452.4,453.68
2008-08-29,452.44,453.55
2008-08-30,452.0,453.77
2008-08-31,451.88,454.39
2008-09-01,452.01,454.15
2008-09-02,451.53,453.62
2008-09-03,451.72,454.27
2008-09-04,452.34,454.4
2008-09-05,452.05,453.68
2008-09-06,451.6,454.05
2008-09-07,452.23,454.38
2008-09-08,451.72,454.33
2008-09-09,452.12,454.44
2008-09-10,451.63,453.91
2008-09-11,451.72,453.68
2008-09-12,452.46,453.78
2008-09-13,451.65,454.1
2008-09-14,451.58,453.94
2008-09-15,451.7,453.71
2008-09-16,451.76,453.97
2008-09-17,451.52,454.41
2008-09-18,452.07,453.94
2008-09-19,452.23,453.75
2008-09-20,452.39,454.3
2008-09-21,452.22,453.83
2008-09-22,451.99,453.69
2008-09-23,452.25,454.22
2008-09-24,452.15,453.77
2008-09-25,451.8,453.65
2008-09-26,452.36,454.29
2008-09-27,451.62,453.98
2008-09-28,452.44,454.49
2008-09-29,451.59,454.19
2008-09-30,451.97,454.03
2008-10-01,452.26,454.42
2008-10-02,452.46,454.23
2008-10-03,451.62,453.81
2008-10-04,452.16,453.8
2008-10-05,451.67,453.87
2008-10-06,451.53,454.11
2008-10-07,451.75,453.93
2008-10-08,451.62,453.73
2008-10-09,452.31,454.2
2008-10-10,451.56,453.81
2008-10-11,451.52,454.44
2008-10-12,452.1,453.89
2008-10-13,452.13,454.43
2008-10-14,452.28,454.34
2008-10-15,451.62,453.92
2008-10-16,451.88,453.78
2008-10-17,452.28,454.08
2008-10-18,451.67,454.03
2008-10-19,452.36,453.87
2008-10-20,452.04,453.93
2008-10-21,451.68,454.04
2008-10-22,452.02,454.1
2008-10-23,452.24,454.39
2008-10-24,451.66,454.03
2008-10-25,451.94,454.36
2008-10-26,452.13,453.63
2008-10-27,451.99,454.05
2008-10-28,452.23,454.25
2008-10-29,451.64,453.58
2008-10-30,451.79,453.54
2008-10-31,452.23,454.09
2008-11-01,451.98,454.18
2008-11-02,452.34,453.59
2008-11-03,451.84,454.1
2008-11-04,452.01,454.46
2008-11-05,451.95,454.02
2008-11-06,452.45,454.07
2008-11-07,451.85,454.35
2008-11-08,451.58,453.6
2008-11-09,452.1,454.24
2008-11-10,451.7,453.66
2008-11-11,452.07,453.59
2008-11-12,452.46,454.23
2008-11-13,452.2,454.09
2008-11-14,452.42,454.41
2008-11-15,451.51,453.72
2008-11-16,452.23,454.35
2008-11-17,451.9,453.98
2008-11-18,451.91,453.79
2008-11-19,451.98,454.25
2008-11-20,451.61,453.65
2008-11-21,452.25,454.26
2008-11-22,452.35,453.93
2008-11-23,451.61,454.47
2008-11-24,452.16,454.06
2008-11-25,452.33,453.92
2008-11-26,452.07,454.45
2008-11-27,451.79,454.17
2008-11-28,451.88,453.88
2008-11-29,451.68,454.35
2008-11-30,451.61,454.32
2008-12-01,452.41,454.15
2008-12-02,451.86,453.74
2008-12-03,452.26,453.64
2008-12-04,451.7,454.24
2008-12-05,451.62,453.5
2008-12-06,452.07,453.64
2008-12-07,451.99,453.81
2008-12-08,452.37,453.71
2008-12-09,451.76,454.17
2008-12-10,451.91,453.99
2008-12-11,451.88,454.03
2008-12-12,451.78,453.84
2008-12-13,452.23,454.06
2008-12-14,451.87,454.0
2008-12-15,452.31,453.66
2008-12-16,452.25,454.25
2008-12-17,451.88,454.26
2008-12-18,452.05,453.79
2008-12-19,451.52,454.0
2008-12-20,451.71,453.76
2008-12-21,452.46,454.42
2008-12-22,451.63,454.11
2008-12-23,451.6,454.4
2008-12-24,452.07,453.98
2008-12-25,451.69,453.99
2008-12-26,451.93,454.29
2008-12-27,451.66,454.15
2008-12-28,452.45,454.36
2008-12-29,451.75,453.6
2008-12-30,452.24,454.14
2008-12-31,451.94,453.81
2009-01-01,470.43,471.84
2009-01-02,470.16,471.74
2009-01-03,470.43,471.7
2009-01-04,470.24,471.79
2009-01-05,469.61,472.1
2009-01-06,469.66,472.04
2009-01-07,470.45,472.08
2009-01-08,470.36,471.88
2009-01-09,470.34,471.57
2009-01-10,469.53,472.41
2009-01-11,470.24,472.2
2009-01-12,469.68,471.71
2009-01-13,470.4,471.85
2009-01-14,469.63,471.68
2009-01-15,470.43,471.98
2009-01-16,469.99,471.75
2009-01-17,469.72,471.84
2009-01-18,469.86,472.33
2009-01-19,470.19,472.32
2009-01-20,469.7,471.94
2009-01-21,469.54,472.3
2009-01-22,469.8,472.11
2009-01-23,469.52,471.54
2009-01-24,470.14,472.16
2009-01-25,469.96,472.0
2009-01-26,470.31,471.55
2009-01-27,470.37,471.62
2009-01-28,469.71,472.29
2009-01-29,470.16,471.5
2009-01-30,470.11,471.5
2009-01-31,469.85,472.25
2009-02-01,470.44,471.62
2009-02-02,469.87,472.45
2009-02-03,469.94,471.63
2009-02-04,470.05,471.63
2009-02-05,470.04,472.49
2009-02-06,470.22,472.22
2009-02-07,470.46,472.41
2009-02-08,469.7,472.17
2009-02-09,470.05,472.39
2009-02-10,470.5,471.87
2009-02-11,470.04,471.93
2009-02-12,470.46,471.51
2009-02-13,469.55,471.94
2009-02-14,469.78,471.79
2009-02-15,469.79,471.95
2009-02-16,470.13,471.53
2009-02-17,470.29,472.44
2009-02-18,470.09,472.0
2009-02-19,470.45,472.01
2009-02-20,469.66,471.87
2009-02-21,470.46,471.81
2009-02-22,469.96,472.07
2009-02-23,470.15,472.23
2009-02-24,470.22,472.03
2009-02-25,469.6,472.11
2009-02-26,470.3,471.74
2009-02-27,470.43,472.28
2009-02-28,470.5,472.39
2009-03-01,469.64,472.13
2009-03-02,470.45,471.6
2009-03-03,470.33,472.25
2009-03-04,469.91,472.33
2009-03-05,469.58,471.65
2009-03-06,469.59,472.04
2009-03-07,469.58,471.77
2009-03-08,470.13,472.22
2009-03-09,469.96,471.96
2009-03-10,469.71,472.35
2009-03-11,470.37,472.29
2009-03-12,470.28,471.77
2009-03-13,469.68,472.2
2009-03-14,470.18,472.42
2009-03-15,470.37,472.31
2009-03-16,470.04,471.71
2009-03-17,469.72,471.74
2009-03-18,469.56,472.34
2009-03-19,470.35,472.2
2009-03-20,470.05,471.9
2009-03-21,470.21,471.93
2009-03-22,470.09,471.63
2009-03-23,469.74,471.96
2009-03-24,469.79,472.23
2009-03-25,470.36,471.79
2009-03-26,470.35,471.8
2009-03-27,470.27,472.33
2009-03-28,469.66,472.03
2009-03-29,469.74,472.25
2009-03-30,470.34,472.33
2009-03-31,470.2,471.9
2009-04-01,470.27,471.76
2009-04-02,470.25,472.21
2009-04-03,470.44,471.83
2009-04-04,470.1,472.25
2009-04-05,469.91,471.74
2009-04-06,469.75,471.54
2009-04-07,469.74,472.1
2009-04-08,470.23,472.1
2009-04-09,470.36,471.71
2009-04-10,470.33,471.97
2009-04-11,469.95,471.8
2009-04-12,470.33,472.2
2009-04-13,470.0,472.06
2009-04-14,470.43,472.48
2009-04-15,469.69,472.47
2009-04-16,470.14,472.02
2009-04-17,470.42,472.36
2009-04-18,470.27,472.37
2009-04-19,470.4,472.43
2009-04-20,469.83,471.68
2009-04-21,470.01,472.21
2009-04-22,469.62,471.55
2009-04-23,470.09,471.69
2009-04-24,470.06,471.94
2009-04-25,470.38,472.02
2009-04-26,470.05,471.62
2009-04-27,470.12,471.51
2009-04-28,470.27,472.33
2009-04-29,469.81,471.99
2009-04-30,469.54,472.48
2009-05-01,469.58,471.89
2009-05-02,470.12,472.22
2009-05-03,469.88,471.6
2009-05-04,469.61,472.03
2009-05-05,469.95,471.79
2009-05-06,470.32,472.3
2009-05-07,470.03,471.65
2009-05-08,470.21,472.24
2009-05-09,470.48,472.21
2009-05-10,470.21,471.89
2009-05-11,469.75,472.37
2009-05-12,470.37,471.64
2009-05-13,470.11,472.33
2009-05-14,470.44,472.14
2009-05-15,470.06,471.6
2009-05-16,469.67,472.15
2009-05-17,470.08,472.32
2009-05-18,469.86,472.1
2009-05-19,469.73,471.79
2009-05-20,469.69,472.31
2009-05-21,470.17,471.96
2009-05-22,469.92,471.52
2009-05-23,469.6,472.29
2009-05-24,469.72,472.27
2009-05-25,470.25,471.78
2009-05-26,470.44,471.65
2009-05-27,470.33,471.67
2009-05-28,470.43,472.21
2009-05-29,470.01,471.56
2009-05-30,469.8,472.18
2009-05-31,470.06,472.48
2009-06-01,470.27,472.46
2009-06-02,469.82,471.86
2009-06-03,470.16,471.7
2009-06-04,470.33,471.58
2009-06-05,469.61,471.85
2009-06-06,470.31,472.1
2009-06-07,470.48,471.52
2009-06-08,469.79,471.78
2009-06-09,470.32,472.18
2009-06-10,469.96,471.81
2009-06-11,470.14,472.05
2009-06-12,470.35,471.54
2009-06-13,469.97,472.06
2009-06-14,469.63,472.06
2009-06-15,470.37,472.01
2009-06-16,469.66,471.68
2009-06-17,470.08,471.53
2009-06-18,469.86,471.88
2009-06-19,470.13,472.12
2009-06-20,470.34,471.99
2009-06-21,469.66,472.4
2009-06-22,469.73,472.21
2009-06-23,470.04,472.32
2009-06-24,470.47,471.71
2009-06-25,470.1,471.98
2009-06-26,469.63,472.31
2009-06-27,470.31,472.2
2009-06-28,469.66,472.0
2009-06-29,470.05,471.69
2009-06-30,469.98,472.09
2009-07-01,469.82,471.93
2009-07-02,469.71,472.36
2009-07-03,469.64,471.6
2009-07-04,470.15,471.83
2009-07-05,469.59,471.91
2009-07-06,469.69,472.14
2009-07-07,469.82,471.89
2009-07-08,469.94,472.25
2009-07-09,470.18,471.93
2009-07-10,469.88,472.03
2009-07-11,470.07,471.73
2009-07-12,470.31,471.62
2009-07-13,470.3,472.47
2009-07-14,470.18,472.07
2009-07-15,470.47,471.68
2009-07-16,469.54,471.55
2009-07-17,469.83,471.52
2009-07-18,469.97,472.36
2009-07-19,469.74,471.5
2009-07-20,470.14,471.65
2009-07-21,470.46,472.05
2009-07-22,470.2,471.55
2009-07-23,470.19,471.95
2009-07-24,470.39,472.36
2009-07-25,470.08,471.91
2009-07-26,469.51,472.09
2009-07-27,469.86,472.01
2009-07-28,469.66,472.22
2009-07-29,469.86,471.53
2009-07-30,470.11,472.19
2009-07-31,470.16,471.7
2009-08-01,470.1,471.64
2009-08-02,469.98,472.17
2009-08-03,470.28,472.42
2009-08-04,469.71,472.31
2009-08-05,470.32,471.87
2009-08-06,470.2,472.26
2009-08-07,470.3,472.01
2009-08-08,470.16,471.53
2009-08-09,470.31,471.53
2009-08-10,470.03,472.27
2009-08-11,470.02,472.43
2009-08-12,470.09,471.61
2009-08-13,470.27,472.21
2009-08-14,469.93,472.14
2009-08-15,469.56,472.24
2009-08-16,470.18,472.01
2009-08-17,470.03,471.54
2009-08-18,470.33,471.75
2009-08-19,470.46,472.36
2009-08-20,470.15,472.49
2009-08-21,470.41,471.89
2009-08-22,470.32,472.3
2009-08-23,469.96,472.25
2009-08-24,470.03,471.91
2009-08-25,470.47,472.02
2009-08-26,469.64,471.81
2009-08-27,469.7,471.89
2009-08-28,469.83,471.73
2009-08-29,470.18,471.59
2009-08-30,470.47,471.67
2009-08-31,470.0,471.54
2009-09-01,469.54,471.68
2009-09-02,469.6,471.72
2009-09-03,469.56,471.58
2009-09-04,470.3,471.63
2009-09-05,470.31,471.98
2009-09-06,470.5,471.53
2009-09-07,469.98,472.21
2009-09-08,470.1,471.65
2009-09-09,470.14,472.14
2009-09-10,470.26,471.9
2009-09-11,469.55,471.62
2009-09-12,470.31,472.48
2009-09-13,470.44,471.74
2009-09-14,470.41,471.81
2009-09-15,469.94,471.64
2009-09-16,469.71,472.1
2009-09-17,469.89,471.58
2009-09-18,470.35,471.6
2009-09-19,470.47,471.65
2009-09-20,469.76,472.12
2009-09-21,469.74,471.89
2009-09-22,469.94,472.04
2009-09-23,469.59,472.27
2009-09-24,469.71,471.91
2009-09-25,470.36,472.28
2009-09-26,470.38,472.12
2009-09-27,470.4,471.78
2009-09-28,470.34,472.34
2009-09-29,470.0,472.4
2009-09-30,469.9,471.62
2009-10-01,470.1,471.78
2009-10-02,469.84,472.0
2009-10-03,470.24,472.39
2009-10-04,469.59,472.15
2009-10-05,470.36,471.69
2009-10-06,469.56,471.8
2009-10-07,470.03,471.9
2009-10-08,470.15,472.41
2009-10-09,469.81,471.75
2009-10-10,470.41,471.72
2009-10-11,469.66,471.93
2009-10-12,470.36,471.91
2009-10-13,470.11,472.02
2009-10-14,469.56,471.6
2009-10-15,470.37,471.9
2009-10-16,469.85,472.26
2009-10-17,470.03,472.31
2009-10-18,469.66,472.13
2009-10-19,469.57,472.5
2009-10-20,470.26,472.47
2009-10-21,470.03,472.28
2009-10-22,469.73,472.29
2009-10-23,470.46,472.46
2009-10-24,469.91,472.17
2009-10-25,469.57,472.41
2009-10-26,470.2,472.18
2009-10-27,469.9,472.19
2009-10-28,470.34,471.84
2009-10-29,470.44,471.91
2009-10-30,470.4,472.18
2009-10-31,470.32,471.79
2009-11-01,469.55,471.73
2009-11-02,470.28,472.33
2009-11-03,469.5,472.24
2009-11-04,469.8,471.76
2009-11-05,469.64,472.33
2009-11-06,469.92,471.6
2009-11-07,469.78,472.03
2009-11-08,470.48,471.87
2009-11-09,469.89,472.46
2009-11-10,469.52,471.71
2009-11-11,469.95,471.53
2009-11-12,469.68,471.58
2009-11-13,469.71,471.64
2009-11-14,469.52,472.17
2009-11-15,469.88,472.35
2009-11-16,469.95,471.9
2009-11-17,470.1,471.61
2009-11-18,469.51,471.51
2009-11-19,469.81,471.95
2009-11-20,470.11,472.06
2009-11-21,470.13,471.83
2009-11-22,469.82,472.01
2009-11-23,469.73,472.13
2009-11-24,469.98,471.79
2009-11-25,469.99,471.75
2009-11-26,470.09,471.82
2009-11-27,469.71,471.6
2009-11-28,470.33,471.71
2009-11-29,469.65,472.45
2009-11-30,469.61,472.34
2009-12-01,469.62,471.54
2009-12-02,470.46,471.68
2009-12-03,469.94,472.36
2009-12-04,469.85,472.01
2009-12-05,469.66,472.34
2009-12-06,469.53,472.45
2009-12-07,469.52,472.13
2009-12-08,469.88,472.48
2009-12-09,469.61,471.69
2009-12-10,469.82,472.16
2009-12-11,470.13,472.29
2009-12-12,469.82,472.04
2009-12-13,470.34,471.52
2009-12-14,470.0,471.7
2009-12-15,469.58,472.19
2009-12-16,470.13,472.32
2009-12-17,470.0,472.08
2009-12-18,469.88,471.93
2009-12-19,470.32,472.05
2009-12-20,470.18,471.72
2009-12-21,470.06,471.66
2009-12-22,470.4,471.84
2009-12-23,470.31,472.18
2009-12-24,469.9,472.09
2009-12-25,469.77,472.41
2009-12-26,470.01,472.25
2009-12-27,470.38,472.24
2009-12-28,470.03,472.3
2009-12-29,469.8,471.88
2009-12-30,470.43,471.98
2009-12-31,470.14,471.88
2010-01-01,487.75,489.5
2010-01-02,488.18,490.41
2010-01-03,488.48,490.03
2010-01-04,487.71,489.89
2010-01-05,487.72,489.83
2010-01-06,488.01,490.29
2010-01-07,487.55,490.09
2010-01-08,487.52,489.67
2010-01-09,487.75,489.8
2010-01-10,487.7,489.67
2010-01-11,487.64,490.0
2010-01-12,488.33,489.96
2010-01-13,487.77,490.08
2010-01-14,487.6,489.67
2010-01-15,487.66,490.49
2010-01-16,487.73,490.39
2010-01-17,488.34,490.07
2010-01-18,488.08,490.41
2010-01-19,488.44,490.45
2010-01-20,488.1,490.45
2010-01-21,487.86,489.96
2010-01-22,487.58,489.91
2010-01-23,487.7,489.94
2010-01-24,488.41,490.16
2010-01-25,487.77,489.61
2010-01-26,487.68,490.13
2010-01-27,487.82,490.42
2010-01-28,487.62,489.89
2010-01-29,488.08,489.87
2010-01-30,487.72,489.85
2010-01-31,488.08,489.65
2010-02-01,487.78,489.69
2010-02-02,488.09,490.17
2010-02-03,488.12,490.28
2010-02-04,487.76,490.33
2010-02-05,488.49,489.66
2010-02-06,488.26,489.54
2010-02-07,488.2,490.38
2010-02-08,487.58,490.42
2010-02-09,487.74,489.79
2010-02-10,488.38,490.23
2010-02-11,487.98,490.28
2010-02-12,488.34,489.59
2010-02-13,487.7,490.29
2010-02-14,488.16,489.98
2010-02-15,488.14,489.92
2010-02-16,487.92,490.07
2010-02-17,487.66,490.41
2010-02-18,488.45,490.07
2010-02-19,488.02,490.42
2010-02-20,488.27,489.52
2010-02-21,488.45,490.29
2010-02-22,488.34,489.69
2010-02-23,488.45,490.44
2010-02-24,488.37,489.69
2010-02-25,487.52,489.56
2010-02-26,487.83,489.82
2010-02-27,487.84,490.18
2010-02-28,488.27,490.38
2010-03-01,488.47,489.54
2010-03-02,488.47,489.91
2010-03-03,487.53,489.96
2010-03-04,488.42,490.49
2010-03-05,487.98,489.69
2010-03-06,487.68,489.81
2010-03-07,487.97,489.67
2010-03-08,488.43,489.81
2010-03-09,488.48,490.4
2010-03-10,488.34,489.62
2010-03-11,487.91,489.62
2010-03-12,487.53,490.28
2010-03-13,487.86,489.74
2010-03-14,487.58,490.47
2010-03-15,488.29,489.89
2010-03-16,487.75,489.97
2010-03-17,487.87,489.97
2010-03-18,488.36,489.65
2010-03-19,487.88,489.97
2010-03-20,488.23,490.07
2010-03-21,488.46,490.01
2010-03-22,487.55,490.39
2010-03-23,487.54,490.12
2010-03-24,487.88,490.21
2010-03-25,488.28,489.79
2010-03-26,488.29,490.2
2010-03-27,488.15,489.94
2010-03-28,487.93,490.31
2010-03-29,487.76,490.33
2010-03-30,488.46,490.43
2010-03-31,488.24,489.87
2010-04-01,487.57,489.56
2010-04-02,487.81,490.14
2010-04-03,488.33,490.47
2010-04-04,488.39,490.47
2010-04-05,487.58,490.17
2010-04-06,487.87,490.28
2010-04-07,488.06,490.27
2010-04-08,488.4,490.14
2010-04-09,487.69,489.89
2010-04-10,488.12,490.34
2010-04-11,487.83,489.73
2010-04-12,487.9,490.49
2010-04-13,488.27,490.29
2010-04-14,487.74,489.91
2010-04-15,488.31,490.11
2010-04-16,488.21,490.19
2010-04-17,487.67,490.24
2010-04-18,488.14,490.12
2010-04-19,487.51,490.36
2010-04-20,488.14,489.8
2010-04-21,487.56,489.59
2010-04-22,487.83,490.01
2010-04-23,488.48,490.49
2010-04-24,488.35,490.0
2010-04-25,487.67,490.28
2010-04-26,488.21,489.94
2010-04-27,487.63,489.54
2010-04-28,488.06,489.65
2010-04-29,487.77,490.21
2010-04-30,488.45,490.23
2010-05-01,488.48,489.92
2010-05-02,487.55,489.91
2010-05-03,488.01,490.47
2010-05-04,487.84,490.07
2010-05-05,487.95,490.36
2010-05-06,487.96,490.03
2010-05-07,488.1,489.99
2010-05-08,488.14,490.16
2010-05-09,487.62,489.77
2010-05-10,488.33,490.34
2010-05-11,487.64,489.88
2010-05-12,488.11,489.9
2010-05-13,488.27,489.78
2010-05-14,487.54,489.56
2010-05-15,488.08,489.91
2010-05-16,487.72,489.93
2010-05-17,487.8,490.42
2010-05-18,488.36,489.86
2010-05-19,488.45,490.19
2010-05-20,488.23,489.73
2010-05-21,487.74,490.25
2010-05-22,488.09,489.9
2010-05-23,488.07,490.07
2010-05-24,487.76,489.54
2010-05-25,488.09,490.09
2010-05-26,488.24,489.51
2010-05-27,487.8,489.96
2010-05-28,487.61,489.52
2010-05-29,488.05,489.77
2010-05-30,488.02,490.04
2010-05-31,488.32,490.23
2010-06-01,488.32,490.08
2010-06-02,487.51,490.47
2010-06-03,487.92,490.29
2010-06-04,487.98,490.24
2010-06-05,487.52,490.03
2010-06-06,487.85,490.15
2010-06-07,488.03,489.76
2010-06-08,488.08,489.54
2010-06-09,487.95,489.65
2010-06-10,488.31,490.36
2010-06-11,487.66,489.55
2010-06-12,488.34,489.56
2010-06-13,488.0,490.14
2010-06-14,487.9,489.6
2010-06-15,488.3,489.88
2010-06-16,488.24,490.21
2010-06-17,488.32,489.58
2010-06-18,488.38,489.83
2010-06-19,487.87,489.91
2010-06-20,488.35,490.5
2010-06-21,487.51,490.16
2010-06-22,487.88,490.46
2010-06-23,488.21,489.83
2010-06-24,488.27,489.79
2010-06-25,487.83,490.24
2010-06-26,488.35,490.21
2010-06-27,488.3,490.24
2010-06-28,487.58,490.34
2010-06-29,488.07,490.03
2010-06-30,488.4,490.28
2010-07-01,487.99,490.35
2010-07-02,488.1,489.84
2010-07-03,487.98,490.42
2010-07-04,487.84,489.8
2010-07-05,487.83,490.09
2010-07-06,487.74,489.97
2010-07-07,487.51,489.6
2010-07-08,488.47,489.93
2010-07-09,488.48,489.84
2010-07-10,487.87,489.89
2010-07-11,488.02,490.16
2010-07-12,487.52,490.03
2010-07-13,488.08,489.77
2010-07-14,487.71,489.64
2010-07-15,487.66,489.89
2010-07-16,487.71,490.21
2010-07-17,487.97,490.47
2010-07-18,487.79,489.74
2010-07-19,487.98,489.82
2010-07-20,487.75,490.41
2010-07-21,488.14,490.37
2010-07-22,488.39,489.52
2010-07-23,487.7,489.85
2010-07-24,487.78,490.29
2010-07-25,487.52,489.58
2010-07-26,488.19,489.62
2010-07-27,488.04,489.65
2010-07-28,488.33,490.26
2010-07-29,487.61,489.75
2010-07-30,487.55,489.88
2010-07-31,487.58,490.27
2010-08-01,487.65,489.67
2010-08-02,487.91,489.9
2010-08-03,488.19,489.94
2010-08-04,487.59,490.39
2010-08-05,488.46,490.19
2010-08-06,488.2,490.35
2010-08-07,487.71,490.46
2010-08-08,487.65,489.78
2010-08-09,487.85,490.33
2010-08-10,487.68,489.72
2010-08-11,487.7,490.04
2010-08-12,487.84,489.77
2010-08-13,487.95,489.87
2010-08-14,488.17,490.34
2010-08-15,487.63,490.15
2010-08-16,487.52,490.15
2010-08-17,488.13,490.11
2010-08-18,488.25,489.72
2010-08-19,487.5,489.84
2010-08-20,488.31,489.77
2010-08-21,487.79,489.85
2010-08-22,488.28,490.06
2010-08-23,487.7,489.71
2010-08-24,487.81,490.2
2010-08-25,488.07,489.53
2010-08-26,488.16,490.34
2010-08-27,488.08,490.06
2010-08-28,488.48,490.12
2010-08-29,488.25,489.64
2010-08-30,488.12,489.55
2010-08-31,488.38,489.86
2010-09-01,488.28,490.23
2010-09-02,487.99,489.66
2010-09-03,487.8,490.05
2010-09-04,488.12,490.36
2010-09-05,487.95,490.06
2010-09-06,488.11,489.87
2010-09-07,488.46,490.09
2010-09-08,488.06,489.55
2010-09-09,487.87,489.96
2010-09-10,487.61,489.51
2010-09-11,488.49,489.93
2010-09-12,487.86,489.57
2010-09-13,487.87,489.88
2010-09-14,488.12,490.29
2010-09-15,488.25,489.9
2010-09-16,488.1,489.87
2010-09-17,487.85,489.64
2010-09-18,488.36,490.44
2010-09-19,488.12,489.66
2010-09-20,487.71,490.28
2010-09-21,487.62,490.45
2010-09-22,488.2,489.81
2010-09-23,488.33,490.37
2010-09-24,487.87,489.74
2010-09-25,487.88,490.1
2010-09-26,487.72,489.67
2010-09-27,487.72,489.53
2010-09-28,488.33,489.71
2010-09-29,487.69,490.49
2010-09-30,488.26,490.42
2010-10-01,487.97,490.03
2010-10-02,488.45,489.75
2010-10-03,488.27,489.82
2010-10-04,487.56,489.75
2010-10-05,487.78,489.89
2010-10-06,487.61,489.94
2010-10-07,487.8,490.0
2010-10-08,487.84,490.43
2010-10-09,487.72,489.93
2010-10-10,488.45,489.92
2010-10-11,488.0,490.34
2010-10-12,488.32,490.48
2010-10-13,487.52,490.38
2010-10-14,488.22,489.53
2010-10-15,488.28,490.25
2010-10-16,488.49,490.41
2010-10-17,487.79,489.61
2010-10-18,488.3,490.48
2010-10-19,488.14,489.89
2010-10-20,488.15,489.82
2010-10-21,487.85,489.96
2010-10-22,488.19,490.1
2010-10-23,487.55,490.31
2010-10-24,488.49,489.8
2010-10-25,488.28,489.57
2010-10-26,487.63,489.97
2010-10-27,488.37,490.35
2010-10-28,487.58,490.46
2010-10-29,488.44,490.07
2010-10-30,488.12,490.05
2010-10-31,487.68,489.87
2010-11-01,488.38,489.9
2010-11-02,487.68,490.37
2010-11-03,488.35,489.5
2010-11-04,487.8,490.09
2010-11-05,488.31,489.97
2010-11-06,488.08,489.54
2010-11-07,487.55,490.16
2010-11-08,487.78,490.25
2010-11-09,487.66,489.73
2010-11-10,487.64,489.92
2010-11-11,487.73,490.44
2010-11-12,487.84,490.02
2010-11-13,487.82,489.69
2010-11-14,487.96,490.18
2010-11-15,488.04,489.97
2010-11-16,487.67,490.2
2010-11-17,487.56,490.34
2010-11-18,488.17,489.58
2010-11-19,487.71,490.48
2010-11-20,488.49,490.41
2010-11-21,488.46,490.05
2010-11-22,487.72,490.34
2010-11-23,488.4,489.91
2010-11-24,488.11,490.03
2010-11-25,487.67,489.85
2010-11-26,487.57,489.66
2010-11-27,487.61,489.76
2010-11-28,487.53,489.92
2010-11-29,487.85,490.39
2010-11-30,488.03,490.37
2010-12-01,488.2,489.9
2010-12-02,488.05,489.97
2010-12-03,487.9,490.1
2010-12-04,488.38,489.66
2010-12-05,487.91,489.92
2010-12-06,488.09,489.6
2010-12-07,487.66,490.23
2010-12-08,487.6,489.74
2010-12-09,488.38,490.13
2010-12-10,488.49,490.0
2010-12-11,488.45,490.14
2010-12-12,487.62,489.72
2010-12-13,488.5,489.63
2010-12-14,487.57,490.37
2010-12-15,487.76,490.33
2010-12-16,487.91,489.59
2010-12-17,488.26,490.3
2010-12-18,488.44,490.31
2010-12-19,487.74,489.9
2010-12-20,487.92,490.21
2010-12-21,488.27,490.15
2010-12-22,487.67,490.11
2010-12-23,488.41,490.11
2010-12-24,487.91,489.78
2010-12-25,488.1,489.65
2010-12-26,488.17,489.78
2010-12-27,487.84,490.3
2010-12-28,487.73,490.08
2010-12-29,488.37,490.14
2010-12-30,487.58,489.75
2010-12-31,487.81,490.05
2011-01-01,505.61,508.3
2011-01-02,505.69,508.08
2011-01-03,506.12,508.16
2011-01-04,505.89,507.93
2011-01-05,505.73,508.46
2011-01-06,506.13,507.52
2011-01-07,506.03,508.15
2011-01-08,505.51,508.46
2011-01-09,505.78,508.02
2011-01-10,506.46,507.93
2011-01-11,506.22,507.94
2011-01-12,505.55,508.15
2011-01-13,505.7,507.71
2011-01-14,506.03,507.91
2011-01-15,506.04,507.93
2011-01-16,506.14,508.08
2011-01-17,506.02,508.34
2011-01-18,506.04,508.25
2011-01-19,506.04,507.81
2011-01-20,505.51,507.91
2011-01-21,505.72,507.71
2011-01-22,505.69,508.01
2011-01-23,506.1,508.3
2011-01-24,505.56,507.77
2011-01-25,505.54,507.91
2011-01-26,506.09,507.94
2011-01-27,506.14,508.04
2011-01-28,506.19,507.63
2011-01-29,506.43,507.66
2011-01-30,505.85,508.33
2011-01-31,506.16,507.7
2011-02-01,505.5,508.08
2011-02-02,505.71,508.21
2011-02-03,506.12,508.44
2011-02-04,506.01,508.42
2011-02-05,505.93,508.27
2011-02-06,505.7,508.31
2011-02-07,505.95,507.93
2011-02-08,506.1,508.4
2011-02-09,506.08,507.83
2011-02-10,506.23,508.29
2011-02-11,506.2,507.73
2011-02-12,506.1,508.33
2011-02-13,506.24,508.02
2011-02-14,505.71,507.8
2011-02-15,505.5,508.4
2011-02-16,505.6,508.2
2011-02-17,506.38,507.75
2011-02-18,506.49,508.28
2011-02-19,505.76,508.07
2011-02-20,505.58,507.97
2011-02-21,505.96,507.52
2011-02-22,505.63,507.53
2011-02-23,506.41,507.52
2011-02-24,505.65,508.19
2011-02-25,506.13,507.92
2011-02-26,505.61,508.01
2011-02-27,505.74,508.3
2011-02-28,506.35,507.82
2011-03-01,505.64,508.49
2011-03-02,506.18,508.29
2011-03-03,505.78,507.91
2011-03-04,505.94,507.54
2011-03-05,505.75,507.68
2011-03-06,506.06,507.52
2011-03-07,505.98,508.0
2011-03-08,505.55,508.14
2011-03-09,506.22,508.32
2011-03-10,506.24,508.13
2011-03-11,505.93,508.12
2011-03-12,506.41,508.24
2011-03-13,505.59,507.91
2011-03-14,506.01,507.72
2011-03-15,506.24,508.3
2011-03-16,505.97,508.36
2011-03-17,505.65,507.9
2011-03-18,505.73,507.76
2011-03-19,505.88,507.71
2011-03-20,506.12,507.84
2011-03-21,505.79,507.8
2011-03-22,505.57,507.76
2011-03-23,506.26,507.56
2011-03-24,505.52,508.0
2011-03-25,506.05,508.25
2011-03-26,505.89,507.81
2011-03-27,506.47,508.28
2011-03-28,505.95,507.61
2011-03-29,505.57,507.52
2011-03-30,506.1,508.18
2011-03-31,506.11,508.03
2011-04-01,506.29,507.74
2011-04-02,506.07,507.9
2011-04-03,506.03,508.14
2011-04-04,506.36,507.91
2011-04-05,506.12,507.8
2011-04-06,505.87,507.77
2011-04-07,505.79,508.09
2011-04-08,505.86,507.62
2011-04-09,505.73,508.38
2011-04-10,506.5,508.33
2011-04-11,506.22,508.16
2011-04-12,505.74,508.05
2011-04-13,505.59,507.89
2011-04-14,505.85,508.1
2011-04-15,505.54,508.31
2011-04-16,506.06,508.14
2011-04-17,505.96,507.6
2011-04-18,506.1,507.62
2011-04-19,506.29,507.89
2011-04-20,505.77,508.36
2011-04-21,505.52,507.58
2011-04-22,506.08,508.03
2011-04-23,505.91,507.55
2011-04-24,505.94,507.5
2011-04-25,505.68,508.47
2011-04-26,505.87,508.31
2011-04-27,506.43,508.12
2011-04-28,505.56,507.83
2011-04-29,506.31,507.96
2011-04-30,505.85,508.06
2011-05-01,505.76,508.39
2011-05-02,506.42,507.77
2011-05-03,505.5,508.33
2011-05-04,505.7,508.46
2011-05-05,505.68,508.31
2011-05-06,506.34,507.99
2011-05-07,506.22,507.52
2011-05-08,506.43,508.44
2011-05-09,505.93,507.77
2011-05-10,505.93,507.95
2011-05-11,506.43,508.25
2011-05-12,505.9,508.42
2011-05-13,506.07,508.27
2011-05-14,506.18,507.53
2011-05-15,505.94,508.41
2011-05-16,506.39,508.33
2011-05-17,505.88,508.46
2011-05-18,506.49,508.1
2011-05-19,506.0,507.66
2011-05-20,505.69,508.32
2011-05-21,506.11,507.74
2011-05-22,506.24,508.19
2011-05-23,506.45,508.04
2011-05-24,505.72,507.94
2011-05-25,506.39,508.45
2011-05-26,505.79,508.37
2011-05-27,505.6,507.84
2011-05-28,505.83,507.58
2011-05-29,505.74,507.54
2011-05-30,505.94,508.16
2011-05-31,506.17,508.35
2011-06-01,505.77,508.1
2011-06-02,506.27,507.82
2011-06-03,506.45,507.87
2011-06-04,506.1,507.74
2011-06-05,505.92,508.27
2011-06-06,505.62,507.64
2011-06-07,505.6,508.34
2011-06-08,506.26,507.94
2011-06-09,505.91,507.89
2011-06-10,506.49,507.63
2011-06-11,506.24,508.19
2011-06-12,506.04,508.38
2011-06-13,505.98,508.37
2011-06-14,506.08,508.13
2011-06-15,505.87,508.05
2011-06-16,505.78,508.31
2011-06-17,505.67,507.83
2011-06-18,506.43,507.54
2011-06-19,505.96,508.34
2011-06-20,506.14,507.82
2011-06-21,505.59,507.74
2011-06-22,505.75,507.51
2011-06-23,505.97,508.01
2011-06-24,505.77,508.32
2011-06-25,505.68,508.12
2011-06-26,506.1,507.98
2011-06-27,506.33,507.98
2011-06-28,506.31,507.92
2011-06-29,506.21,507.68
2011-06-30,506.03,507.92
2011-07-01,506.14,508.46
2011-07-02,505.73,507.95
2011-07-03,506.42,507.99
2011-07-04,506.02,507.66
2011-07-05,506.06,508.15
2011-07-06,506.3,507.97
2011-07-07,505.75,508.5
2011-07-08,505.5,507.5
2011-07-09,505.54,508.05
2011-07-10,505.56,508.13
2011-07-11,506.04,507.72
2011-07-12,506.13,507.95
2011-07-13,506.44,507.8
2011-07-14,505.89,508.45
2011-07-15,505.62,508.07
2011-07-16,505.83,508.29
2011-07-17,505.53,508.4
2011-07-18,506.19,508.44
2011-07-19,506.25,508.03
2011-07-20,505.94,507.52
2011-07-21,506.05,508.34
2011-07-22,505.51,507.59
2011-07-23,505.96,508.13
2011-07-24,505.9,507.51
2011-07-25,505.82,508.15
2011-07-26,506.34,507.9
2011-07-27,505.75,507.62
2011-07-28,506.16,507.82
2011-07-29,505.83,508.1
2011-07-30,506.11,508.05
2011-07-31,505.64,508.2
2011-08-01,506.31,508.48
2011-08-02,505.77,508.07
2011-08-03,506.42,507.76
2011-08-04,505.74,507.55
2011-08-05,506.22,508.12
2011-08-06,505.73,507.9
2011-08-07,505.73,507.55
2011-08-08,506.5,507.7
2011-08-09,505.91,508.29
2011-08-10,505.86,508.23
2011-08-11,506.39,507.62
2011-08-12,506.18,507.9
2011-08-13,506.29,508.38
2011-08-14,506.3,507.79
2011-08-15,505.6,507.57
2011-08-16,506.08,508.33
2011-08-17,506.09,508.38
2011-08-18,505.74,507.77
2011-08-19,506.03,508.08
2011-08-20,505.84,508.11
2011-08-21,505.88,507.88
2011-08-22,506.14,507.54
2011-08-23,505.81,508.07
2011-08-24,505.85,508.33
2011-08-25,505.74,508.34
2011-08-26,505.81,508.48
2011-08-27,506.16,508.05
2011-08-28,506.46,507.98
2011-08-29,505.51,508.27
2011-08-30,505.72,508.49
2011-08-31,506.37,507.53
2011-09-01,505.56,507.96
2011-09-02,506.44,508.36
2011-09-03,505.87,508.26
2011-09-04,505.83,507.94
2011-09-05,506.3,508.09
2011-09-06,505.69,508.39
2011-09-07,505.79,508.23
2011-09-08,506.32,507.58
2011-09-09,505.96,508.45
2011-09-10,505.81,507.57
2011-09-11,505.8,507.72
2011-09-12,506.25,508.44
2011-09-13,506.13,507.85
2011-09-14,506.49,508.4
2011-09-15,506.19,507.69
2011-09-16,506.46,507.85
2011-09-17,505.8,508.3
2011-09-18,505.51,507.51
2011-09-19,506.17,507.71
2011-09-20,505.82,508.48
2011-09-21,506.06,508.02
2011-09-22,506.19,507.84
2011-09-23,505.63,507.61
2011-09-24,505.98,507.88
2011-09-25,506.25,508.37
2011-09-26,506.35,508.49
2011-09-27,505.86,508.05
2011-09-28,505.84,508.17
2011-09-29,506.42,507.54
2011-09-30,506.13,507.84
2011-10-01,505.86,508.24
2011-10-02,506.29,507.94
2011-10-03,505.62,508.19
2011-10-04,506.46,508.25
2011-10-05,506.4,508.05
2011-10-06,505.7,507.94
2011-10-07,506.13,508.01
2011-10-08,505.65,508.22
2011-10-09,506.27,508.06
2011-10-10,506.34,507.96
2011-10-11,506.16,507.59
2011-10-12,505.71,507.99
2011-10-13,505.51,507.6
2011-10-14,506.41,507.93
2011-10-15,506.33,508.39
2011-10-16,505.92,507.66
2011-10-17,506.0,508.07
2011-10-18,506.35,507.58
2011-10-19,505.56,508.44
2011-10-20,506.41,507.55
2011-10-21,505.92,508.34
2011-10-22,505.97,508.37
2011-10-23,506.28,508.4
2011-10-24,505.67,508.34
2011-10-25,506.37,508.05
2011-10-26,506.16,508.19
2011-10-27,506.29,508.38
2011-10-28,506.48,508.3
2011-10-29,506.08,507.89
2011-10-30,506.21,508.26
2011-10-31,505.65,507.56
2011-11-01,506.25,508.05
2011-11-02,505.69,508.3
2011-11-03,505.97,508.29
2011-11-04,505.57,508.0
2011-11-05,505.52,507.65
2011-11-06,506.05,508.2
2011-11-07,506.04,507.6
2011-11-08,505.74,508.44
2011-11-09,505.99,507.77
2011-11-10,506.33,507.67
2011-11-11,506.4,507.6
2011-11-12,505.95,507.94
2011-11-13,505.87,508.22
2011-11-14,505.91,507.74
2011-11-15,506.38,507.5
2011-11-16,505.76,507.74
2011-11-17,506.47,508.44
2011-11-18,505.97,508.13
2011-11-19,506.23,508.49
2011-11-20,505.52,508.45
2011-11-21,506.36,508.42
2011-11-22,505.74,508.19
2011-11-23,505.62,507.59
2011-11-24,505.7,507.7
2011-11-25,506.31,508.09
2011-11-26,505.61,507.81
2011-11-27,506.04,507.55
2011-11-28,506.26,508.29
2011-11-29,506.43,508.08
2011-11-30,505.54,508.11
2011-12-01,506.43,507.68
2011-12-02,505.74,507.58
2011-12-03,506.16,508.45
2011-12-04,505.88,508.29
2011-12-05,505.69,508.09
2011-12-06,506.31,507.85
2011-12-07,506.08,507.52
2011-12-08,505.78,507.69
2011-12-09,506.19,507.87
2011-12-10,506.46,508.02
2011-12-11,506.16,508.42
2011-12-12,505.96,507.9
2011-12-13,506.13,507.76
2011-12-14,506.13,508.02
2011-12-15,505.69,508.37
2011-12-16,505.87,507.73
2011-12-17,506.38,508.15
2011-12-18,506.1,507.82
2011-12-19,505.97,507.64
2011-12-20,506.01,507.92
2011-12-21,506.0,508.05
2011-12-22,506.35,507.63
2011-12-23,506.02,508.28
2011-12-24,506.35,508.05
2011-12-25,505.83,507.52
2011-12-26,505.66,507.62
2011-12-27,505.57,508.12
2011-12-28,505.79,508.36
2011-12-29,505.82,507.83
2011-12-30,505.79,508.27
2011-12-31,506.0,508.19
2012-01-01,523.96,526.28
2012-01-02,524.17,525.51
2012-01-03,523.93,525.74
2012-01-04,523.6,525.51
2012-01-05,524.5,525.55
2012-01-06,523.81,525.89
2012-01-07,523.67,526.14
2012-01-08,524.25,525.54
2012-01-09,523.91,525.54
2012-01-10,524.5,525.9
2012-01-11,523.68,526.23
2012-01-12,524.21,526.14
2012-01-13,524.09,525.7
2012-01-14,523.73,526.41
2012-01-15,524.47,526.14
2012-01-16,524.23,526.35
2012-01-17,523.98,525.88
2012-01-18,524.1,525.81
2012-01-19,523.61,526.03
2012-01-20,524.37,525.58
2012-01-21,523.93,526.01
2012-01-22,524.18,526.47
2012-01-23,524.0,526.48
2012-01-24,523.87,526.38
2012-01-25,524.25,525.71
2012-01-26,524.34,526.46
2012-01-27,523.81,525.74
2012-01-28,523.87,525.83
2012-01-29,523.7,525.88
2012-01-30,523.57,526.45
2012-01-31,523.93,526.03
2012-02-01,523.57,525.56
2012-02-02,523.78,525.86
2012-02-03,523.83,525.76
2012-02-04,524.2,525.63
2012-02-05,523.7,526.07
2012-02-06,523.88,525.61
2012-02-07,524.26,525.61
2012-02-08,523.84,526.34
2012-02-09,523.92,526.03
2012-02-10,524.31,526.38
2012-02-11,524.45,526.17
2012-02-12,523.97,525.51
2012-02-13,523.52,525.74
2012-02-14,524.39,526.28
2012-02-15,524.18,525.93
2012-02-16,524.18,526.03
2012-02-17,523.53,526.46
2012-02-18,523.57,525.84
2012-02-19,523.58,526.09
2012-02-20,524.03,526.26
2012-02-21,524.23,526.41
2012-02-22,524.42,526.27
2012-02-23,523.51,526.14
2012-02-24,523.81,526.46
2012-02-25,524.39,526.03
2012-02-26,524.23,526.36
2012-02-27,523.83,525.76
2012-02-28,523.68,526.45
2012-02-29,524.49,525.66
2012-03-01,524.16,525.93
2012-03-02,523.74,526.16
2012-03-03,523.68,525.81
2012-03-04,523.99,526.11
2012-03-05,524.02,526.47
2012-03-06,524.33,526.4
2012-03-07,524.07,525.88
2012-03-08,524.49,525.66
2012-03-09,524.24,525.65
2012-03-10,524.2,526.01
2012-03-11,523.57,526.3
2012-03-12,524.43,525.65
2012-03-13,523.82,525.5
2012-03-14,524.43,526.18
2012-03-15,523.7,525.63
2012-03-16,524.49,525.54
2012-03-17,524.38,526.02
2012-03-18,523.97,525.9
2012-03-19,524.15,526.3
2012-03-20,524.49,525.71
2012-03-21,524.08,525.97
2012-03-22,524.44,526.0
2012-03-23,524.37,525.74
2012-03-24,524.16,525.62
2012-03-25,523.93,526.21
2012-03-26,524.08,526.19
2012-03-27,524.03,525.96
2012-03-28,524.34,525.84
2012-03-29,524.34,526.49
2012-03-30,523.83,525.95
2012-03-31,524.49,525.82
2012-04-01,524.22,526.31
2012-04-02,524.02,526.25
2012-04-03,523.57,526.2
2012-04-04,523.77,525.93
2012-04-05,524.02,526.41
2012-04-06,524.14,525.82
2012-04-07,524.3,525.73
2012-04-08,523.56,526.08
2012-04-09,524.09,526.18
2012-04-10,524.37,525.63
2012-04-11,524.3,526.09
2012-04-12,523.72,526.22
2012-04-13,524.36,525.76
2012-04-14,524.06,525.64
2012-04-15,524.33,526.04
2012-04-16,524.34,525.93
2012-04-17,523.98,525.97
2012-04-18,523.68,525.74
2012-04-19,524.29,525.84
2012-04-20,523.78,526.09
2012-04-21,523.55,526.38
2012-04-22,523.97,526.47
2012-04-23,524.42,525.7
2012-04-24,523.67,526.26
2012-04-25,524.37,526.15
2012-04-26,524.24,526.17
2012-04-27,523.97,526.1
2012-04-28,524.49,526.42
2012-04-29,524.34,525.78
2012-04-30,524.28,525.99
2012-05-01,523.76,526.25
2012-05-02,524.39,525.74
2012-05-03,524.16,525.88
2012-05-04,524.42,525.55
2012-05-05,524.31,525.88
2012-05-06,523.88,525.8
2012-05-07,523.82,525.67
2012-05-08,523.68,526.24
2012-05-09,523.64,525.91
2012-05-10,524.21,526.06
2012-05-11,523.64,526.43
2012-05-12,523.65,525.56
2012-05-13,523.71,526.29
2012-05-14,523.92,526.24
2012-05-15,523.72,526.03
2012-05-16,523.94,525.99
2012-05-17,523.54,525.93
2012-05-18,523.79,525.81
2012-05-19,523.62,526.13
2012-05-20,523.6,526.32
2012-05-21,524.28,526.44
2012-05-22,523.98,525.94
2012-05-23,523.84,526.45
2012-05-24,523.5,525.57
2012-05-25,523.52,526.12
2012-05-26,523.84,526.24
2012-05-27,524.03,525.59
2012-05-28,524.14,526.32
2012-05-29,524.09,525.74
2012-05-30,524.48,526.48
2012-05-31,523.61,526.21
2012-06-01,524.16,526.44
2012-06-02,524.08,525.86
2012-06-03,524.02,525.8
2012-06-04,524.22,525.68
2012-06-05,524.09,525.81
2012-06-06,524.26,526.02
2012-06-07,524.11,526.21
2012-06-08,523.74,526.22
2012-06-09,524.41,525.72
2012-06-10,523.55,525.8
2012-06-11,524.38,525.55
2012-06-12,523.55,525.52
2012-06-13,524.21,526.19
2012-06-14,523.55,526.2
2012-06-15,524.49,526.14
2012-06-16,524.39,526.2
2012-06-17,524.13,526.33
2012-06-18,524.21,525.58
2012-06-19,524.06,526.23
2012-06-20,524.48,526.01
2012-06-21,524.03,526.41
2012-06-22,523.53,525.59
2012-06-23,523.71,526.15
2012-06-24,524.38,526.27
2012-06-25,524.08,526.38
2012-06-26,524.42,525.89
2012-06-27,523.64,526.01
2012-06-28,523.98,525.88
2012-06-29,523.69,525.82
2012-06-30,523.73,525.85
2012-07-01,523.59,525.99
2012-07-02,523.85,526.47
2012-07-03,524.35,525.82
2012-07-04,523.67,526.49
2012-07-05,524.49,526.1
2012-07-06,523.99,526.34
2012-07-07,523.78,526.11
2012-07-08,524.16,526.1
2012-07-09,523.87,526.19
2012-07-10,524.44,526.29
2012-07-11,523.7,526.35
2012-07-12,523.88,526.25
2012-07-13,524.39,526.36
2012-07-14,523.66,526.11
2012-07-15,524.17,526.47
2012-07-16,524.37,526.08
2012-07-17,524.38,526.08
2012-07-18,523.84,525.53
2012-07-19,523.9,526.42
2012-07-20,523.59,525.67
2012-07-21,524.33,526.03
2012-07-22,523.84,525.91
2012-07-23,524.41,525.73
2012-07-24,523.72,526.42
2012-07-25,523.98,526.03
2012-07-26,524.02,525.64
2012-07-27,523.63,525.73
2012-07-28,524.36,526.27
2012-07-29,523.61,525.94
2012-07-30,524.32,526.18
2012-07-31,524.04,525.72
2012-08-01,523.64,525.58
2012-08-02,523.53,526.09
2012-08-03,524.02,526.01
2012-08-04,524.09,525.83
2012-08-05,523.52,525.84
2012-08-06,523.63,525.6
2012-08-07,523.6,526.39
2012-08-08,523.98,525.6
2012-08-09,524.23,525.86
2012-08-10,523.73,525.65
2012-08-11,524.01,526.04
2012-08-12,524.36,526.27
2012-08-13,523.73,525.85
2012-08-14,524.16,525.62
2012-08-15,524.08,525.86
2012-08-16,523.95,525.88
2012-08-17,524.22,525.71
2012-08-18,523.62,526.39
2012-08-19,523.73,526.24
2012-08-20,524.01,526.4
2012-08-21,523.72,526.42
2012-08-22,524.22,525.69
2012-08-23,523.8,525.54
2012-08-24,523.96,525.68
2012-08-25,523.92,525.75
2012-08-26,523.99,525.74
2012-08-27,523.86,525.69
2012-08-28,524.18,525.99
2012-08-29,523.55,526.09
2012-08-30,523.84,526.24
2012-08-31,523.97,525.74
2012-09-01,524.12,526.11
2012-09-02,523.76,526.06
2012-09-03,524.19,525.55
2012-09-04,523.93,525.77
2012-09-05,523.75,525.96
2012-09-06,523.69,526.27
2012-09-07,523.56,526.33
2012-09-08,524.03,525.88
2012-09-09,524.31,525.99
2012-09-10,524.17,526.15
2012-09-11,523.95,525.85
2012-09-12,523.65,526.01
2012-09-13,524.47,525.53
2012-09-14,523.95,526.01
2012-09-15,524.4,526.32
2012-09-16,523.75,526.22
2012-09-17,524.11,525.61
2012-09-18,523.82,525.74
2012-09-19,523.51,525.93
2012-09-20,523.72,525.9
2012-09-21,524.17,525.81
2012-09-22,524.34,525.82
2012-09-23,524.13,526.0
2012-09-24,524.47,526.06
2012-09-25,523.62,525.98
2012-09-26,523.91,526.04
2012-09-27,524.18,526.24
2012-09-28,523.74,525.71
2012-09-29,524.44,525.62
2012-09-30,524.04,525.51
2012-10-01,523.99,526.16
2012-10-02,523.7,526.17
2012-10-03,524.22,526.36
2012-10-04,524.14,525.85
2012-10-05,523.64,526.35
2012-10-06,523.67,525.85
2012-10-07,524.27,525.86
2012-10-08,524.25,526.25
2012-10-09,524.5,525.79
2012-10-10,523.78,526.19
2012-10-11,523.66,526.06
2012-10-12,523.94,525.54
2012-10-13,523.62,525.56
2012-10-14,524.34,526.09
2012-10-15,523.78,525.79
2012-10-16,523.83,525.77
2012-10-17,523.91,525.93
2012-10-18,523.65,525.65
2012-10-19,524.14,526.1
2012-10-20,523.64,526.47
2012-10-21,524.13,525.97
2012-10-22,524.14,525.84
2012-10-23,523.92,525.78
2012-10-24,523.8,526.2
2012-10-25,524.48,526.23
2012-10-26,524.32,526.22
2012-10-27,523.96,525.81
2012-10-28,523.63,526.3
2012-10-29,524.42,525.73
2012-10-30,524.17,525.79
2012-10-31,523.72,525.7
2012-11-01,523.82,525.52
2012-11-02,523.89,526.19
2012-11-03,524.46,525.92
2012-11-04,523.58,526.46
2012-11-05,523.79,526.21
2012-11-06,523.7,525.55
2012-11-07,523.76,526.28
2012-11-08,524.43,526.33
2012-11-09,523.51,525.72
2012-11-10,523.9,526.08
2012-11-11,523.55,525.9
2012-11-12,524.06,526.14
2012-11-13,523.79,526.1
2012-11-14,524.04,526.45
2012-11-15,524.01,525.63
2012-11-16,524.32,525.81
2012-11-17,524.25,525.84
2012-11-18,523.7,526.42
2012-11-19,523.58,526.04
2012-11-20,524.36,525.84
2012-11-21,523.75,526.1
2012-11-22,523.77,525.96
2012-11-23,523.87,526.33
2012-11-24,524.18,526.5
2012-11-25,523.59,525.77
2012-11-26,523.62,525.83
2012-11-27,523.9,525.58
2012-11-28,523.7,526.0
2012-11-29,524.25,526.29
2012-11-30,524.45,526.3
2012-12-01,523.62,525.55
2012-12-02,524.02,526.48
2012-12-03,524.28,525.53
2012-12-04,523.91,526.48
2012-12-05,524.0,525.81
2012-12-06,524.07,525.65
2012-12-07,524.07,525.65
2012-12-08,523.96,526.24
2012-12-09,523.61,525.68
2012-12-10,524.26,526.43
2012-12-11,524.14,526.2
2012-12-12,524.07,525.72
2012-12-13,523.97,525.71
2012-12-14,523.58,526.05
2012-12-15,523.54,525.91
2012-12-16,524.11,526.24
2012-12-17,523.64,525.52
2012-12-18,523.64,526.33
2012-12-19,523.67,526.27
2012-12-20,523.87,526.03
2012-12-21,524.39,525.89
2012-12-22,523.74,526.06
2012-12-23,523.76,526.49
2012-12-24,524.43,526.48
2012-12-25,523.94,525.53
2012-12-26,523.53,526.28
2012-12-27,524.21,526.01
2012-12-28,524.07,526.06
2012-12-29,524.39,526.35
2012-12-30,524.22,526.12
2012-12-31,524.06,526.19
2013-01-01,541.74,544.28
2013-01-02,542.28,544.43
2013-01-03,541.58,544.47
2013-01-04,542.35,543.87
2013-01-05,542.22,544.28
2013-01-06,541.69,543.98
2013-01-07,541.69,543.53
2013-01-08,541.64,544.05
2013-01-09,541.89,543.87
2013-01-10,541.84,544.35
2013-01-11,542.47,543.95
2013-01-12,542.21,543.79
2013-01-13,541.98,544.02
2013-01-14,542.15,543.61
2013-01-15,541.78,543.92
2013-01-16,542.23,543.63
2013-01-17,541.52,543.83
2013-01-18,542.22,544.37
2013-01-19,542.15,544.5
2013-01-20,542.23,544.18
2013-01-21,541.94,543.5
2013-01-22,541.69,544.45
2013-01-23,541.56,543.8
2013-01-24,541.8,544.3
2013-01-25,542.16,543.86
2013-01-26,542.11,544.45
2013-01-27,542.33,543.65
2013-01-28,542.11,544.12
2013-01-29,542.13,544.19
2013-01-30,541.82,544.08
2013-01-31,541.8,544.16
2013-02-01,542.15,543.77
2013-02-02,542.34,543.82
2013-02-03,541.62,544.43
2013-02-04,542.36,544.19
2013-02-05,542.43,544.15
2013-02-06,542.22,544.21
2013-02-07,541.98,543.62
2013-02-08,541.66,544.16
2013-02-09,541.95,544.14
2013-02-10,541.9,543.52
2013-02-11,541.75,544.01
2013-02-12,541.76,544.49
2013-02-13,542.45,543.88
2013-02-14,541.87,544.07
2013-02-15,542.19,544.12
2013-02-16,542.03,543.95
2013-02-17,541.8,543.7
2013-02-18,541.95,543.64
2013-02-19,542.02,544.35
2013-02-20,542.44,543.56
2013-02-21,541.69,544.41
2013-02-22,541.62,544.05
2013-02-23,541.56,544.02
2013-02-24,541.57,544.42
2013-02-25,542.33,544.19
2013-02-26,542.37,544.0
2013-02-27,542.44,544.22
2013-02-28,542.17,544.12
2013-03-01,542.29,544.14
2013-03-02,541.97,543.62
2013-03-03,541.99,543.64
2013-03-04,541.55,544.02
2013-03-05,542.28,544.01
2013-03-06,542.38,544.45
2013-03-07,542.12,544.46
2013-03-08,541.75,543.94
2013-03-09,542.2,543.61
2013-03-10,541.67,544.39
2013-03-11,541.63,544.23
2013-03-12,541.62,543.98
2013-03-13,542.31,543.52
2013-03-14,542.29,543.76
2013-03-15,541.99,543.79
2013-03-16,541.83,543.57
2013-03-17,541.99,543.72
2013-03-18,542.32,543.99
2013-03-19,541.82,543.6
2013-03-20,542.01,544.03
2013-03-21,541.51,544.16
2013-03-22,541.86,543.58
2013-03-23,542.0,543.72
2013-03-24,542.41,544.04
2013-03-25,542.44,544.25
2013-03-26,541.51,543.86
2013-03-27,542.09,543.55
2013-03-28,541.88,544.24
2013-03-29,541.62,543.76
2013-03-30,542.44,543.74
2013-03-31,541.87,543.57
2013-04-01,542.3,543.57
2013-04-02,542.49,543.7
2013-04-03,541.63,544.13
2013-04-04,542.36,544.46
2013-04-05,542.08,544.41
2013-04-06,542.11,544.48
2013-04-07,541.71,544.21
2013-04-08,542.45,544.13
2013-04-09,542.48,544.3
2013-04-10,542.23,543.81
2013-04-11,541.62,543.83
2013-04-12,542.21,543.96
2013-04-13,541.75,544.06
2013-04-14,541.53,544.46
2013-04-15,542.26,543.62
2013-04-16,541.82,543.78
2013-04-17,542.46,543.69
2013-04-18,542.18,544.08
2013-04-19,541.94,544.17
2013-04-20,542.21,544.32
2013-04-21,542.24,544.02
2013-04-22,541.7,543.98
2013-04-23,541.91,544.01
2013-04-24,542.22,543.86
2013-04-25,542.07,544.46
2013-04-26,542.47,544.33
2013-04-27,542.11,544.11
2013-04-28,542.48,544.34
2013-04-29,541.99,544.23
2013-04-30,541.65,543.81
2013-05-01,541.59,544.25
2013-05-02,542.37,543.69
2013-05-03,541.87,543.99
2013-05-04,541.76,544.48
2013-05-05,541.97,543.85
2013-05-06,541.96,543.64
2013-05-07,541.69,543.72
2013-05-08,542.08,544.08
2013-05-09,542.48,544.47
2013-05-10,541.74,544.26
2013-05-11,542.45,543.81
2013-05-12,542.38,544.37
2013-05-13,542.16,543.58
2013-05-14,542.33,544.03
2013-05-15,541.81,544.48
2013-05-16,541.96,543.77
2013-05-17,542.19,544.04
2013-05-18,542.18,543.75
2013-05-19,541.61,543.69
2013-05-20,542.36,543.75
2013-05-21,542.22,544.21
2013-05-22,541.85,544.39
2013-05-23,541.73,544.49
2013-05-24,542.11,543.84
2013-05-25,541.78,544.37
2013-05-26,542.49,544.41
2013-05-27,541.63,544.22
2013-05-28,541.97,543.68
2013-05-29,541.8,544.3
2013-05-30,542.27,544.12
2013-05-31,541.9,544.18
2013-06-01,542.39,544.48
2013-06-02,542.41,543.94
2013-06-03,541.68,543.74
2013-06-04,541.75,543.81
2013-06-05,542.44,543.51
2013-06-06,542.08,544.05
2013-06-07,541.65,544.15
2013-06-08,541.65,544.31
2013-06-09,542.41,544.27
2013-06-10,541.96,543.8
2013-06-11,541.82,544.07
2013-06-12,542.14,543.69
2013-06-13,542.45,543.8
2013-06-14,542.08,543.85
2013-06-15,541.84,544.46
2013-06-16,541.67,544.03
2013-06-17,542.32,544.24
2013-06-18,541.69,543.94
2013-06-19,542.46,543.56
2013-06-20,542.39,544.45
2013-06-21,542.22,544.34
2013-06-22,542.07,543.7
2013-06-23,542.13,543.63
2013-06-24,541.83,543.84
2013-06-25,542.24,544.33
2013-06-26,541.84,544.02
2013-06-27,542.1,543.66
2013-06-28,542.09,544.01
2013-06-29,541.98,543.6
2013-06-30,541.6,544.42
2013-07-01,541.97,544.48
2013-07-02,542.49,544.08
2013-07-03,542.29,544.38
2013-07-04,542.47,543.91
2013-07-05,542.05,543.6
2013-07-06,542.07,544.3
2013-07-07,542.28,544.5
2013-07-08,542.42,543.8
2013-07-09,542.3,544.45
2013-07-10,542.04,544.3
2013-07-11,541.81,544.14
2013-07-12,542.03,543.86
2013-07-13,542.04,543.68
2013-07-14,542.39,543.8
2013-07-15,542.17,544.38
2013-07-16,541.85,544.25
2013-07-17,542.07,544.0
2013-07-18,542.47,544.1
2013-07-19,541.72,543.85
2013-07-20,542.44,543.99
2013-07-21,542.03,543.67
2013-07-22,542.32,544.5
2013-07-23,542.1,543.52
2013-07-24,542.37,544.31
2013-07-25,542.48,543.89
2013-07-26,542.2,543.86
2013-07-27,542.3,544.26
2013-07-28,542.41,544.19
2013-07-29,541.56,543.66
2013-07-30,542.36,543.68
2013-07-31,541.57,543.7
2013-08-01,542.26,543.94
2013-08-02,541.67,543.75
2013-08-03,542.0,544.3
2013-08-04,542.29,544.16
2013-08-05,542.26,544.08
2013-08-06,542.38,543.9
2013-08-07,542.19,543.88
2013-08-08,541.6,543.91
2013-08-09,542.02,543.9
2013-08-10,542.31,543.52
2013-08-11,541.98,543.61
2013-08-12,542.27,543.94
2013-08-13,541.68,543.79
2013-08-14,542.02,543.52
2013-08-15,542.41,543.57
2013-08-16,541.73,544.1
2013-08-17,542.26,544.07
2013-08-18,542.19,544.08
2013-08-19,541.99,543.86
2013-08-20,542.42,543.96
2013-08-21,541.61,544.33
2013-08-22,541.58,544.29
2013-08-23,542.33,543.87
2013-08-24,542.35,543.78
2013-08-25,542.28,544.26
2013-08-26,541.73,544.06
2013-08-27,542.03,543.62
2013-08-28,542.11,544.48
2013-08-29,541.68,543.98
2013-08-30,542.27,543.71
2013-08-31,541.55,543.71
2013-09-01,542.36,543.96
2013-09-02,541.73,543.89
2013-09-03,541.76,543.66
2013-09-04,541.58,543.62
2013-09-05,541.83,544.06
2013-09-06,542.48,543.64
2013-09-07,541.96,544.05
2013-09-08,542.23,543.78
2013-09-09,542.35,544.05
2013-09-10,542.21,543.62
2013-09-11,542.32,543.5
2013-09-12,542.08,544.11
2013-09-13,542.21,543.94
2013-09-14,542.24,543.81
2013-09-15,541.72,544.06
2013-09-16,541.91,543.64
2013-09-17,541.88,544.21
2013-09-18,542.45,543.69
2013-09-19,542.24,544.22
2013-09-20,541.55,543.92
2013-09-21,541.58,543.53
2013-09-22,541.91,543.89
2013-09-23,542.41,543.96
2013-09-24,541.72,543.61
2013-09-25,542.17,543.55
2013-09-26,541.83,544.39
2013-09-27,542.2,544.2
2013-09-28,541.87,544.05
2013-09-29,542.03,544.03
2013-09-30,541.57,543.6
2013-10-01,541.94,543.87
2013-10-02,542.25,543.93
2013-10-03,541.73,544.09
2013-10-04,542.1,544.32
2013-10-05,541.94,544.22
2013-10-06,542.11,544.32
2013-10-07,541.96,544.17
2013-10-08,541.64,544.0
2013-10-09,542.3,544.15
2013-10-10,541.78,544.07
2013-10-11,541.67,543.57
2013-10-12,542.09,543.58
2013-10-13,542.07,544.29
2013-10-14,542.11,543.87
2013-10-15,541.57,544.01
2013-10-16,541.73,544.11
2013-10-17,542.28,544.3
2013-10-18,541.76,544.06
2013-10-19,541.86,544.02
2013-10-20,541.81,543.56
2013-10-21,542.46,544.36
2013-10-22,542.34,543.62
2013-10-23,542.21,543.54
2013-10-24,541.67,544.0
2013-10-25,542.28,544.32
2013-10-26,541.94,543.59
2013-10-27,541.61,544.31
2013-10-28,541.62,543.75
2013-10-29,542.43,543.92
2013-10-30,542.35,543.82
2013-10-31,541.82,544.38
2013-11-01,542.48,543.63
2013-11-02,541.56,544.37
2013-11-03,541.56,544.36
2013-11-04,541.74,543.78
2013-11-05,541.82,544.36
2013-11-06,541.77,543.52
2013-11-07,541.55,544.43
2013-11-08,541.86,544.03
2013-11-09,541.79,543.64
2013-11-10,542.45,543.84
2013-11-11,541.55,543.67
2013-11-12,541.97,543.7
2013-11-13,541.98,543.94
2013-11-14,541.83,544.16
2013-11-15,542.39,544.13
2013-11-16,542.48,543.91
2013-11-17,542.08,544.2
2013-11-18,541.79,543.99
2013-11-19,542.24,543.57
2013-11-20,541.67,543.72
2013-11-21,542.16,543.9
2013-11-22,541.6,543.82
2013-11-23,541.56,543.94
2013-11-24,541.81,544.27
2013-11-25,542.2,544.33
2013-11-26,542.47,543.87
2013-11-27,542.43,543.82
2013-11-28,542.01,544.04
2013-11-29,542.13,544.03
2013-11-30,542.26,543.92
2013-12-01,542.46,543.85
2013-12-02,542.39,543.83
2013-12-03,542.09,543.62
2013-12-04,541.63,543.56
2013-12-05,542.01,544.45
2013-12-06,542.03,544.19
2013-12-07,541.82,543.61
2013-12-08,541.89,544.06
2013-12-09,542.26,543.56
2013-12-10,541.76,544.23
2013-12-11,542.33,543.61
2013-12-12,541.86,543.6
2013-12-13,542.43,543.92
2013-12-14,541.98,543.84
2013-12-15,542.37,544.1
2013-12-16,541.79,544.49
2013-12-17,541.6,543.68
2013-12-18,541.79,544.09
2013-12-19,542.17,544.16
2013-12-20,541.67,544.16
2013-12-21,542.27,543.86
2013-12-22,541.61,544.36
2013-12-23,542.29,544.02
2013-12-24,542.42,543.51
2013-12-25,542.0,544.24
2013-12-26,541.96,544.02
2013-12-27,542.06,543.83
2013-12-28,542.46,543.98
2013-12-29,541.72,543.98
2013-12-30,542.26,544.26
2013-12-31,541.76,544.29
2014-01-01,560.08,562.19
2014-01-02,559.51,562.07
2014-01-03,559.51,562.16
2014-01-04,560.43,561.57
2014-01-05,560.08,562.27
2014-01-06,560.47,562.28
2014-01-07,560.41,562.03
2014-01-08,560.04,561.77
2014-01-09,559.84,561.79
2014-01-10,560.34,561.68
2014-01-11,559.65,561.69
2014-01-12,559.88,561.53
2014-01-13,560.21,562.13
2014-01-14,560.48,561.91
2014-01-15,560.47,562.39
2014-01-16,560.02,561.97
2014-01-17,560.16,562.26
2014-01-18,559.89,561.8
2014-01-19,559.69,561.61
2014-01-20,560.03,561.74
2014-01-21,559.89,561.79
2014-01-22,560.27,561.62
2014-01-23,560.31,561.85
2014-01-24,560.01,561.94
2014-01-25,560.31,561.74
2014-01-26,560.4,561.86
2014-01-27,559.95,561.99
2014-01-28,559.64,561.65
2014-01-29,559.7,561.68
2014-01-30,560.21,562.26
2014-01-31,560.15,562.03
2014-02-01,559.54,562.31
2014-02-02,560.07,561.66
2014-02-03,559.68,562.33
2014-02-04,560.16,562.36
2014-02-05,559.52,562.21
2014-02-06,559.6,562.13
2014-02-07,560.22,562.11
2014-02-08,559.92,561.69
2014-02-09,560.42,562.38
2014-02-10,559.54,562.49
2014-02-11,560.07,561.79
2014-02-12,560.1,562.46
2014-02-13,560.19,561.66
2014-02-14,560.17,562.01
2014-02-15,559.83,562.31
2014-02-16,560.23,561.69
2014-02-17,559.89,562.13
2014-02-18,559.64,562.3
2014-02-19,560.22,562.28
2014-02-20,559.64,561.86
2014-02-21,559.88,562.37
2014-02-22,560.45,562.23
2014-02-23,560.09,561.96
2014-02-24,560.2,561.99
2014-02-25,560.31,561.63
2014-02-26,560.21,561.9
2014-02-27,559.57,562.37
2014-02-28,560.19,561.6
2014-03-01,559.68,562.1
2014-03-02,559.97,561.51
2014-03-03,559.94,561.52
2014-03-04,560.38,561.91
2014-03-05,559.68,561.94
2014-03-06,560.34,561.7
2014-03-07,560.46,562.02
2014-03-08,560.22,562.41
2014-03-09,560.0,561.87
2014-03-10,559.87,561.82
2014-03-11,559.59,561.76
2014-03-12,559.55,561.83
2014-03-13,559.98,562.33
2014-03-14,559.51,561.85
2014-03-15,560.48,561.99
2014-03-16,559.65,561.77
2014-03-17,560.19,562.05
2014-03-18,559.75,561.84
2014-03-19,560.12,561.94
2014-03-20,559.62,562.07
2014-03-21,559.86,561.98
2014-03-22,560.0,562.31
2014-03-23,560.33,561.98
2014-03-24,559.69,562.16
2014-03-25,559.75,561.78
2014-03-26,560.01,562.14
2014-03-27,559.76,562.3
2014-03-28,559.57,561.89
2014-03-29,559.99,561.86
2014-03-30,559.79,561.82
2014-03-31,560.22,561.87
2014-04-01,560.0,562.07
2014-04-02,560.0,562.21
2014-04-03,560.03,562.13
2014-04-04,560.24,562.25
2014-04-05,560.06,562.45
2014-04-06,559.65,562.06
2014-04-07,559.78,561.99
2014-04-08,560.43,562.07
2014-04-09,560.42,562.49
2014-04-10,559.53,561.72
2014-04-11,560.36,562.4
2014-04-12,560.32,562.04
2014-04-13,559.71,561.6
2014-04-14,559.82,562.23
2014-04-15,559.96,561.65
2014-04-16,559.54,561.56
2014-04-17,559.99,562.43
2014-04-18,559.81,561.79
2014-04-19,559.7,562.22
2014-04-20,560.3,561.58
2014-04-21,560.24,562.19
2014-04-22,559.71,562.39
2014-04-23,560.12,562.34
2014-04-24,559.92,562.35
2014-04-25,559.86,562.22
2014-04-26,559.85,562.0
2014-04-27,560.35,561.61
2014-04-28,559.63,561.69
2014-04-29,559.9,562.26
2014-04-30,559.71,561.51
2014-05-01,560.2,562.5
2014-05-02,559.95,561.66
2014-05-03,560.03,561.87
2014-05-04,559.65,562.46
2014-05-05,559.52,562.24
2014-05-06,560.34,562.35
2014-05-07,560.41,561.94
2014-05-08,559.62,561.96
2014-05-09,559.55,561.63
2014-05-10,560.43,562.1
2014-05-11,559.75,561.78
2014-05-12,560.29,562.17
2014-05-13,559.64,562.1
2014-05-14,560.12,561.74
2014-05-15,559.83,562.04
2014-05-16,560.24,562.11
2014-05-17,559.95,562.11
2014-05-18,559.73,561.85
2014-05-19,560.03,562.3
2014-05-20,559.8,562.11
2014-05-21,560.09,562.41
2014-05-22,559.62,561.87
2014-05-23,560.11,561.79
2014-05-24,559.51,562.13
2014-05-25,559.86,561.77
2014-05-26,559.62,562.42
2014-05-27,560.37,562.25
2014-05-28,559.76,562.48
2014-05-29,559.7,562.43
2014-05-30,559.84,562.04
2014-05-31,559.87,562.07
2014-06-01,559.89,562.11
2014-06-02,559.75,562.11
2014-06-03,560.28,561.77
2014-06-04,559.82,562.27
2014-06-05,560.38,562.37
2014-06-06,560.49,561.71
2014-06-07,559.72,562.3
2014-06-08,559.84,562.46
2014-06-09,559.76,562.09
2014-06-10,560.37,562.16
2014-06-11,559.99,562.26
2014-06-12,560.17,562.03
2014-06-13,559.56,562.39
2014-06-14,559.69,561.73
2014-06-15,559.64,561.52
2014-06-16,560.37,561.58
2014-06-17,560.02,561.67
2014-06-18,560.25,562.41
2014-06-19,559.76,561.62
2014-06-20,559.96,562.4
2014-06-21,559.76,561.8
2014-06-22,559.72,562.02
2014-06-23,560.05,562.48
2014-06-24,560.29,562.03
2014-06-25,559.53,561.55
2014-06-26,560.02,561.59
2014-06-27,559.76,562.17
2014-06-28,559.56,561.58
2014-06-29,560.41,561.58
2014-06-30,559.72,561.8
2014-07-01,560.14,562.28
2014-07-02,560.37,561.7
2014-07-03,560.17,561.78
2014-07-04,559.53,561.56
2014-07-05,559.93,561.55
2014-07-06,560.01,562.28
2014-07-07,559.71,562.36
2014-07-08,560.46,561.79
2014-07-09,560.03,561.99
2014-07-10,559.51,561.97
2014-07-11,560.03,561.72
2014-07-12,560.29,561.57
2014-07-13,560.35,561.77
2014-07-14,559.95,562.21
2014-07-15,559.7,561.64
2014-07-16,560.0,561.63
2014-07-17,560.46,562.33
2014-07-18,559.84,562.03
2014-07-19,559.85,561.97
2014-07-20,559.73,562.39
2014-07-21,559.9,562.42
2014-07-22,559.57,561.95
2014-07-23,559.85,561.81
2014-07-24,559.95,562.11
2014-07-25,560.01,562.0
2014-07-26,560.29,562.38
2014-07-27,560.48,562.03
2014-07-28,559.96,562.26
2014-07-29,559.76,562.01
2014-07-30,560.13,561.86
2014-07-31,560.15,562.09
2014-08-01,559.57,562.37
2014-08-02,560.04,562.28
2014-08-03,559.56,562.03
2014-08-04,560.17,561.57
2014-08-05,560.41,562.36
2014-08-06,559.6,561.9
2014-08-07,559.74,561.95
2014-08-08,560.09,561.63
2014-08-09,560.46,562.29
2014-08-10,560.18,562.24
2014-08-11,559.53,562.18
2014-08-12,560.48,562.14
2014-08-13,560.1,562.11
2014-08-14,560.08,562.35
2014-08-15,559.99,562.24
2014-08-16,560.37,562.2
2014-08-17,559.87,561.66
2014-08-18,560.42,561.57
2014-08-19,559.62,561.59
2014-08-20,559.88,561.94
2014-08-21,559.83,562.35
2014-08-22,560.0,561.86
2014-08-23,560.11,561.94
2014-08-24,559.69,562.26
2014-08-25,560.08,562.03
2014-08-26,560.37,561.61
2014-08-27,559.8,562.5
2014-08-28,560.24,561.73
2014-08-29,560.28,561.93
2014-08-30,559.53,561.79
2014-08-31,559.84,561.5
2014-09-01,560.29,562.03
2014-09-02,559.66,561.86
2014-09-03,559.88,561.72
2014-09-04,559.53,561.57
2014-09-05,560.37,562.45
2014-09-06,559.64,561.81
2014-09-07,560.02,562.39
2014-09-08,559.55,561.96
2014-09-09,559.91,561.7
2014-09-10,559.88,561.87
2014-09-11,560.5,561.71
2014-09-12,560.12,562.21
2014-09-13,560.49,561.67
2014-09-14,560.06,562.37
2014-09-15,560.07,561.87
2014-09-16,559.69,561.68
2014-09-17,559.57,562.07
2014-09-18,559.75,562.23
2014-09-19,559.79,561.6
2014-09-20,559.73,561.82
2014-09-21,559.58,561.57
2014-09-22,560.27,562.42
2014-09-23,560.45,561.71
2014-09-24,559.8,561.74
2014-09-25,559.51,562.2
2014-09-26,560.5,562.1
2014-09-27,559.76,561.78
2014-09-28,559.86,562.43
2014-09-29,560.06,562.36
2014-09-30,560.49,562.46
2014-10-01,560.33,562.42
2014-10-02,560.44,562.48
2014-10-03,560.48,562.39
2014-10-04,559.83,562.09
2014-10-05,559.7,561.81
2014-10-06,560.45,561.83
2014-10-07,560.41,561.8
2014-10-08,560.01,562.44
2014-10-09,559.54,561.8
2014-10-10,560.45,561.93
2014-10-11,560.37,561.88
2014-10-12,559.77,561.81
2014-10-13,559.94,561.99
2014-10-14,560.06,562.45
2014-10-15,559.55,561.64
2014-10-16,560.21,561.7
2014-10-17,560.42,561.94
2014-10-18,560.39,561.92
2014-10-19,560.26,561.99
2014-10-20,559.53,561.83
2014-10-21,560.26,562.05
2014-10-22,559.66,561.82
2014-10-23,559.69,561.99
2014-10-24,560.15,562.26
2014-10-25,559.9,561.58
2014-10-26,560.28,562.35
2014-10-27,559.73,562.09
2014-10-28,560.05,562.3
2014-10-29,560.08,561.94
2014-10-30,560.47,561.7
2014-10-31,560.09,562.29
2014-11-01,559.68,562.21
2014-11-02,560.3,561.98
2014-11-03,560.29,562.22
2014-11-04,559.67,562.02
2014-11-05,559.64,562.16
2014-11-06,560.36,562.02
2014-11-07,559.78,561.66
2014-11-08,559.52,561.56
2014-11-09,559.83,562.28
2014-11-10,559.95,562.43
2014-11-11,560.35,562.24
2014-11-12,560.28,561.97
2014-11-13,559.7,562.14
2014-11-14,560.47,561.74
2014-11-15,559.72,562.49
2014-11-16,559.66,562.04
2014-11-17,559.92,561.63
2014-11-18,560.18,562.48
2014-11-19,560.43,562.2
2014-11-20,559.85,561.78
2014-11-21,559.7,561.87
2014-11-22,560.46,561.96
2014-11-23,559.52,562.48
2014-11-24,560.44,561.81
2014-11-25,560.0,561.61
2014-11-26,559.81,562.27
2014-11-27,559.82,562.27
2014-11-28,560.15,562.39
2014-11-29,559.81,561.79
2014-11-30,560.35,562.14
2014-12-01,559.83,562.25
2014-12-02,560.44,562.18
2014-12-03,559.5,561.62
2014-12-04,560.34,561.62
2014-12-05,559.6,561.97
2014-12-06,560.01,561.84
2014-12-07,560.33,561.87
2014-12-08,559.55,562.42
2014-12-09,560.19,561.6
2014-12-10,559.76,562.37
2014-12-11,560.17,561.53
2014-12-12,560.33,562.33
2014-12-13,559.99,562.31
2014-12-14,560.12,561.98
2014-12-15,560.49,561.84
2014-12-16,560.1,561.77
2014-12-17,559.7,561.91
2014-12-18,560.48,562.34
2014-12-19,559.84,561.93
2014-12-20,560.47,562.06
2014-12-21,559.53,562.4
2014-12-22,560.08,561.5
2014-12-23,559.59,561.92
2014-12-24,560.12,561.81
2014-12-25,560.19,562.09
2014-12-26,560.0,562.48
2014-12-27,559.58,561.91
2014-12-28,560.23,561.54
2014-12-29,560.03,561.61
2014-12-30,559.72,562.09
2014-12-31,559.77,561.97
2015-01-01,577.71,579.93
2015-01-02,578.28,580.13
2015-01-03,577.88,580.23
2015-01-04,577.99,579.56
2015-01-05,577.62,580.23
2015-01-06,577.67,580.12
2015-01-07,577.53,579.76
2015-01-08,578.17,580.0
2015-01-09,578.17,579.51
2015-01-10,578.16,579.86
2015-01-11,578.02,580.26
2015-01-12,578.49,580.48
2015-01-13,577.89,579.99
2015-01-14,577.62,580.05
2015-01-15,577.71,580.28
2015-01-16,577.52,579.68
2015-01-17,577.95,580.04
2015-01-18,577.7,579.53
2015-01-19,578.21,580.47
2015-01-20,577.53,580.0
2015-01-21,578.2,580.14
2015-01-22,578.39,580.35
2015-01-23,578.4,579.88
2015-01-24,578.28,579.91
2015-01-25,577.79,580.18
2015-01-26,577.54,580.07
2015-01-27,577.85,579.78
2015-01-28,578.35,579.81
2015-01-29,578.06,579.6
2015-01-30,578.04,580.11
2015-01-31,578.29,580.29
2015-02-01,577.75,580.12
2015-02-02,578.27,580.2
2015-02-03,577.73,580.06
2015-02-04,577.58,580.17
2015-02-05,578.24,579.5
2015-02-06,577.57,579.78
2015-02-07,578.18,580.19
2015-02-08,577.56,580.33
2015-02-09,577.8,579.65
2015-02-10,578.47,580.0
2015-02-11,578.02,580.46
2015-02-12,577.52,579.66
2015-02-13,577.87,579.87
2015-02-14,578.42,580.04
2015-02-15,578.05,579.8
2015-02-16,577.61,579.72
2015-02-17,577.55,579.89
2015-02-18,578.09,580.11
2015-02-19,577.51,579.76
2015-02-20,577.54,580.37
2015-02-21,577.62,579.97
2015-02-22,578.45,580.0
2015-02-23,577.76,580.28
2015-02-24,578.33,579.78
2015-02-25,577.67,579.94
2015-02-26,577.57,580.02
2015-02-27,578.18,579.94
2015-02-28,578.08,580.48
2015-03-01,578.43,579.99
2015-03-02,577.83,580.23
2015-03-03,578.45,580.21
2015-03-04,578.47,580.09
2015-03-05,577.61,579.88
2015-03-06,577.55,579.77
2015-03-07,578.2,579.62
2015-03-08,577.81,579.54
2015-03-09,578.41,580.44
2015-03-10,578.03,580.2
2015-03-11,577.77,579.72
2015-03-12,578.19,579.67
2015-03-13,578.17,580.18
2015-03-14,578.18,579.66
2015-03-15,578.42,580.17
2015-03-16,577.66,580.38
2015-03-17,577.58,580.02
2015-03-18,578.0,580.49
2015-03-19,577.91,580.13
2015-03-20,577.86,580.17
2015-03-21,577.73,579.75
2015-03-22,578.01,579.59
2015-03-23,578.38,580.07
2015-03-24,578.29,580.09
2015-03-25,577.94,579.55
2015-03-26,578.11,580.25
2015-03-27,577.57,580.24
2015-03-28,578.04,579.77
2015-03-29,577.91,580.15
2015-03-30,578.16,579.77
2015-03-31,578.18,580.44
2015-04-01,578.27,580.46
2015-04-02,577.96,579.84
2015-04-03,577.59,580.48
2015-04-04,578.41,580.01
2015-04-05,577.71,580.11
2015-04-06,577.69,579.94
2015-04-07,578.28,579.92
2015-04-08,577.9,580.46
2015-04-09,578.01,579.56
2015-04-10,578.31,579.54
2015-04-11,577.99,579.85
2015-04-12,577.9,580.19
2015-04-13,577.83,579.67
2015-04-14,578.37,580.03
2015-04-15,578.15,579.98
2015-04-16,578.43,579.84
2015-04-17,578.13,580.19
2015-04-18,577.63,580.16
2015-04-19,577.63,579.96
2015-04-20,577.94,580.41
2015-04-21,577.62,580.09
2015-04-22,577.51,579.58
2015-04-23,578.02,580.45
2015-04-24,578.12,579.95
2015-04-25,577.87,579.77
2015-04-26,578.28,580.01
2015-04-27,577.74,580.42
2015-04-28,577.63,580.48
2015-04-29,577.54,580.28
2015-04-30,578.4,580.03
2015-05-01,577.83,579.72
2015-05-02,578.22,580.24
2015-05-03,577.67,579.8
2015-05-04,578.3,579.57
2015-05-05,577.88,579.8
2015-05-06,577.56,580.09
2015-05-07,577.9,580.03
2015-05-08,578.49,580.03
2015-05-09,577.91,579.96
2015-05-10,577.91,580.15
2015-05-11,578.41,580.42
2015-05-12,577.7,580.46
2015-05-13,577.75,579.56
2015-05-14,577.83,579.72
2015-05-15,578.47,580.02
2015-05-16,578.41,579.87
2015-05-17,577.96,579.5
2015-05-18,577.87,580.25
2015-05-19,577.69,579.9
2015-05-20,578.01,579.71
2015-05-21,578.1,579.68
2015-05-22,578.04,579.93
2015-05-23,578.11,580.28
2015-05-24,577.66,579.73
2015-05-25,578.47,580.2
2015-05-26,577.63,579.76
2015-05-27,578.38,579.59
2015-05-28,577.78,580.0
2015-05-29,577.81,579.57
2015-05-30,578.17,579.69
2015-05-31,578.23,579.63
2015-06-01,578.17,580.26
2015-06-02,577.9,580.43
2015-06-03,578.21,579.57
2015-06-04,578.37,580.4
2015-06-05,577.87,580.2
2015-06-06,577.53,580.36
2015-06-07,577.75,580.44
2015-06-08,577.75,579.79
2015-06-09,577.94,579.64
2015-06-10,577.95,579.93
2015-06-11,578.38,579.52
2015-06-12,577.66,579.89
2015-06-13,577.71,580.28
2015-06-14,578.08,580.33
2015-06-15,578.16,580.24
2015-06-16,577.88,580.42
2015-06-17,577.99,579.94
2015-06-18,577.54,580.25
2015-06-19,578.36,580.22
2015-06-20,577.65,579.65
2015-06-21,577.65,579.55
2015-06-22,577.59,579.77
2015-06-23,578.07,580.1
2015-06-24,578.12,580.45
2015-06-25,577.76,580.35
2015-06-26,577.56,579.63
2015-06-27,578.46,580.31
2015-06-28,578.34,580.24
2015-06-29,578.4,580.28
2015-06-30,577.7,580.0
2015-07-01,577.57,580.42
2015-07-02,577.93,579.66
2015-07-03,578.37,579.98
2015-07-04,577.54,579.54
2015-07-05,578.16,580.29
2015-07-06,577.78,579.83
2015-07-07,578.48,580.01
2015-07-08,577.9,579.68
2015-07-09,578.38,580.02
2015-07-10,577.77,580.14
2015-07-11,577.7,579.93
2015-07-12,577.68,580.11
2015-07-13,577.74,579.93
2015-07-14,577.92,580.3
2015-07-15,577.52,580.3
2015-07-16,578.07,580.37
2015-07-17,578.29,579.84
2015-07-18,578.42,580.17
2015-07-19,578.17,580.09
2015-07-20,577.98,579.69
2015-07-21,578.04,580.34
2015-07-22,577.63,580.2
2015-07-23,577.82,579.52
2015-07-24,578.4,579.78
2015-07-25,578.38,580.43
2015-07-26,577.86,579.52
2015-07-27,577.65,579.69
2015-07-28,577.74,579.94
2015-07-29,578.37,579.67
2015-07-30,577.82,579.53
2015-07-31,577.79,579.99
2015-08-01,577.58,579.74
2015-08-02,577.96,579.61
2015-08-03,578.27,579.96
2015-08-04,578.07,579.73
2015-08-05,578.36,580.23
2015-08-06,578.09,580.26
2015-08-07,577.84,580.45
2015-08-08,577.85,579.67
2015-08-09,577.75,579.56
2015-08-10,578.49,579.89
2015-08-11,578.32,580.31
2015-08-12,578.07,579.64
2015-08-13,577.86,580.01
2015-08-14,578.03,579.73
2015-08-15,578.05,579.54
2015-08-16,578.33,579.89
2015-08-17,578.37,579.99
2015-08-18,577.62,579.81
2015-08-19,578.09,579.98
2015-08-20,577.53,579.89
2015-08-21,577.68,579.86
2015-08-22,578.08,579.63
2015-08-23,578.13,580.34
2015-08-24,578.09,579.83
2015-08-25,577.79,580.04
2015-08-26,578.05,579.75
2015-08-27,578.06,580.33
2015-08-28,578.26,580.31
2015-08-29,577.87,580.17
2015-08-30,578.35,579.74
2015-08-31,578.46,579.52
2015-09-01,577.8,580.46
2015-09-02,577.62,580.43
2015-09-03,578.04,580.45
2015-09-04,577.74,580.32
2015-09-05,577.72,579.97
2015-09-06,578.25,579.84
2015-09-07,577.54,579.88
2015-09-08,578.35,579.99
2015-09-09,577.56,580.39
2015-09-10,578.14,580.15
2015-09-11,577.74,580.46
2015-09-12,578.48,579.59
2015-09-13,578.45,580.01
2015-09-14,578.22,579.57
2015-09-15,577.94,580.08
2015-09-16,577.52,579.55
2015-09-17,578.21,580.5
2015-09-18,578.17,579.97
2015-09-19,577.59,580.21
2015-09-20,577.79,579.82
2015-09-21,577.85,579.59
2015-09-22,577.62,580.46
2015-09-23,578.37,580.12
2015-09-24,577.63,579.89
2015-09-25,577.63,580.44
2015-09-26,577.84,579.74
2015-09-27,578.18,580.24
2015-09-28,577.83,579.78
2015-09-29,578.43,580.18
2015-09-30,577.73,579.67
2015-10-01,577.68,580.24
2015-10-02,577.72,579.54
2015-10-03,578.29,580.17
2015-10-04,578.44,579.85
2015-10-05,578.12,580.19
2015-10-06,578.12,579.73
2015-10-07,578.14,580.25
2015-10-08,577.7,580.27
2015-10-09,577.54,580.44
2015-10-10,577.68,579.8
2015-10-11,577.95,580.08
2015-10-12,577.63,580.02
2015-10-13,577.88,580.0
2015-10-14,578.17,580.4
2015-10-15,578.27,579.9
2015-10-16,578.08,580.13
2015-10-17,577.7,579.63
2015-10-18,578.47,579.95
2015-10-19,578.48,579.95
2015-10-20,577.82,580.13
2015-10-21,578.4,579.84
2015-10-22,578.32,580.33
2015-10-23,577.98,579.89
2015-10-24,577.51,580.19
2015-10-25,578.36,579.68
2015-10-26,577.55,580.27
2015-10-27,578.19,580.04
2015-10-28,577.86,579.72
2015-10-29,577.65,580.01
2015-10-30,577.75,580.48
2015-10-31,577.95,580.37
2015-11-01,577.89,580.0
2015-11-02,578.08,579.99
2015-11-03,577.7,580.44
2015-11-04,578.39,580.39
2015-11-05,577.53,579.96
2015-11-06,578.42,580.26
2015-11-07,577.5,580.22
2015-11-08,578.5,580.29
2015-11-09,578.25,579.53
2015-11-10,577.51,579.59
2015-11-11,578.07,579.59
2015-11-12,577.57,579.65
2015-11-13,578.03,580.21
2015-11-14,577.82,580.38
2015-11-15,577.71,579.59
2015-11-16,577.9,580.29
2015-11-17,577.81,579.62
2015-11-18,578.0,580.22
2015-11-19,578.17,579.86
2015-11-20,578.11,579.98
2015-11-21,578.24,580.47
2015-11-22,578.01,580.04
2015-11-23,578.27,580.31
2015-11-24,578.12,579.5
2015-11-25,577.98,579.51
2015-11-26,578.3,579.86
2015-11-27,577.79,580.34
2015-11-28,578.19,579.64
2015-11-29,578.24,580.27
2015-11-30,578.2,579.56
2015-12-01,578.41,579.97
2015-12-02,578.48,580.13
2015-12-03,577.93,580.4
2015-12-04,578.39,580.06
2015-12-05,578.1,579.99
2015-12-06,578.26,580.48
2015-12-07,577.83,579.92
2015-12-08,578.13,580.23
2015-12-09,577.96,580.49
2015-12-10,578.03,579.65
2015-12-11,578.27,579.57
2015-12-12,578.35,579.88
2015-12-13,577.55,579.88
2015-12-14,578.27,580.01
2015-12-15,578.44,580.39
2015-12-16,578.09,580.24
2015-12-17,578.35,579.54
2015-12-18,577.67,580.07
2015-12-19,578.29,580.26
2015-12-20,577.82,580.38
2015-12-21,578.17,579.77
2015-12-22,577.78,580.28
2015-12-23,577.54,580.02
2015-12-24,577.51,579.92
2015-12-25,578.01,579.85
2015-12-26,578.37,580.28
2015-12-27,578.18,580.28
2015-12-28,577.57,580.27
2015-12-29,578.26,579.87
2015-12-30,577.98,580.37
2015-12-31,578.29,579.92
2016-01-01,596.49,597.57
2016-01-02,595.76,598.33
2016-01-03,596.24,598.16
2016-01-04,595.8,598.04
2016-01-05,596.03,597.91
2016-01-06,595.89,598.03
2016-01-07,596.38,598.05
2016-01-08,595.77,598.25
2016-01-09,595.66,598.1
2016-01-10,595.98,598.23
2016-01-11,596.0,597.87
2016-01-12,596.07,597.78
2016-01-13,596.31,597.61
2016-01-14,596.36,598.26
2016-01-15,595.91,598.2
2016-01-16,595.63,597.64
2016-01-17,596.04,597.53
2016-01-18,596.07,598.31
2016-01-19,595.82,598.17
2016-01-20,595.58,597.54
2016-01-21,596.32,597.66
2016-01-22,595.84,597.59
2016-01-23,596.17,597.92
2016-01-24,596.33,597.97
2016-01-25,596.01,597.99
2016-01-26,595.67,598.38
2016-01-27,595.53,597.76
2016-01-28,596.4,597.87
2016-01-29,596.15,598.42
2016-01-30,596.45,597.71
2016-01-31,595.9,597.82
2016-02-01,596.08,597.64
2016-02-02,596.16,597.68
2016-02-03,595.83,597.65
2016-02-04,595.51,598.16
2016-02-05,595.84,597.66
2016-02-06,595.78,597.69
2016-02-07,596.43,597.71
2016-02-08,596.4,598.45
2016-02-09,596.38,597.64
2016-02-10,596.14,597.78
2016-02-11,595.66,598.42
2016-02-12,595.52,597.65
2016-02-13,596.09,598.33
2016-02-14,596.33,598.13
2016-02-15,595.57,597.96
2016-02-16,595.71,598.09
2016-02-17,595.62,597.62
2016-02-18,596.23,597.73
2016-02-19,595.96,598.21
2016-02-20,596.12,597.71
2016-02-21,595.7,597.77
2016-02-22,595.81,597.85
2016-02-23,596.23,598.34
2016-02-24,595.82,597.86
2016-02-25,596.05,597.67
2016-02-26,596.17,597.68
2016-02-27,595.91,598.41
2016-02-28,595.84,598.13
2016-02-29,596.21,597.88
2016-03-01,596.14,597.92
2016-03-02,595.85,598.37
2016-03-03,596.25,598.49
2016-03-04,596.0,597.9
2016-03-05,595.87,597.82
2016-03-06,596.44,597.83
2016-03-07,595.77,597.93
2016-03-08,595.94,597.57
2016-03-09,596.23,597.55
2016-03-10,595.63,598.47
2016-03-11,596.43,598.48
2016-03-12,596.38,598.22
2016-03-13,595.59,598.09
2016-03-14,596.11,598.38
2016-03-15,596.2,598.15
2016-03-16,595.87,598.47
2016-03-17,595.66,598.12
2016-03-18,596.11,598.4
2016-03-19,596.48,597.97
2016-03-20,595.92,598.04
2016-03-21,596.19,597.86
2016-03-22,596.11,598.08
2016-03-23,595.84,597.65
2016-03-24,595.57,598.49
2016-03-25,596.26,598.46
2016-03-26,596.4,598.33
2016-03-27,595.72,597.55
2016-03-28,595.98,598.39
2016-03-29,595.83,598.23
2016-03-30,596.26,597.55
2016-03-31,595.99,598.04
2016-04-01,596.03,597.95
2016-04-02,596.36,597.64
2016-04-03,596.0,598.24
2016-04-04,595.87,598.28
2016-04-05,596.25,597.58
2016-04-06,595.88,598.39
2016-04-07,596.2,598.32
2016-04-08,596.45,598.12
2016-04-09,596.24,598.32
2016-04-10,595.98,598.18
2016-04-11,595.79,598.27
2016-04-12,596.1,597.95
2016-04-13,595.7,597.83
2016-04-14,595.97,597.95
2016-04-15,595.72,598.2
2016-04-16,595.96,598.18
2016-04-17,596.37,597.97
2016-04-18,595.89,598.14
2016-04-19,596.36,598.15
2016-04-20,595.64,598.49
2016-04-21,595.6,598.44
2016-04-22,595.87,598.02
2016-04-23,596.02,598.49
2016-04-24,596.42,597.93
2016-04-25,595.59,597.56
2016-04-26,596.45,598.39
2016-04-27,595.63,598.41
2016-04-28,595.91,597.94
2016-04-29,595.96,597.75
2016-04-30,596.35,597.93
2016-05-01,595.88,597.84
2016-05-02,596.45,598.26
2016-05-03,596.29,597.67
2016-05-04,596.41,598.08
2016-05-05,595.65,597.73
2016-05-06,595.69,597.58
2016-05-07,595.89,598.17
2016-05-08,596.17,598.14
2016-05-09,596.27,597.96
2016-05-10,596.39,597.76
2016-05-11,595.62,598.0
2016-05-12,595.94,598.25
2016-05-13,595.59,597.91
2016-05-14,596.04,597.95
2016-05-15,596.18,597.96
2016-05-16,595.57,597.88
2016-05-17,595.78,597.56
2016-05-18,596.34,597.65
2016-05-19,595.75,597.95
2016-05-20,595.88,597.67
2016-05-21,595.56,597.79
2016-05-22,595.72,598.33
2016-05-23,595.77,597.95
2016-05-24,595.97,598.21
2016-05-25,595.72,597.99
2016-05-26,596.27,597.85
2016-05-27,596.1,597.66
2016-05-28,596.17,597.96
2016-05-29,595.59,597.95
2016-05-30,595.85,598.17
2016-05-31,595.93,598.36
2016-06-01,595.68,598.35
2016-06-02,596.33,598.36
2016-06-03,595.85,597.92
2016-06-04,596.4,598.24
2016-06-05,595.57,598.12
2016-06-06,596.22,597.96
2016-06-07,596.48,598.13
2016-06-08,595.99,598.29
2016-06-09,595.55,598.07
2016-06-10,595.95,597.62
2016-06-11,595.64,597.69
2016-06-12,595.74,598.48
2016-06-13,596.09,597.87
2016-06-14,596.36,598.4
2016-06-15,596.4,597.52
2016-06-16,596.12,598.48
2016-06-17,596.33,598.43
2016-06-18,596.13,598.05
2016-06-19,595.55,597.59
2016-06-20,595.79,597.57
2016-06-21,595.51,598.19
2016-06-22,595.74,597.64
2016-06-23,595.57,598.46
2016-06-24,595.88,598.44
2016-06-25,595.66,597.53
2016-06-26,595.63,598.3
2016-06-27,596.13,597.75
2016-06-28,596.35,597.61
2016-06-29,595.56,597.73
2016-06-30,596.19,597.56
2016-07-01,596.37,597.88
2016-07-02,596.35,598.13
2016-07-03,596.33,598.45
2016-07-04,595.6,597.73
2016-07-05,596.13,598.32
2016-07-06,595.81,597.79
2016-07-07,595.92,597.93
2016-07-08,596.33,597.7
2016-07-09,595.68,598.48
2016-07-10,595.78,597.57
2016-07-11,595.74,598.4
2016-07-12,596.4,597.84
2016-07-13,596.35,597.91
2016-07-14,596.33,598.26
2016-07-15,596.37,598.41
2016-07-16,596.4,597.65
2016-07-17,595.59,597.97
2016-07-18,595.98,597.96
2016-07-19,595.56,598.38
2016-07-20,596.0,598.35
2016-07-21,595.88,597.9
2016-07-22,596.45,598.05
2016-07-23,596.08,598.21
2016-07-24,596.21,597.95
2016-07-25,596.31,597.53
2016-07-26,596.43,597.93
2016-07-27,596.06,598.27
2016-07-28,595.99,597.66
2016-07-29,596.24,598.3
2016-07-30,596.3,597.91
2016-07-31,595.72,598.42
2016-08-01,595.94,597.7
2016-08-02,596.04,598.33
2016-08-03,596.3,597.63
2016-08-04,596.32,597.62
2016-08-05,596.1,598.31
2016-08-06,596.38,597.71
2016-08-07,595.94,598.09
2016-08-08,596.48,598.48
2016-08-09,595.99,597.54
2016-08-10,595.56,598.47
2016-08-11,595.72,597.67
2016-08-12,595.79,597.51
2016-08-13,595.98,598.47
2016-08-14,595.72,597.96
2016-08-15,595.65,598.29
2016-08-16,595.81,598.06
2016-08-17,595.76,598.41
2016-08-18,595.79,597.96
2016-08-19,596.35,597.6
2016-08-20,595.66,598.2
2016-08-21,595.71,597.91
2016-08-22,596.05,597.58
2016-08-23,595.77,598.42
2016-08-24,596.35,598.44
2016-08-25,596.43,597.88
2016-08-26,595.52,597.94
2016-08-27,596.12,597.57
2016-08-28,596.18,598.2
2016-08-29,596.31,598.2
2016-08-30,596.15,597.85
2016-08-31,596.12,597.78
2016-09-01,595.94,598.31
2016-09-02,596.03,597.96
2016-09-03,595.61,598.04
2016-09-04,595.6,597.88
2016-09-05,595.69,597.79
2016-09-06,595.63,597.56
2016-09-07,596.14,597.88
2016-09-08,595.5,598.4
2016-09-09,595.86,597.95
2016-09-10,595.95,597.56
2016-09-11,595.78,597.67
2016-09-12,595.82,598.36
2016-09-13,596.48,598.17
2016-09-14,596.46,598.48
2016-09-15,596.2,598.47
2016-09-16,596.21,598.38
2016-09-17,596.24,598.11
2016-09-18,595.89,597.69
2016-09-19,595.85,597.89
2016-09-20,595.72,598.1
2016-09-21,596.47,598.38
2016-09-22,596.45,597.88
2016-09-23,595.5,597.79
2016-09-24,595.65,597.99
2016-09-25,596.02,597.85
2016-09-26,596.37,597.78
2016-09-27,596.27,597.73
2016-09-28,596.32,597.78
2016-09-29,595.98,598.1
2016-09-30,596.4,598.25
2016-10-01,596.07,597.9
2016-10-02,596.13,598.2
2016-10-03,595.86,598.4
2016-10-04,595.78,597.78
2016-10-05,595.99,598.41
2016-10-06,595.91,597.67
2016-10-07,596.16,598.16
2016-10-08,596.11,598.13
2016-10-09,595.99,597.93
2016-10-10,596.24,598.2
2016-10-11,596.02,597.71
2016-10-12,596.22,598.16
2016-10-13,596.0,597.99
2016-10-14,596.01,598.35
2016-10-15,595.57,597.53
2016-10-16,595.65,597.78
2016-10-17,595.82,597.98
2016-10-18,596.13,598.26
2016-10-19,596.12,598.48
2016-10-20,595.61,598.49
2016-10-21,596.05,598.2
2016-10-22,596.39,597.68
2016-10-23,595.63,598.17
2016-10-24,595.7,597.79
2016-10-25,595.77,598.15
2016-10-26,595.99,598.21
2016-10-27,595.59,597.72
2016-10-28,595.58,597.6
2016-10-29,595.88,597.93
2016-10-30,595.8,597.92
2016-10-31,596.42,597.54
2016-11-01,595.66,597.83
2016-11-02,595.95,598.26
2016-11-03,595.58,597.54
2016-11-04,595.82,597.99
2016-11-05,596.44,597.58
2016-11-06,596.36,597.59
2016-11-07,596.15,598.38
2016-11-08,596.44,597.83
2016-11-09,595.73,598.17
2016-11-10,596.06,598.27
2016-11-11,596.01,597.9
2016-11-12,596.15,598.07
2016-11-13,596.14,598.12
2016-11-14,595.91,597.74
2016-11-15,595.79,598.45
2016-11-16,596.22,597.64
2016-11-17,596.13,598.19
2016-11-18,596.41,598.45
2016-11-19,596.24,598.32
2016-11-20,596.05,598.31
2016-11-21,596.44,597.84
2016-11-22,595.54,598.14
2016-11-23,596.31,597.74
2016-11-24,595.82,597.7
2016-11-25,596.25,598.5
2016-11-26,596.32,598.29
2016-11-27,595.6,598.31
2016-11-28,595.76,598.17
2016-11-29,595.59,597.57
2016-11-30,596.3,598.29
2016-12-01,595.94,598.12
2016-12-02,595.95,598.47
2016-12-03,595.79,597.62
2016-12-04,595.86,598.49
2016-12-05,595.62,598.25
2016-12-06,595.54,598.16
2016-12-07,596.45,598.1
2016-12-08,596.46,597.77
2016-12-09,595.69,598.4
2016-12-10,596.46,597.53
2016-12-11,595.52,598.47
2016-12-12,596.07,597.65
2016-12-13,595.9,598.39
2016-12-14,596.33,597.64
2016-12-15,596.3,598.44
2016-12-16,595.89,597.98
2016-12-17,595.64,598.28
2016-12-18,596.1,598.1
2016-12-19,596.11,598.27
2016-12-20,596.34,597.99
2016-12-21,595.9,598.46
2016-12-22,596.36,597.85
2016-12-23,596.48,597.75
2016-12-24,596.35,598.28
2016-12-25,595.82,597.63
2016-12-26,595.8,598.08
2016-12-27,596.3,598.37
2016-12-28,595.64,597.67
2016-12-29,596.27,598.26
2016-12-30,596.4,597.68
2016-12-31,596.12,598.38
2017-01-01,614.36,616.41
2017-01-02,614.23,615.61
2017-01-03,613.55,616.04
2017-01-04,613.79,615.79
2017-01-05,614.38,616.06
2017-01-06,613.9,616.28
2017-01-07,613.93,616.48
2017-01-08,614.07,616.35
2017-01-09,613.68,615.95
2017-01-10,614.02,615.76
2017-01-11,614.4,615.78
2017-01-12,614.36,616.03
2017-01-13,613.87,616.22
2017-01-14,614.33,616.36
2017-01-15,613.9,615.96
2017-01-16,614.41,615.88
2017-01-17,613.74,615.73
2017-01-18,614.17,616.19
2017-01-19,614.2,615.85
2017-01-20,614.04,615.53
2017-01-21,613.87,615.76
2017-01-22,614.16,615.79
2017-01-23,614.02,615.61
2017-01-24,613.67,616.13
2017-01-25,613.53,616.22
2017-01-26,614.04,616.49
2017-01-27,614.27,616.04
2017-01-28,613.53,615.75
2017-01-29,613.82,615.66
2017-01-30,614.03,616.1
2017-01-31,614.4,616.21
2017-02-01,613.89,615.62
2017-02-02,614.02,615.98
2017-02-03,614.22,616.03
2017-02-04,613.68,616.22
2017-02-05,613.61,616.3
2017-02-06,613.78,615.98
2017-02-07,614.08,616.17
2017-02-08,613.99,616.12
2017-02-09,614.11,615.58
2017-02-10,614.04,616.25
2017-02-11,614.23,615.89
2017-02-12,614.05,615.88
2017-02-13,613.69,615.88
2017-02-14,614.17,615.97
2017-02-15,614.48,616.39
2017-02-16,613.52,616.13
2017-02-17,613.62,616.26
2017-02-18,613.5,615.7
2017-02-19,614.22,615.54
2017-02-20,613.68,616.44
2017-02-21,613.62,615.97
2017-02-22,614.25,616.2
2017-02-23,613.52,616.13
2017-02-24,614.38,615.99
2017-02-25,614.12,616.09
2017-02-26,613.62,616.25
2017-02-27,613.53,616.12
2017-02-28,613.65,616.41
2017-03-01,613.73,616.02
2017-03-02,613.98,615.59
2017-03-03,614.01,615.6
2017-03-04,614.46,615.8
2017-03-05,614.01,616.05
2017-03-06,614.28,615.67
2017-03-07,614.2,616.08
2017-03-08,613.86,616.49
2017-03-09,614.45,616.16
2017-03-10,613.85,616.05
2017-03-11,614.09,616.08
2017-03-12,614.42,616.46
2017-03-13,613.86,616.27
2017-03-14,614.43,616.46
2017-03-15,613.88,616.49
2017-03-16,614.48,616.42
2017-03-17,614.34,615.59
2017-03-18,614.05,615.62
2017-03-19,614.04,616.48
2017-03-20,614.41,616.24
2017-03-21,614.36,616.41
2017-03-22,614.39,616.19
2017-03-23,614.24,615.93
2017-03-24,614.44,616.13
2017-03-25,614.27,616.42
2017-03-26,613.75,616.11
2017-03-27,614.11,616.13
2017-03-28,614.13,616.01
2017-03-29,613.93,615.9
2017-03-30,614.18,616.42
2017-03-31,613.87,616.19
2017-04-01,613.63,616.37
2017-04-02,613.99,616.45
2017-04-03,613.87,615.89
2017-04-04,614.21,615.76
2017-04-05,614.29,616.23
2017-04-06,614.15,615.88
2017-04-07,614.35,615.91
2017-04-08,613.55,615.73
2017-04-09,613.9,616.22
2017-04-10,613.58,615.83
2017-04-11,614.33,616.01
2017-04-12,614.03,615.81
2017-04-13,613.75,615.61
2017-04-14,613.88,616.03
2017-04-15,613.93,616.11
2017-04-16,614.11,616.12
2017-04-17,614.48,616.16
2017-04-18,613.79,615.89
2017-04-19,614.43,616.33
2017-04-20,614.17,615.7
2017-04-21,613.59,616.4
2017-04-22,613.66,616.4
2017-04-23,613.94,615.78
2017-04-24,614.08,615.5
2017-04-25,613.9,615.74
2017-04-26,614.3,616.11
2017-04-27,614.26,616.06
2017-04-28,614.14,615.81
2017-04-29,613.64,616.43
2017-04-30,613.7,615.6
2017-05-01,613.52,615.6
2017-05-02,614.34,616.37
2017-05-03,613.99,616.47
2017-05-04,614.32,616.1
2017-05-05,614.47,616.14
2017-05-06,614.08,616.26
2017-05-07,613.69,616.29
2017-05-08,613.82,616.07
2017-05-09,614.01,615.66
2017-05-10,614.04,615.71
2017-05-11,613.87,616.21
2017-05-12,613.53,616.13
2017-05-13,614.19,615.52
2017-05-14,614.08,616.48
2017-05-15,613.55,616.21
2017-05-16,614.33,615.63
2017-05-17,613.72,616.05
2017-05-18,613.94,616.41
2017-05-19,613.83,615.73
2017-05-20,614.18,615.83
2017-05-21,614.05,615.94
2017-05-22,614.16,615.88
2017-05-23,613.91,615.74
2017-05-24,613.69,616.18
2017-05-25,614.05,615.9
2017-05-26,614.01,616.21
2017-05-27,613.92,616.46
2017-05-28,614.27,615.67
2017-05-29,613.97,615.95
2017-05-30,614.01,616.25
2017-05-31,614.05,616.17
2017-06-01,614.3,616.16
2017-06-02,614.01,616.29
2017-06-03,614.39,616.29
2017-06-04,614.06,616.23
2017-06-05,613.99,616.49
2017-06-06,614.46,616.26
2017-06-07,614.39,616.22
2017-06-08,613.96,615.77
2017-06-09,613.56,616.29
2017-06-10,614.3,615.86
2017-06-11,613.95,615.54
2017-06-12,613.61,615.59
2017-06-13,613.77,616.44
2017-06-14,613.71,615.87
2017-06-15,613.61,615.61
2017-06-16,613.97,615.84
2017-06-17,614.07,616.37
2017-06-18,614.28,616.48
2017-06-19,614.01,616.15
2017-06-20,613.54,615.65
2017-06-21,613.66,616.23
2017-06-22,613.97,615.6
2017-06-23,613.61,615.9
2017-06-24,614.3,615.71
2017-06-25,613.69,616.14
2017-06-26,613.89,615.89
2017-06-27,613.81,615.85
2017-06-28,614.2,615.79
2017-06-29,614.24,616.24
2017-06-30,614.44,615.69
2017-07-01,614.47,615.95
2017-07-02,614.24,615.63
2017-07-03,614.14,616.2
2017-07-04,613.63,616.41
2017-07-05,613.94,616.31
2017-07-06,614.03,616.19
2017-07-07,613.83,616.19
2017-07-08,613.89,615.72
2017-07-09,613.79,616.36
2017-07-10,614.14,615.7
2017-07-11,614.46,616.4
2017-07-12,613.74,615.62
2017-07-13,614.39,615.93
2017-07-14,614.5,616.33
2017-07-15,614.1,615.53
2017-07-16,614.11,615.58
2017-07-17,614.32,616.15
2017-07-18,614.18,616.42
2017-07-19,614.3,616.3
2017-07-20,614.06,616.22
2017-07-21,613.83,616.17
2017-07-22,614.12,615.75
2017-07-23,614.32,616.09
2017-07-24,614.23,615.86
2017-07-25,614.35,616.17
2017-07-26,613.93,615.94
2017-07-27,614.49,615.68
2017-07-28,614.43,615.77
2017-07-29,614.48,616.46
2017-07-30,614.12,616.24
2017-07-31,613.52,615.72
2017-08-01,614.19,615.91
2017-08-02,613.94,616.07
2017-08-03,613.63,616.3
2017-08-04,613.9,616.41
2017-08-05,614.03,616.06
2017-08-06,614.0,616.48
2017-08-07,613.98,616.13
2017-08-08,613.83,615.92
2017-08-09,614.4,616.24
2017-08-10,613.56,616.22
2017-08-11,614.34,615.81
2017-08-12,614.37,615.78
2017-08-13,614.06,615.96
2017-08-14,614.35,616.02
2017-08-15,613.53,616.1
2017-08-16,614.36,616.27
2017-08-17,614.17,616.29
2017-08-18,613.55,616.43
2017-08-19,614.38,615.76
2017-08-20,614.05,615.61
2017-08-21,613.78,616.48
2017-08-22,613.82,615.8
2017-08-23,614.47,616.48
2017-08-24,614.09,615.63
2017-08-25,614.11,615.68
2017-08-26,614.08,615.78
2017-08-27,613.94,615.79
2017-08-28,614.07,615.98
2017-08-29,614.18,616.14
2017-08-30,614.11,615.61
2017-08-31,614.41,615.68
2017-09-01,614.24,616.34
2017-09-02,613.59,616.14
2017-09-03,613.95,616.12
2017-09-04,613.85,615.74
2017-09-05,614.24,615.68
2017-09-06,614.26,615.97
2017-09-07,613.86,616.2
2017-09-08,613.6,616.28
2017-09-09,613.84,615.64
2017-09-10,614.3,615.84
2017-09-11,614.29,615.62
2017-09-12,614.4,616.23
2017-09-13,613.8,615.85
2017-09-14,614.0,615.65
2017-09-15,614.22,616.12
2017-09-16,613.52,616.2
2017-09-17,614.18,616.16
2017-09-18,614.44,615.71
2017-09-19,614.17,615.9
2017-09-20,614.1,615.9
2017-09-21,614.29,615.83
2017-09-22,614.4,616.15
2017-09-23,613.84,615.75
2017-09-24,613.52,615.52
2017-09-25,614.3,615.62
2017-09-26,613.87,616.02
2017-09-27,613.52,616.23
2017-09-28,613.86,615.72
2017-09-29,613.99,616.44
2017-09-30,613.52,616.45
2017-10-01,613.72,615.76
2017-10-02,614.14,615.62
2017-10-03,614.44,616.14
2017-10-04,614.49,615.92
2017-10-05,614.26,615.99
2017-10-06,614.27,616.26
2017-10-07,613.93,615.88
2017-10-08,614.31,616.36
2017-10-09,614.42,616.12
2017-10-10,614.27,616.27
2017-10-11,613.86,615.82
2017-10-12,614.24,615.8
2017-10-13,613.59,616.4
2017-10-14,613.81,615.59
2017-10-15,614.03,615.86
2017-10-16,613.99,615.72
2017-10-17,613.81,616.0
2017-10-18,613.73,616.09
2017-10-19,614.36,615.6
2017-10-20,614.08,615.84
2017-10-21,614.12,615.66
2017-10-22,614.01,615.54
2017-10-23,614.43,616.08
2017-10-24,613.96,615.97
2017-10-25,614.01,615.73
2017-10-26,613.92,616.26
2017-10-27,614.02,615.93
2017-10-28,614.14,616.06
2017-10-29,613.94,616.47
2017-10-30,613.92,616.14
2017-10-31,614.01,616.39
2017-11-01,613.93,616.1
2017-11-02,613.68,616.31
2017-11-03,614.08,616.16
2017-11-04,613.86,616.02
2017-11-05,613.94,615.73
2017-11-06,614.47,616.48
2017-11-07,614.04,615.75
2017-11-08,613.53,615.64
2017-11-09,613.53,616.19
2017-11-10,614.19,615.98
2017-11-11,613.81,616.45
2017-11-12,614.06,616.33
2017-11-13,614.06,616.0
2017-11-14,614.4,615.83
2017-11-15,614.34,616.17
2017-11-16,613.75,615.84
2017-11-17,614.13,616.27
2017-11-18,614.07,616.25
2017-11-19,614.32,615.9
2017-11-20,613.63,616.47
2017-11-21,613.65,615.99
2017-11-22,613.51,616.25
2017-11-23,614.26,616.14
2017-11-24,613.55,615.57
2017-11-25,614.06,616.11
2017-11-26,613.93,615.82
2017-11-27,613.65,616.06
2017-11-28,613.68,616.19
2017-11-29,614.09,615.54
2017-11-30,613.96,616.04
2017-12-01,614.38,615.67
2017-12-02,614.19,616.31
2017-12-03,614.01,615.53
2017-12-04,613.52,615.68
2017-12-05,613.68,615.74
2017-12-06,613.83,616.14
2017-12-07,613.7,615.94
2017-12-08,613.89,615.91
2017-12-09,613.66,616.2
2017-12-10,613.84,616.45
2017-12-11,614.07,615.76
2017-12-12,614.05,616.41
2017-12-13,613.58,615.67
2017-12-14,613.84,616.2
2017-12-15,614.48,616.49
2017-12-16,614.18,616.48
2017-12-17,614.4,616.14
2017-12-18,613.65,615.88
2017-12-19,614.06,616.39
2017-12-20,614.46,615.64
2017-12-21,613.87,615.67
2017-12-22,613.65,616.45
2017-12-23,613.87,615.73
2017-12-24,614.12,615.95
2017-12-25,613.92,616.5
2017-12-26,614.33,615.97
2017-12-27,613.89,615.71
2017-12-28,614.47,616.31
2017-12-29,614.47,616.0
2017-12-30,614.03,615.84
2017-12-31,613.97,615.51
2018-01-01,632.29,634.13
2018-01-02,631.62,634.25
2018-01-03,631.94,634.1
2018-01-04,631.82,633.5
2018-01-05,631.9,633.91
2018-01-06,632.48,634.11
2018-01-07,632.01,633.88
2018-01-08,631.95,633.76
2018-01-09,631.88,634.24
2018-01-10,632.43,633.99
2018-01-11,632.17,633.71
2018-01-12,631.82,634.07
2018-01-13,632.07,634.42
2018-01-14,632.17,634.2
2018-01-15,631.72,634.26
2018-01-16,632.5,634.45
2018-01-17,632.18,634.08
2018-01-18,631.9,633.64
2018-01-19,632.43,633.63
2018-01-20,632.46,634.02
2018-01-21,632.27,634.19
2018-01-22,632.49,634.32
2018-01-23,631.86,634.33
2018-01-24,631.52,633.71
2018-01-25,631.57,633.68
2018-01-26,631.71,633.52
2018-01-27,631.74,633.52
2018-01-28,632.14,633.58
2018-01-29,632.04,634.29
2018-01-30,632.1,634.42
2018-01-31,631.78,634.13
2018-02-01,631.92,634.33
2018-02-02,632.47,634.34
2018-02-03,632.33,634.29
2018-02-04,632.01,633.63
2018-02-05,631.76,634.33
2018-02-06,632.07,634.4
2018-02-07,632.35,633.57
2018-02-08,632.03,634.02
2018-02-09,632.04,634.24
2018-02-10,631.96,634.23
2018-02-11,632.21,634.4
2018-02-12,632.31,634.49
2018-02-13,631.74,633.76
2018-02-14,631.73,633.56
2018-02-15,631.53,633.96
2018-02-16,632.13,633.82
2018-02-17,632.46,633.84
2018-02-18,632.17,633.58
2018-02-19,631.89,633.69
2018-02-20,632.07,633.7
2018-02-21,631.54,633.96
2018-02-22,631.75,633.58
2018-02-23,632.09,634.29
2018-02-24,631.88,633.61
2018-02-25,631.66,634.5
2018-02-26,631.72,634.25
2018-02-27,632.16,633.61
2018-02-28,631.69,633.99
2018-03-01,631.76,633.99
2018-03-02,632.5,633.77
2018-03-03,632.05,633.55
2018-03-04,631.97,633.78
2018-03-05,631.86,634.19
2018-03-06,632.43,633.55
2018-03-07,632.42,633.84
2018-03-08,632.45,633.6
2018-03-09,631.86,634.06
2018-03-10,631.83,633.72
2018-03-11,631.54,634.32
2018-03-12,632.26,634.36
2018-03-13,631.64,634.29
2018-03-14,632.4,634.44
2018-03-15,632.39,634.42
2018-03-16,632.25,633.84
2018-03-17,632.27,634.27
2018-03-18,632.45,634.47
2018-03-19,632.47,633.73
2018-03-20,632.22,634.06
2018-03-21,631.69,633.92
2018-03-22,632.47,634.42
2018-03-23,631.87,634.12
2018-03-24,632.38,633.7
2018-03-25,632.22,633.87
2018-03-26,632.49,633.97
2018-03-27,632.02,634.14
2018-03-28,632.45,634.11
2018-03-29,632.01,633.56
2018-03-30,632.36,634.43
2018-03-31,632.43,634.28
2018-04-01,631.54,633.97
2018-04-02,632.06,633.85
2018-04-03,632.34,633.66
2018-04-04,632.42,634.39
2018-04-05,632.38,633.87
2018-04-06,631.68,634.2
2018-04-07,631.96,633.64
2018-04-08,631.85,633.88
2018-04-09,632.36,633.95
2018-04-10,631.75,634.34
2018-04-11,631.75,633.73
2018-04-12,631.65,633.82
2018-04-13,632.11,634.5
2018-04-14,632.28,634.3
2018-04-15,631.69,634.01
2018-04-16,631.66,634.18
2018-04-17,631.9,634.41
2018-04-18,631.91,633.84
2018-04-19,631.95,634.41
2018-04-20,631.63,633.72
2018-04-21,632.06,633.65
2018-04-22,632.15,633.53
2018-04-23,632.45,633.77
2018-04-24,632.38,634.37
2018-04-25,631.84,633.88
2018-04-26,631.75,633.78
2018-04-27,632.2,634.0
2018-04-28,631.77,633.69
2018-04-29,631.66,633.54
2018-04-30,632.24,633.91
2018-05-01,631.72,633.53
2018-05-02,631.67,633.74
2018-05-03,631.59,634.11
2018-05-04,632.03,634.02
2018-05-05,631.64,634.4
2018-05-06,631.58,633.8
2018-05-07,632.42,634.41
2018-05-08,631.96,634.41
2018-05-09,631.84,633.7
2018-05-10,632.14,633.83
2018-05-11,631.53,633.86
2018-05-12,632.02,634.02
2018-05-13,632.17,633.72
2018-05-14,631.91,633.69
2018-05-15,631.55,634.28
2018-05-16,631.72,633.56
2018-05-17,632.2,634.47
2018-05-18,632.46,634.38
2018-05-19,632.22,633.7
2018-05-20,632.2,633.94
2018-05-21,632.14,634.18
2018-05-22,631.54,634.07
2018-05-23,631.78,633.51
2018-05-24,632.43,633.95
2018-05-25,631.88,633.6
2018-05-26,631.84,634.02
2018-05-27,631.72,634.28
2018-05-28,631.71,633.89
2018-05-29,631.72,634.01
2018-05-30,632.12,633.89
2018-05-31,631.75,633.7
2018-06-01,631.51,633.86
2018-06-02,631.73,633.81
2018-06-03,631.94,634.25
2018-06-04,632.01,634.39
2018-06-05,632.02,633.75
2018-06-06,631.75,633.53
2018-06-07,632.48,634.4
2018-06-08,632.41,634.4
2018-06-09,632.18,633.62
2018-06-10,632.42,634.36
2018-06-11,632.03,634.5
2018-06-12,632.35,634.19
2018-06-13,631.66,634.5
2018-06-14,632.37,634.24
2018-06-15,632.13,633.66
2018-06-16,632.46,634.18
2018-06-17,632.14,634.29
2018-06-18,631.88,633.85
2018-06-19,632.17,633.79
2018-06-20,631.67,634.33
2018-06-21,631.83,633.85
2018-06-22,631.95,634.23
2018-06-23,632.23,634.17
2018-06-24,632.36,633.85
2018-06-25,631.58,634.37
2018-06-26,631.75,634.01
2018-06-27,632.19,634.15
2018-06-28,632.28,633.64
2018-06-29,632.18,634.01
2018-06-30,631.83,634.15
2018-07-01,631.94,634.41
2018-07-02,632.26,634.41
2018-07-03,631.64,633.86
2018-07-04,631.84,633.82
2018-07-05,631.65,633.84
2018-07-06,631.99,633.72
2018-07-07,632.45,634.07
2018-07-08,631.8,634.26
2018-07-09,631.56,634.08
2018-07-10,632.4,633.51
2018-07-11,632.13,633.9
2018-07-12,631.59,634.09
2018-07-13,632.21,634.02
2018-07-14,632.25,633.82
2018-07-15,632.01,634.09
2018-07-16,631.61,633.89
2018-07-17,631.74,633.88
2018-07-18,632.04,633.53
2018-07-19,632.33,633.66
2018-07-20,631.68,634.07
2018-07-21,632.16,634.28
2018-07-22,632.02,634.24
2018-07-23,632.14,633.7
2018-07-24,632.09,634.26
2018-07-25,632.29,634.46
2018-07-26,632.09,634.15
2018-07-27,632.1,633.93
2018-07-28,632.35,634.4
2018-07-29,632.07,633.92
2018-07-30,631.96,634.05
2018-07-31,631.72,634.42
2018-08-01,631.7,634.09
2018-08-02,632.1,634.18
2018-08-03,632.34,633.84
2018-08-04,632.23,634.04
2018-08-05,632.0,633.57
2018-08-06,632.48,633.92
2018-08-07,632.12,633.65
2018-08-08,632.32,634.08
2018-08-09,632.2,633.77
2018-08-10,631.58,633.83
2018-08-11,631.73,633.53
2018-08-12,631.73,633.96
2018-08-13,631.96,634.38
2018-08-14,631.82,634.2
2018-08-15,631.81,634.1
2018-08-16,632.48,633.8
2018-08-17,631.87,633.8
2018-08-18,632.31,634.14
2018-08-19,632.38,633.68
2018-08-20,632.39,633.64
2018-08-21,632.27,633.73
2018-08-22,632.39,633.96
2018-08-23,631.88,634.06
2018-08-24,631.63,634.35
2018-08-25,631.76,633.87
2018-08-26,632.5,633.77
2018-08-27,631.51,634.26
2018-08-28,631.78,634.02
2018-08-29,631.93,633.96
2018-08-30,632.28,633.95
2018-08-31,631.58,634.0
2018-09-01,632.36,634.39
2018-09-02,632.43,633.63
2018-09-03,631.82,633.63
2018-09-04,632.11,634.42
2018-09-05,632.47,633.82
2018-09-06,631.57,633.89
2018-09-07,631.68,634.14
2018-09-08,632.33,633.61
2018-09-09,632.24,633.97
2018-09-10,631.59,633.73
2018-09-11,632.44,633.76
2018-09-12,631.96,633.58
2018-09-13,631.95,634.01
2018-09-14,631.55,634.37
2018-09-15,631.73,634.47
2018-09-16,632.32,633.5
2018-09-17,631.75,634.31
2018-09-18,631.93,633.79
2018-09-19,632.41,633.86
2018-09-20,631.63,634.49
2018-09-21,632.18,634.44
2018-09-22,631.63,634.38
2018-09-23,632.2,634.09
2018-09-24,632.23,634.27
2018-09-25,632.14,634.42
2018-09-26,632.43,634.36
2018-09-27,632.13,634.11
2018-09-28,632.3,633.55
2018-09-29,632.2,634.28
2018-09-30,632.3,634.09
2018-10-01,631.79,633.97
2018-10-02,632.44,633.69
2018-10-03,631.87,634.42
2018-10-04,631.63,633.76
2018-10-05,632.31,634.22
2018-10-06,631.89,634.34
2018-10-07,631.91,634.42
2018-10-08,632.25,634.23
2018-10-09,631.58,634.24
2018-10-10,631.68,633.82
2018-10-11,632.15,633.64
2018-10-12,631.68,634.1
2018-10-13,631.65,634.04
2018-10-14,631.86,633.92
2018-10-15,631.98,633.57
2018-10-16,632.05,633.75
2018-10-17,632.17,634.03
2018-10-18,631.55,633.97
2018-10-19,632.19,634.15
2018-10-20,631.68,634.32
2018-10-21,631.66,633.73
2018-10-22,631.79,633.89
2018-10-23,631.84,633.57
2018-10-24,631.63,634.3
2018-10-25,632.08,634.12
2018-10-26,632.43,634.04
2018-10-27,631.61,634.47
2018-10-28,631.55,634.12
2018-10-29,631.93,633.56
2018-10-30,631.73,634.36
2018-10-31,631.51,634.37
2018-11-01,631.64,633.66
2018-11-02,632.38,634.22
2018-11-03,631.84,634.13
2018-11-04,631.8,634.17
2018-11-05,631.81,634.04
2018-11-06,631.81,634.38
2018-11-07,631.89,633.64
2018-11-08,632.0,633.52
2018-11-09,632.02,633.54
2018-11-10,632.36,633.85
2018-11-11,631.75,634.0
2018-11-12,632.32,634.24
2018-11-13,632.43,633.64
2018-11-14,631.93,634.12
2018-11-15,632.09,633.77
2018-11-16,632.11,633.71
2018-11-17,631.69,634.23
2018-11-18,631.54,634.11
2018-11-19,632.15,633.56
2018-11-20,631.67,633.82
2018-11-21,632.16,633.91
2018-11-22,631.73,633.74
2018-11-23,631.5,634.18
2018-11-24,632.47,633.97
2018-11-25,632.13,633.69
2018-11-26,632.42,634.24
2018-11-27,632.36,634.42
2018-11-28,631.53,634.05
2018-11-29,631.73,634.06
2018-11-30,631.54,634.25
2018-12-01,632.02,634.35
2018-12-02,632.35,634.35
2018-12-03,632.08,633.65
2018-12-04,631.83,634.13
2019-01-01,604.39,611.75
2019-01-02,604.39,611.75
2019-01-03,603.01,611.55
2019-01-04,604.77,611.68
2019-01-05,602.4,611.55
2019-01-06,602.4,611.55
2019-01-07,602.4,611.55
2019-01-08,605.39,612.93
2019-01-09,604.83,612.21
2019-01-10,605.61,612.12
2019-01-11,604.86,610.49
2019-01-12,602.3,608.8
2019-01-13,602.3,608.8
2019-01-14,602.3,608.8
2019-01-15,599.81,606.63
2019-01-16,598.84,605.08
2019-01-17,596.67,602.97
2019-01-18,597.13,603.52
2019-01-19,597.0,604.7
2019-01-20,597.0,604.7
2019-01-21,597.0,604.7
2019-01-22,597.49,605.15
2019-01-23,598.6,606.56
2019-01-24,603.22,608.11
2019-01-25,605.03,610.7
2019-01-26,606.26,612.6
2019-01-27,606.26,612.6
2019-01-28,606.26,612.6
2019-01-29,606.85,613.97
2019-01-30,608.99,614.95
2019-01-31,607.85,614.17
2019-02-01,608.04,614.32
2019-02-02,607.4,615.31
2019-02-03,607.4,615.31
2019-02-04,607.4,615.31
2019-02-05,606.03,616.4
2019-02-06,608.51,616.45
2019-02-07,608.11,615.35
2019-02-08,610.01,615.12
2019-02-09,608.78,614.96
2019-02-10,608.78,614.96
2019-02-11,608.78,614.96
2019-02-12,607.96,615.06
2019-02-13,608.15,614.08
2019-02-14,607.24,612.76
2019-02-15,607.17,612.42
2019-02-16,604.45,611.36
2019-02-17,604.45,611.36
2019-02-18,604.45,611.36
2019-02-19,605.64,611.2
2019-02-20,605.76,612.62
2019-02-21,606.89,612.0
2019-02-22,605.97,611.69
2019-02-23,606.05,611.12
2019-02-24,606.05,611.12
2019-02-25,606.05,611.12
2019-02-26,604.97,612.21
2019-02-27,605.35,611.66
2019-02-28,605.05,610.72
2019-03-01,604.08,609.76
2019-03-02,602.58,609.32
2019-03-03,602.58,609.32
2019-03-04,602.58,609.32
2019-03-05,602.87,608.5
2019-03-06,603.97,610.37
2019-03-07,605.74,611.11
2019-03-08,605.89,611.39
2019-03-09,604.45,610.76
2019-03-10,604.45,610.76
2019-03-11,604.45,610.76
2019-03-12,602.37,608.21
2019-03-13,601.13,607.25
2019-03-14,599.23,604.75
2019-03-15,596.83,601.76
2019-03-16,594.28,600.62
2019-03-17,594.28,600.62
2019-03-18,594.28,600.62
2019-03-19,592.67,598.73
2019-03-20,592.09,600.39
2019-03-21,597.7,603.16
2019-03-22,598.76,605.23
2019-03-23,604.62,612.61
2019-03-24,604.62,612.61
2019-03-25,604.62,612.61
2019-03-26,604.5,610.54
2019-03-27,601.65,608.14
2019-03-28,600.64,606.75
2019-03-29,598.41,603.85
2019-03-30,596.04,602.36
2019-03-31,596.04,602.36
2019-04-01,596.04,602.36
2019-04-02,595.0,602.74
2019-04-03,597.18,605.49
2019-04-04,602.41,608.93
2019-04-05,604.31,609.46
2019-04-06,601.99,608.58
2019-04-07,601.99,608.58
2019-04-08,601.99,608.58
2019-04-09,601.42,607.96
2019-04-10,599.82,605.3
2019-04-11,598.67,603.7
2019-04-12,598.67,603.7
2019-04-13,596.34,602.69
2019-04-14,596.34,602.69
2019-04-15,596.34,602.69
2019-04-16,595.01,600.73
2019-04-17,592.91,598.79
2019-04-18,592.5,598.63
2019-04-19,592.5,598.63
2019-04-20,592.5,598.63
2019-04-21,592.5,598.63
2019-04-22,592.5,598.63
2019-04-23,593.76,601.24
2019-04-24,596.66,603.51
2019-04-25,598.81,605.24
2019-04-26,597.0,603.05
2019-04-27,594.26,599.75
2019-04-28,594.26,599.75
2019-04-29,594.26,599.75
2019-04-30,592.98,599.09
2019-05-01,592.27,598.9
2019-05-02,592.27,598.9
2019-05-03,593.09,599.48
2019-05-04,591.37,598.34
2019-05-05,591.37,598.34
2019-05-06,591.37,598.34
2019-05-07,591.14,598.76
2019-05-08,591.57,599.1
2019-05-09,591.88,597.82
2019-05-10,592.28,598.45
2019-05-11,591.91,597.68
2019-05-12,591.91,597.68
2019-05-13,591.91,597.68
2019-05-14,590.86,596.5
2019-05-15,588.8,594.57
2019-05-16,586.7,592.66
2019-05-17,584.48,591.45
2019-05-18,584.01,590.91
2019-05-19,584.01,590.91
2019-05-20,584.01,590.91
2019-05-21,584.57,591.28
2019-05-22,584.47,591.09
2019-05-23,587.46,593.71
2019-05-24,587.89,594.03
2019-05-25,588.41,594.97
2019-05-26,588.41,594.97
2019-05-27,588.41,594.97
2019-05-28,587.93,594.51
2019-05-29,587.05,592.86
2019-05-30,585.97,591.24
2019-05-31,584.11,590.54
2019-06-01,583.49,591.03
2019-06-02,583.49,591.03
2019-06-03,583.49,591.03
2019-06-04,583.91,591.07
2019-06-05,585.32,593.65
2019-06-06,589.38,594.5
2019-06-07,589.42,596.5
2019-06-08,588.66,595.4
2019-06-09,588.66,595.4
2019-06-10,588.66,595.4
2019-06-11,586.02,592.68
2019-06-12,584.85,591.39
2019-06-13,586.62,589.59
2019-06-14,582.59,588.52
2019-06-15,581.13,588.89
2019-06-16,581.13,588.89
2019-06-17,581.13,588.89
2019-06-18,580.66,587.86
2019-06-19,580.8,587.43
2019-06-20,581.92,589.16
2019-06-21,581.65,587.95
2019-06-22,581.72,588.06
2019-06-23,581.72,588.06
2019-06-24,581.72,588.06
2019-06-25,581.18,587.81
2019-06-26,580.76,587.13
2019-06-27,578.98,586.31
2019-06-28,578.35,585.45
2019-06-29,576.72,583.64
2019-06-30,576.72,583.64
2019-07-01,576.72,583.64
2019-07-02,574.89,583.23
2019-07-03,576.49,583.31
2019-07-04,578.17,585.17
2019-07-05,579.32,585.83
2019-07-06,578.21,585.77
2019-07-07,578.21,585.77
2019-07-08,578.21,585.77
2019-07-09,578.34,585.53
2019-07-10,579.47,585.5
2019-07-11,579.1,584.18
2019-07-12,578.21,584.05
2019-07-13,575.32,582.11
2019-07-14,575.32,582.11
2019-07-15,575.32,582.11
2019-07-16,572.15,578.39
2019-07-17,571.58,577.89
2019-07-18,572.27,578.31
2019-07-19,571.81,578.78
2019-07-20,570.73,577.37
2019-07-21,570.73,577.37
2019-07-22,570.73,577.37
2019-07-23,569.91,576.82
2019-07-24,570.44,575.97
2019-07-25,570.31,575.69
2019-07-26,570.31,575.69
2019-07-27,568.86,574.94
2019-07-28,568.86,574.94
2019-07-29,568.86,574.94
2019-07-30,567.5,573.97
2019-07-31,567.11,573.46
2019-08-01,566.52,572.26
2019-08-02,566.6,573.55
2019-08-03,566.6,573.55
2019-08-04,566.6,573.55
2019-08-05,566.6,573.55
2019-08-06,565.44,573.27
2019-08-07,565.2,573.18
2019-08-08,566.95,573.32
2019-08-09,567.31,573.53
2019-08-10,567.34,574.07
2019-08-11,567.34,574.07
2019-08-12,567.34,574.07
2019-08-13,567.07,573.62
2019-08-14,566.6,572.43
2019-08-15,565.42,571.3
2019-08-16,565.42,571.3
2019-08-17,563.82,570.46
2019-08-18,563.82,570.46
2019-08-19,563.82,570.46
2019-08-20,562.23,569.92
2019-08-21,561.39,568.07
2019-08-22,561.75,568.45
2019-08-23,562.94,569.53
2019-08-24,563.07,570.2
2019-08-25,563.07,570.2
2019-08-26,563.07,570.2
2019-08-27,562.87,570.17
2019-08-28,563.95,570.03
2019-08-29,565.17,570.99
2019-08-30,566.45,572.89
2019-08-31,567.66,575.16
2019-09-01,567.66,575.16
2019-09-02,567.66,575.16
2019-09-03,568.57,577.15
2019-09-04,573.02,579.59
2019-09-05,574.08,580.82
2019-09-06,576.2,582.67
2019-09-07,575.05,581.13
2019-09-08,575.05,581.13
2019-09-09,575.05,581.13
2019-09-10,573.58,579.79
2019-09-11,571.93,577.96
2019-09-12,571.18,577.28
2019-09-13,572.08,578.83
2019-09-14,572.43,579.66
2019-09-15,572.43,579.66
2019-09-16,572.43,579.66
2019-09-17,572.98,580.49
2019-09-18,574.73,580.77
2019-09-19,574.83,582.0
2019-09-20,576.05,583.55
2019-09-21,576.71,583.86
2019-09-22,576.71,583.86
2019-09-23,576.71,583.86
2019-09-24,578.31,585.06
2019-09-25,579.57,585.84
2019-09-26,578.67,585.43
2019-09-27,578.99,584.74
2019-09-28,577.93,583.88
2019-09-29,577.93,583.88
2019-09-30,577.93,583.88
2019-10-01,576.58,583.46
2019-10-02,576.29,583.23
2019-10-03,577.82,585.11
2019-10-04,579.41,585.76
2019-10-05,578.1,585.88
2019-10-06,578.1,585.88
2019-10-07,578.1,585.88
2019-10-08,577.42,585.11
2019-10-09,578.1,584.46
2019-10-10,578.5,583.98
2019-10-11,578.28,583.69
2019-10-12,576.37,583.57
2019-10-13,576.37,583.57
2019-10-14,576.37,583.57
2019-10-15,574.86,581.85
2019-10-16,574.45,580.84
2019-10-17,576.41,582.42
2019-10-18,575.95,582.66
2019-10-19,577.13,583.79
2019-10-20,577.13,583.79
2019-10-21,577.13,583.79
2019-10-22,578.93,585.42
2019-10-23,577.82,585.88
2019-10-24,579.2,586.0
2019-10-25,581.49,586.66
2019-10-26,579.25,585.91
2019-10-27,579.25,585.91
2019-10-28,579.25,585.91
2019-10-29,578.1,584.91
2019-10-30,579.36,585.31
2019-10-31,579.86,585.39
2019-11-01,581.05,585.89
2019-11-02,580.34,587.5
2019-11-03,580.34,587.5
2019-11-04,580.34,587.5
2019-11-05,578.86,587.75
2019-11-06,581.08,587.94
2019-11-07,581.66,588.06
2019-11-08,581.61,586.18
2019-11-09,579.76,586.21
2019-11-10,579.76,586.21
2019-11-11,579.76,586.21
2019-11-12,578.69,585.86
2019-11-13,577.98,584.69
2019-11-14,577.49,583.26
2019-11-15,576.19,582.36
2019-11-16,573.76,579.99
2019-11-17,573.76,579.99
2019-11-18,573.76,579.99
2019-11-19,570.97,578.48
2019-11-20,569.76,576.44
2019-11-21,569.74,576.71
2019-11-22,568.17,573.72
2019-11-23,565.43,571.8
2019-11-24,565.43,571.8
2019-11-25,565.43,571.8
2019-11-26,562.54,571.23
2019-11-27,561.57,567.77
2019-11-28,560.45,566.37
2019-11-29,559.83,566.56
2019-11-30,558.9,565.89
2019-12-01,558.9,565.89
2019-12-02,558.9,565.89
2019-12-03,560.22,567.65
2019-12-04,563.53,572.01
2019-12-05,563.99,571.81
2019-12-06,566.91,573.19
2019-12-07,565.08,572.22
2019-12-08,565.08,572.22
2019-12-09,565.08,572.22
2019-12-10,565.59,572.08
2019-12-11,567.59,573.52
2019-12-12,567.6,574.59
2019-12-13,566.61,572.52
2019-12-14,563.73,570.76
2019-12-15,563.73,570.76
2019-12-16,563.73,570.76
2019-12-17,562.33,570.05
2019-12-18,562.52,569.16
2019-12-19,563.65,569.29
2019-12-20,562.52,569.89
2019-12-21,563.21,569.57
2019-12-22,563.21,569.57
2019-12-23,563.21,569.57
2019-12-24,564.72,571.81
2019-12-25,568.49,574.93
2019-12-26,568.49,574.93
2019-12-27,569.34,575.66
2019-12-28,569.93,575.56
2019-12-29,569.93,575.56
2019-12-30,569.93,575.56
2019-12-31,570.09,576.49
2020-01-01,570.09,576.49
2020-01-02,570.09,576.49
2020-01-03,569.5,576.3
2020-01-04,569.37,576.24
2020-01-05,569.37,576.24
2020-01-06,569.37,576.24
2020-01-07,567.47,576.37
2020-01-08,569.58,576.72
2020-01-09,569.47,576.74
2020-01-10,569.84,576.49
2020-01-11,568.61,575.93
2020-01-12,568.61,575.93
2020-01-13,568.61,575.93
2020-01-14,566.59,573.34
2020-01-15,565.82,572.01
2020-01-16,564.67,570.74
2020-01-17,563.37,569.43
2020-01-18,561.47,568.43
2020-01-19,561.47,568.43
2020-01-20,561.47,568.43
2020-01-21,561.54,568.42
2020-01-22,563.46,570.32
2020-01-23,565.35,572.03
2020-01-24,567.19,573.61
2020-01-25,566.44,573.51
2020-01-26,566.44,573.51
2020-01-27,566.44,573.51
2020-01-28,565.53,573.13
2020-01-29,566.55,572.64
2020-01-30,567.26,573.08
2020-01-31,567.06,573.36
2020-02-01,566.38,573.61
2020-02-02,566.38,573.61
2020-02-03,566.38,573.61
2020-02-04,567.47,576.12
2020-02-05,571.5,578.69
2020-02-06,572.7,578.64
2020-02-07,572.69,579.34
2020-02-08,570.4,577.83
2020-02-09,570.4,577.83
2020-02-10,570.4,577.83
2020-02-11,568.5,576.3
2020-02-12,568.17,574.43
2020-02-13,566.8,572.52
2020-02-14,565.61,571.22
2020-02-15,563.98,570.33
2020-02-16,563.98,570.33
2020-02-17,563.98,570.33
2020-02-18,564.12,571.63
2020-02-19,566.03,573.02
2020-02-20,567.06,574.93
2020-02-21,569.08,575.34
2020-02-22,569.46,575.93
2020-02-23,569.46,575.93
2020-02-24,569.46,575.93
2020-02-25,568.77,575.03
2020-02-26,568.63,574.68
2020-02-27,567.15,572.68
2020-02-28,565.84,571.54
2020-02-29,565.87,572.33
2020-03-01,565.87,572.33
2020-03-02,565.87,572.33
2020-03-03,566.37,574.39
2020-03-04,569.08,576.37
2020-03-05,569.61,578.08
2020-03-06,569.7,576.57
2020-03-07,566.21,573.35
2020-03-08,566.21,573.35
2020-03-09,566.21,573.35
2020-03-10,565.13,572.37
2020-03-11,564.57,570.25
2020-03-12,561.7,567.42
2020-03-13,562.21,568.0
2020-03-14,560.66,567.68
2020-03-15,560.66,567.68
2020-03-16,560.66,567.68
2020-03-17,560.75,568.32
2020-03-18,563.22,568.7
2020-03-19,563.38,569.74
2020-03-20,564.8,570.64
2020-03-21,565.64,573.56
2020-03-22,565.64,573.56
2020-03-23,565.64,573.56
2020-03-24,569.54,576.98
2020-03-25,572.33,579.7
2020-03-26,575.42,582.05
2020-03-27,577.33,583.83
2020-03-28,577.9,585.5
2020-03-29,577.9,585.5
2020-03-30,577.9,585.5
2020-03-31,579.5,587.37
2020-04-01,577.1,583.71
2020-04-02,573.19,580.08
2020-04-03,570.94,577.96
2020-04-04,567.3,575.49
2020-04-05,567.3,575.49
2020-04-06,567.3,575.49
2020-04-07,568.25,574.45
2020-04-08,568.55,575.12
2020-04-09,568.55,575.12
2020-04-10,568.55,575.12
2020-04-11,568.55,575.12
2020-04-12,568.55,575.12
2020-04-13,568.55,575.12
2020-04-14,566.35,573.07
2020-04-15,564.13,569.29
2020-04-16,561.28,567.52
2020-04-17,559.65,565.54
2020-04-18,558.99,565.11
2020-04-19,558.99,565.11
2020-04-20,558.99,565.11
2020-04-21,562.97,569.18
2020-04-22,564.29,571.9
2020-04-23,564.68,571.09
2020-04-24,564.38,569.03
2020-04-25,562.93,570.07
2020-04-26,562.93,570.07
2020-04-27,562.93,570.07
2020-04-28,563.35,569.75
2020-04-29,564.88,571.09
2020-04-30,564.42,571.46
2020-05-01,565.24,571.92
2020-05-02,565.24,571.92
2020-05-03,565.24,571.92
2020-05-04,565.24,571.92
2020-05-05,564.81,572.42
2020-05-06,565.57,572.7
2020-05-07,565.04,571.91
2020-05-08,565.82,571.97
2020-05-09,565.3,572.03
2020-05-10,565.3,572.03
2020-05-11,565.3,572.03
2020-05-12,565.48,572.35
2020-05-13,566.32,571.6
2020-05-14,566.43,571.82
2020-05-15,566.13,571.76
2020-05-16,565.48,572.39
2020-05-17,565.48,572.39
2020-05-18,565.48,572.39
2020-05-19,566.57,573.39
2020-05-20,567.07,574.5
2020-05-21,567.67,574.72
2020-05-22,566.87,574.0
2020-05-23,566.57,573.68
2020-05-24,566.57,573.68
2020-05-25,566.57,573.68
2020-05-26,568.19,574.07
2020-05-27,567.62,575.0
2020-05-28,570.64,575.2
2020-05-29,569.46,576.11
2020-05-30,570.22,576.93
2020-05-31,570.22,576.93
2020-06-01,570.22,576.93
2020-06-02,571.29,579.35
2020-06-03,573.19,581.02
2020-06-04,574.66,582.02
2020-06-05,573.68,582.45
2020-06-06,574.99,582.87
2020-06-07,574.99,582.87
2020-06-08,574.99,582.87
2020-06-09,575.7,583.72
2020-06-10,577.25,584.02
2020-06-11,576.9,583.14
2020-06-12,574.5,580.61
2020-06-13,571.42,578.83
2020-06-14,571.42,578.83
2020-06-15,571.42,578.83
2020-06-16,571.04,577.88
2020-06-17,571.33,577.79
2020-06-18,573.23,579.18
2020-06-19,574.26,579.62
2020-06-20,570.26,579.72
2020-06-21,570.26,579.72
2020-06-22,570.26,579.72
2020-06-23,574.06,580.13
2020-06-24,573.31,580.86
2020-06-25,576.33,582.26
2020-06-26,576.83,582.92
2020-06-27,577.49,583.67
2020-06-28,577.49,583.67
2020-06-29,577.49,583.67
2020-06-30,577.51,583.49
2020-07-01,579.01,584.96
2020-07-02,579.27,586.23
2020-07-03,577.06,586.21
2020-07-04,577.65,585.34
2020-07-05,577.65,585.34
2020-07-06,577.65,585.34
2020-07-07,577.51,585.79
2020-07-08,578.08,585.19
2020-07-09,579.2,584.96
2020-07-10,578.26,585.19
2020-07-11,579.0,584.65
2020-07-12,579.0,584.65
2020-07-13,579.0,584.65
2020-07-14,577.84,584.55
2020-07-15,577.5,583.46
2020-07-16,578.74,582.86
2020-07-17,578.91,584.16
2020-07-18,578.7,584.52
2020-07-19,578.7,584.52
2020-07-20,578.7,584.52
2020-07-21,576.47,584.94
2020-07-22,576.73,585.21
2020-07-23,579.78,585.62
2020-07-24,579.6,586.01
2020-07-25,579.69,586.27
2020-07-26,579.69,586.27
2020-07-27,579.69,586.27
2020-07-28,579.69,586.27
2020-07-29,580.49,586.9
2020-07-30,580.51,586.91
2020-07-31,582.15,588.33
2020-08-01,582.41,590.74
2020-08-02,582.41,590.74
2020-08-03,582.41,590.74
2020-08-04,584.23,592.22
2020-08-05,586.65,594.44
2020-08-06,588.12,595.21
2020-08-07,588.7,596.17
2020-08-08,588.22,595.91
2020-08-09,588.22,595.91
2020-08-10,588.22,595.91
2020-08-11,590.69,598.21
2020-08-12,592.54,599.13
2020-08-13,594.48,600.11
2020-08-14,592.81,598.23
2020-08-15,591.44,598.28
2020-08-16,591.44,598.28
2020-08-17,591.44,598.28
2020-08-18,591.44,598.28
2020-08-19,591.38,597.97
2020-08-20,591.69,597.82
2020-08-21,588.34,596.42
2020-08-22,588.38,595.58
2020-08-23,588.38,595.58
2020-08-24,588.38,595.58
2020-08-25,588.04,596.93
2020-08-26,591.52,597.21
2020-08-27,591.61,598.31
2020-08-28,591.43,597.66
2020-08-29,590.21,598.0
2020-08-30,590.21,598.0
2020-08-31,590.21,598.0
2020-09-01,592.02,598.03
2020-09-02,593.12,599.44
2020-09-03,593.21,600.18
2020-09-04,594.1,600.8
2020-09-05,595.36,600.52
2020-09-06,595.36,600.52
2020-09-07,595.36,600.52
2020-09-08,594.61,601.42
2020-09-09,592.96,601.59
2020-09-10,595.7,600.5
2020-09-11,592.43,599.08
2020-09-12,590.92,597.43
2020-09-13,590.92,597.43
2020-09-14,590.92,597.43
2020-09-15,590.92,597.43
2020-09-16,591.9,598.32
2020-09-17,593.8,599.47
2020-09-18,594.8,599.86
2020-09-19,594.93,601.51
2020-09-20,594.93,601.51
2020-09-21,594.93,601.51
2020-09-22,595.02,602.45
2020-09-23,596.9,603.17
2020-09-24,596.58,604.16
2020-09-25,598.25,604.1
2020-09-26,598.65,604.47
2020-09-27,598.65,604.47
2020-09-28,598.65,604.47
2020-09-29,599.38,606.1
2020-09-30,600.45,606.68
2020-10-01,601.71,607.93
2020-10-02,599.16,605.8
2020-10-03,597.16,604.9
2020-10-04,597.16,604.9
2020-10-05,597.16,604.9
2020-10-06,597.97,603.93
2020-10-07,599.1,605.69
2020-10-08,598.82,605.55
2020-10-09,599.55,605.34
2020-10-10,597.61,605.19
2020-10-11,597.61,605.19
2020-10-12,597.61,605.19
2020-10-13,598.44,605.38
2020-10-14,599.36,605.69
2020-10-15,600.71,606.24
2020-10-16,599.66,605.75
2020-10-17,599.53,605.24
2020-10-18,599.53,605.24
2020-10-19,599.53,605.24
2020-10-20,599.14,605.6
2020-10-21,598.03,606.11
2020-10-22,599.2,606.95
2020-10-23,600.03,606.91
2020-10-24,602.67,608.12
2020-10-25,602.67,608.12
2020-10-26,602.67,608.12
2020-10-27,603.01,609.42
2020-10-28,603.06,610.86
2020-10-29,605.45,611.93
2020-10-30,604.91,611.79
2020-10-31,604.74,612.92
2020-11-01,604.74,612.92
2020-11-02,604.74,612.92
2020-11-03,605.74,614.07
2020-11-04,607.11,614.55
2020-11-05,606.63,614.28
2020-11-06,608.5,615.24
2020-11-07,608.06,615.48
2020-11-08,608.06,615.48
2020-11-09,608.06,615.48
2020-11-10,609.19,616.41
2020-11-11,608.9,616.58
2020-11-12,610.85,616.32
2020-11-13,609.39,614.28
2020-11-14,606.51,613.41
2020-11-15,606.51,613.41
2020-11-16,606.51,613.41
2020-11-17,605.21,612.02
2020-11-18,604.11,610.62
2020-11-19,603.72,609.46
2020-11-20,601.1,605.99
2020-11-21,597.0,603.63
2020-11-22,597.0,603.63
2020-11-23,597.0,603.63
2020-11-24,596.95,602.44
2020-11-25,595.48,603.54
2020-11-26,597.87,605.66
2020-11-27,602.49,608.4
2020-11-28,600.18,608.79
2020-11-29,600.18,608.79
2020-11-30,600.18,608.79
2020-12-01,600.18,608.79
2020-12-02,600.64,607.76
2020-12-03,597.99,605.34
2020-12-04,597.41,603.25
2020-12-05,598.08,602.63
2020-12-06,598.08,602.63
2020-12-07,598.08,602.63
2020-12-08,598.79,604.67
2020-12-09,599.47,606.12
2020-12-10,602.72,608.06
2020-12-11,603.18,609.1
2020-12-12,602.82,609.91
2020-12-13,602.82,609.91
2020-12-14,602.82,609.91
2020-12-15,603.56,609.91
2020-12-16,601.52,608.84
2020-12-17,601.37,608.5
2020-12-18,602.4,608.45
2020-12-19,602.48,609.79
2020-12-20,602.48,609.79
2020-12-21,602.48,609.79
2020-12-22,604.69,611.54
2020-12-23,605.46,612.86
2020-12-24,605.25,612.62
2020-12-25,607.32,613.13
2020-12-26,607.32,613.13
2020-12-27,607.32,613.13
2020-12-28,607.32,613.13
2020-12-29,606.28,614.17
2020-12-30,609.43,616.86
2020-12-31,610.53,617.3
2021-01-01,610.53,617.3
2021-01-02,610.53,617.3
2021-01-03,610.53,617.3
2021-01-04,610.53,617.3
2021-01-05,609.0,616.51
2021-01-06,609.24,616.06
2021-01-07,611.6,617.25
2021-01-08,611.63,617.78
2021-01-09,609.74,617.8
2021-01-10,609.74,617.8
2021-01-11,609.74,617.8
2021-01-12,608.21,617.2
2021-01-13,608.6,615.88
2021-01-14,606.86,612.75
2021-01-15,605.03,611.12
2021-01-16,604.92,611.74
2021-01-17,604.92,611.74
2021-01-18,604.92,611.74
2021-01-19,606.58,612.02
2021-01-20,606.13,612.89
2021-01-21,606.5,613.69
2021-01-22,608.07,614.06
2021-01-23,606.29,614.59
2021-01-24,606.29,614.59
2021-01-25,606.29,614.59
2021-01-26,609.98,614.92
2021-01-27,610.29,615.55
2021-01-28,609.55,615.98
2021-01-29,609.68,616.01
2021-01-30,608.93,616.16
2021-01-31,608.93,616.16
2021-02-01,608.93,616.16
2021-02-02,609.17,616.09
2021-02-03,609.74,616.68
2021-02-04,609.59,615.43
2021-02-05,608.72,614.48
2021-02-06,606.48,613.94
2021-02-07,606.48,613.94
2021-02-08,606.48,613.94
2021-02-09,608.07,614.73
2021-02-10,608.77,614.55
2021-02-11,607.81,614.13
2021-02-12,607.33,612.89
2021-02-13,605.67,612.63
2021-02-14,605.67,612.63
2021-02-15,605.67,612.63
2021-02-16,605.12,613.03
2021-02-17,608.82,613.8
2021-02-18,607.99,615.34
2021-02-19,608.17,614.6
2021-02-20,606.37,614.11
2021-02-21,606.37,614.11
2021-02-22,606.37,614.11
2021-02-23,606.57,614.1
2021-02-24,607.13,613.56
2021-02-25,606.91,614.26
2021-02-26,609.26,615.08
2021-02-27,610.09,615.84
2021-02-28,610.09,615.84
2021-03-01,610.09,615.84
2021-03-02,609.54,616.48
2021-03-03,610.08,615.81
2021-03-04,607.96,615.43
2021-03-05,607.96,615.08
2021-03-06,607.19,614.22
2021-03-07,607.19,614.22
2021-03-08,607.19,614.22
2021-03-09,607.37,613.27
2021-03-10,605.24,613.18
2021-03-11,606.63,612.27
2021-03-12,606.71,612.54
2021-03-13,606.62,612.82
2021-03-14,606.62,612.82
2021-03-15,606.62,612.82
2021-03-16,606.0,612.66
2021-03-17,607.8,612.89
2021-03-18,607.43,613.58
2021-03-19,607.84,612.89
2021-03-20,606.13,613.28
2021-03-21,606.13,613.28
2021-03-22,606.13,613.28
2021-03-23,605.14,613.78
2021-03-24,608.24,614.15
2021-03-25,609.81,615.43
2021-03-26,609.35,615.66
2021-03-27,608.55,616.33
2021-03-28,608.55,616.33
2021-03-29,608.55,616.33
2021-03-30,607.45,616.24
2021-03-31,610.29,615.81
2021-04-01,608.16,615.13
2021-04-02,608.16,615.13
2021-04-03,608.16,615.13
2021-04-04,608.16,615.13
2021-04-05,608.16,615.13
2021-04-06,607.12,615.26
2021-04-07,606.94,614.27
2021-04-08,608.74,614.78
2021-04-09,609.46,614.68
2021-04-10,608.16,615.45
2021-04-11,608.16,615.45
2021-04-12,608.16,615.45
2021-04-13,606.99,616.03
2021-04-14,609.24,615.13
2021-04-15,609.64,615.09
2021-04-16,609.31,615.35
2021-04-17,609.97,615.84
2021-04-18,609.97,615.84
2021-04-19,609.97,615.84
2021-04-20,610.29,615.98
2021-04-21,609.94,616.6
2021-04-22,612.9,617.21
2021-04-23,612.41,618.49
2021-04-24,611.52,619.1
2021-04-25,611.52,619.1
2021-04-26,611.52,619.1
2021-04-27,613.42,619.9
2021-04-28,612.49,620.1
2021-04-29,614.73,621.67
2021-04-30,613.35,619.44
2021-05-01,611.08,616.92
2021-05-02,611.08,616.92
2021-05-03,611.08,616.92
2021-05-04,611.08,616.92
2021-05-05,609.42,617.73
2021-05-06,609.3,618.26
2021-05-07,613.44,618.81
2021-05-08,612.79,618.72
2021-05-09,612.79,618.72
2021-05-10,612.79,618.72
2021-05-11,611.95,618.97
2021-05-12,611.97,618.31
2021-05-13,613.29,618.02
2021-05-14,611.39,617.49
2021-05-15,609.82,616.06
2021-05-16,609.82,616.06
2021-05-17,609.82,616.06
2021-05-18,610.79,617.38
2021-05-19,612.08,619.5
2021-05-20,613.54,619.61
2021-05-21,611.16,620.34
2021-05-22,613.11,620.02
2021-05-23,613.11,620.02
2021-05-24,613.11,620.02
2021-05-25,614.15,620.0
2021-05-26,614.26,619.92
2021-05-27,613.79,621.08
2021-05-28,614.87,620.04
2021-05-29,613.22,620.24
2021-05-30,613.22,620.24
2021-05-31,613.22,620.24
2021-06-01,613.03,621.39
2021-06-02,614.7,621.99
2021-06-03,614.82,621.72
2021-06-04,613.87,620.81
2021-06-05,613.32,620.64
2021-06-06,613.32,620.64
2021-06-07,613.32,620.64
2021-06-08,613.47,621.1
2021-06-09,614.13,621.04
2021-06-10,614.07,621.13
2021-06-11,614.8,620.54
2021-06-12,614.1,620.21
2021-06-13,614.1,620.21
2021-06-14,614.1,620.21
2021-06-15,614.39,619.9
2021-06-16,612.63,618.65
2021-06-17,614.07,619.77
2021-06-18,614.07,620.3
2021-06-19,614.04,621.02
2021-06-20,614.04,621.02
2021-06-21,614.04,621.02
2021-06-22,613.84,621.16
2021-06-23,613.89,621.41
2021-06-24,616.7,622.1
2021-06-25,615.79,621.39
2021-06-26,614.23,620.67
2021-06-27,614.23,620.67
2021-06-28,614.23,620.67
2021-06-29,614.9,621.83
2021-06-30,615.25,621.92
2021-07-01,615.47,621.88
2021-07-02,615.82,622.51
2021-07-03,614.62,621.94
2021-07-04,614.62,621.94
2021-07-05,614.62,621.94
2021-07-06,615.5,621.97
2021-07-07,614.5,622.34
2021-07-08,616.31,623.31
2021-07-09,618.14,623.6
2021-07-10,617.97,623.6
2021-07-11,617.97,623.6
2021-07-12,617.97,623.6
2021-07-13,616.19,622.75
2021-07-14,615.01,621.07
2021-07-15,615.43,620.24
2021-07-16,615.16,621.43
2021-07-17,614.67,621.39
2021-07-18,614.67,621.39
2021-07-19,614.67,621.39
2021-07-20,613.56,621.92
2021-07-21,617.15,621.43
2021-07-22,614.45,620.18
2021-07-23,615.07,621.57
2021-07-24,615.42,621.69
2021-07-25,615.42,621.69
2021-07-26,615.42,621.69
2021-07-27,615.42,621.69
2021-07-28,614.47,622.22
2021-07-29,616.66,623.02
2021-07-30,617.93,623.17
2021-07-31,616.89,622.98
2021-08-01,616.89,622.98
2021-08-02,616.89,622.98
2021-08-03,616.89,622.98
2021-08-04,616.78,623.78
2021-08-05,617.14,623.53
2021-08-06,615.68,623.23
2021-08-07,616.39,623.02
2021-08-08,616.39,623.02
2021-08-09,616.39,623.02
2021-08-10,616.79,624.05
2021-08-11,618.41,623.84
2021-08-12,618.64,624.39
2021-08-13,618.01,623.17
2021-08-14,615.49,622.37
2021-08-15,615.49,622.37
2021-08-16,615.49,622.37
2021-08-17,615.83,622.17
2021-08-18,616.7,622.47
2021-08-19,616.73,622.72
2021-08-20,616.31,622.4
2021-08-21,615.97,622.85
2021-08-22,615.97,622.85
2021-08-23,615.97,622.85
2021-08-24,616.95,623.53
2021-08-25,619.55,624.25
2021-08-26,619.36,625.14
2021-08-27,620.29,625.43
2021-08-28,619.7,625.78
2021-08-29,619.7,625.78
2021-08-30,619.7,625.78
2021-08-31,619.83,626.46
2021-09-01,619.72,627.04
2021-09-02,620.94,627.41
2021-09-03,619.1,627.62
2021-09-04,619.6,627.12
2021-09-05,619.6,627.12
2021-09-06,619.6,627.12
2021-09-07,620.69,627.53
2021-09-08,621.16,627.91
2021-09-09,623.32,629.01
2021-09-10,623.92,630.41
2021-09-11,622.56,628.89
2021-09-12,622.56,628.89
2021-09-13,622.56,628.89
2021-09-14,622.56,628.89
2021-09-15,621.04,627.47
2021-09-16,621.28,627.09
2021-09-17,620.82,627.31
2021-09-18,619.94,626.87
2021-09-19,619.94,626.87
2021-09-20,619.94,626.87
2021-09-21,621.68,627.01
2021-09-22,619.6,627.44
2021-09-23,621.03,628.5
2021-09-24,623.65,628.79
2021-09-25,622.8,628.67
2021-09-26,622.8,628.67
2021-09-27,622.8,628.67
2021-09-28,622.49,628.96
2021-09-29,623.3,629.41
2021-09-30,623.24,629.71
2021-10-01,623.12,630.28
2021-10-02,622.95,629.95
2021-10-03,622.95,629.95
2021-10-04,622.95,629.95
2021-10-05,622.72,629.65
2021-10-06,621.08,629.12
2021-10-07,623.72,630.13
2021-10-08,625.17,630.43
2021-10-09,625.26,631.11
2021-10-10,625.26,631.11
2021-10-11,625.26,631.11
2021-10-12,625.0,631.62
2021-10-13,623.91,631.67
2021-10-14,626.21,631.79
2021-10-15,624.74,632.14
2021-10-16,625.33,631.9
2021-10-17,625.33,631.9
2021-10-18,625.33,631.9
2021-10-19,624.0,631.96
2021-10-20,626.35,632.36
2021-10-21,625.82,632.68
2021-10-22,627.52,633.75
2021-10-23,627.22,634.51
2021-10-24,627.22,634.51
2021-10-25,627.22,634.51
2021-10-26,629.54,635.08
2021-10-27,630.99,636.59
2021-10-28,633.38,640.1
2021-10-29,634.69,641.69
2021-10-30,634.69,641.84
2021-10-31,634.69,641.84
2021-11-01,634.69,641.84
2021-11-02,634.26,642.76
2021-11-03,635.73,642.62
2021-11-04,635.27,643.13
2021-11-05,637.0,643.33
2021-11-06,637.34,643.51
2021-11-07,637.34,643.51
2021-11-08,637.34,643.51
2021-11-09,635.08,644.05
2021-11-10,637.82,644.96
2021-11-11,638.56,644.95
2021-11-12,639.34,645.13
2021-11-13,638.21,645.47
2021-11-14,638.21,645.47
2021-11-15,638.21,645.47
2021-11-16,636.36,643.1
2021-11-17,635.07,641.58
2021-11-18,635.72,642.26
2021-11-19,635.35,641.11
2021-11-20,632.71,640.51
2021-11-21,632.71,640.51
2021-11-22,632.71,640.51
2021-11-23,633.37,640.49
2021-11-24,631.76,639.19
2021-11-25,632.48,638.71
2021-11-26,628.59,633.91
2021-11-27,626.56,632.2
2021-11-28,626.56,632.2
2021-11-29,626.56,632.2
2021-11-30,626.56,632.2
2021-12-01,626.15,632.93
2021-12-02,626.64,633.68
2021-12-03,627.61,634.32
2021-12-04,628.74,636.04
2021-12-05,628.74,636.04
2021-12-06,628.74,636.04
2021-12-07,631.77,638.64
2021-12-08,632.86,641.17
2021-12-09,636.78,642.65
2021-12-10,636.19,642.86
2021-12-11,635.94,641.96
2021-12-12,635.94,641.96
2021-12-13,635.94,641.96
2021-12-14,634.7,641.3
2021-12-15,636.01,642.49
2021-12-16,634.44,642.19
2021-12-17,633.84,640.82
2021-12-18,634.09,640.95
2021-12-19,634.09,640.95
2021-12-20,634.09,640.95
2021-12-21,634.11,642.06
2021-12-22,638.13,645.49
2021-12-23,639.72,646.33
2021-12-24,638.05,645.47
2021-12-25,637.85,643.82
2021-12-26,637.85,643.82
2021-12-27,637.85,643.82
2021-12-28,638.13,644.09
2021-12-29,638.94,644.83
2021-12-30,638.75,644.91
2021-12-31,639.06,645.25
2022-01-01,639.06,645.25
2022-01-02,639.06,645.25
2022-01-03,639.06,645.25
2022-01-04,639.54,645.39
2022-01-05,638.47,644.53
2022-01-06,639.37,644.92
2022-01-07,639.87,644.63
2022-01-08,637.19,644.03
2022-01-09,637.19,644.03
2022-01-10,637.19,644.03
2022-01-11,635.0,643.44
2022-01-12,634.24,640.55
2022-01-13,632.91,637.92
2022-01-14,631.51,636.97
2022-01-15,628.2,636.33
2022-01-16,628.2,636.33
2022-01-17,628.2,636.33
2022-01-18,629.73,636.12
2022-01-19,629.37,635.58
2022-01-20,629.68,635.67
2022-01-21,631.18,637.95
2022-01-22,633.17,640.25
2022-01-23,633.17,640.25
2022-01-24,633.17,640.25
2022-01-25,634.67,643.08
2022-01-26,636.95,644.79
2022-01-27,639.04,645.07
2022-01-28,640.7,645.97
2022-01-29,638.97,646.2
2022-01-30,638.97,646.2
2022-01-31,638.97,646.2
2022-02-01,640.05,646.9
2022-02-02,641.04,648.48
2022-02-03,642.15,648.72
2022-02-04,642.33,647.98
2022-02-05,640.17,647.95
2022-02-06,640.17,647.95
2022-02-07,640.17,647.95
2022-02-08,640.5,647.85
2022-02-09,639.48,647.45
2022-02-10,641.03,647.15
2022-02-11,640.19,646.93
2022-02-12,638.63,644.59
2022-02-13,638.63,644.59
2022-02-14,638.63,644.59
2022-02-15,636.03,642.88
2022-02-16,636.35,642.9
2022-02-17,637.0,642.77
2022-02-18,636.74,642.83
2022-02-19,636.98,642.8
2022-02-20,636.98,642.8
2022-02-21,636.98,642.8
2022-02-22,637.13,644.01
2022-02-23,636.94,644.74
2022-02-24,638.1,644.91
2022-02-25,637.8,646.5
2022-02-26,641.53,647.34
2022-02-27,641.53,647.34
2022-02-28,641.53,647.34
2022-03-01,640.02,647.31
2022-03-02,640.12,647.78
2022-03-03,641.85,648.04
2022-03-04,642.08,649.08
2022-03-05,643.93,651.68
2022-03-06,643.93,651.68
2022-03-07,643.93,651.68
2022-03-08,645.3,653.53
2022-03-09,648.97,655.61
2022-03-10,649.28,656.06
2022-03-11,647.6,654.34
2022-03-12,643.37,650.89
2022-03-13,643.37,650.89
2022-03-14,643.37,650.89
2022-03-15,639.9,645.76
2022-03-16,637.66,644.17
2022-03-17,639.31,645.6
2022-03-18,642.28,648.93
2022-03-19,644.73,651.22
2022-03-20,644.73,651.22
2022-03-21,644.73,651.22
2022-03-22,644.51,653.21
2022-03-23,650.24,655.48
2022-03-24,650.94,658.09
2022-03-25,652.53,659.53
2022-03-26,653.57,661.6
2022-03-27,653.57,661.6
2022-03-28,653.57,661.6
2022-03-29,655.13,663.17
2022-03-30,657.28,664.6
2022-03-31,660.48,667.1
2022-04-01,663.06,668.24
2022-04-02,660.02,667.86
2022-04-03,660.02,667.86
2022-04-04,660.02,667.86
2022-04-05,654.27,663.12
2022-04-06,654.59,661.93
2022-04-07,657.36,662.61
2022-04-08,654.24,661.64
2022-04-09,650.86,657.96
2022-04-10,650.86,657.96
2022-04-11,650.86,657.96
2022-04-12,650.86,657.96
2022-04-13,649.17,656.2
2022-04-14,647.68,656.54
2022-04-15,647.68,656.54
2022-04-16,647.68,656.54
2022-04-17,647.68,656.54
2022-04-18,647.68,656.54
2022-04-28,703.71,706.0
2022-04-29,703.58,705.88
2022-04-30,703.6,705.95
2022-05-01,704.31,705.52
2022-05-02,704.22,706.01
2022-05-03,703.56,706.39
2022-05-04,704.04,705.81
2022-05-05,703.58,705.98
2022-05-06,704.09,706.02
2022-05-07,704.43,705.55
2022-05-08,704.3,706.19
2022-05-09,703.99,706.36
2022-05-10,704.26,706.08
2022-05-11,704.39,706.26
2022-05-12,703.8,705.93
2022-05-13,704.14,705.93
2022-05-14,703.72,706.16
2022-05-15,703.55,705.79
2022-05-16,703.8,706.0
2022-05-17,704.43,706.44
2022-05-18,703.53,705.67
2022-05-19,703.52,705.74
2022-05-20,704.44,705.65
2022-05-21,703.62,705.62
2022-05-22,704.47,706.23
2022-05-23,703.68,705.94
2022-05-24,704.19,705.54
2022-05-25,703.88,706.04
2022-05-26,704.44,706.08
2022-05-27,704.25,706.1
2022-05-28,704.24,706.27
2022-05-29,703.96,706.28
2022-05-30,703.96,706.29
2022-05-31,703.76,706.18
2022-06-01,704.32,705.59
2022-06-02,703.51,705.76
2022-06-03,704.41,705.94
2022-06-04,704.16,706.33
2022-06-05,703.67,706.3
2022-06-06,703.63,706.18
2022-06-07,703.92,705.8
2022-06-08,703.78,705.54
2022-06-09,703.59,705.85
2022-06-10,704.19,706.16
2022-06-11,703.87,706.49
2022-06-12,703.64,706.25
2022-06-13,704.02,706.2
2022-06-14,703.67,706.47
2022-06-15,704.48,706.19
2022-06-16,703.8,706.36
2022-06-17,704.39,706.45
2022-06-18,703.91,706.09
2022-06-19,703.65,706.08
2022-06-20,704.5,706.37
2022-06-21,704.39,706.18
2022-06-22,703.92,706.09
2022-06-23,704.21,706.2
2022-06-24,704.23,705.99
2022-06-25,703.51,706.49
2022-06-26,703.85,705.79
2022-06-27,703.96,706.38
2022-06-28,704.47,705.51
2022-07-01,685.26,693.69
2022-07-02,686.24,693.95
2022-07-03,686.24,693.95
2022-07-04,686.24,693.95
2022-07-05,686.91,694.44
2022-07-06,686.81,694.78
2022-07-07,687.97,695.26
2022-07-08,687.44,694.19
2022-07-09,687.11,692.68
2022-07-10,687.11,692.68
2022-07-11,687.11,692.68
2022-07-12,683.76,690.67
2022-07-13,681.9,688.98
2022-07-14,681.07,687.28
2022-07-15,678.14,684.96
2022-07-16,675.25,683.75
2022-07-17,675.25,683.75
2022-07-18,675.25,683.75
2022-07-19,674.39,681.82
2022-07-20,672.55,678.48
2022-07-21,669.41,676.29
2022-07-22,671.14,676.83
2022-07-23,669.66,675.61
2022-07-24,669.66,675.61
2022-07-25,669.66,675.61
2022-07-26,669.66,675.61
2022-07-27,668.83,675.87
2022-07-28,668.06,675.36
2022-07-29,668.35,675.03
2022-07-30,667.61,675.02
2022-07-31,667.61,675.02
2022-08-01,667.61,675.02
2022-08-02,666.72,674.67
2022-08-03,666.72,674.67
2022-08-04,667.83,674.63
2022-08-05,668.34,673.64
2022-08-06,666.46,674.68
2022-08-07,666.46,674.68
2022-08-08,666.46,674.68
2022-08-09,668.21,675.34
2022-08-10,668.49,675.96
2022-08-11,667.76,676.11
2022-08-12,668.17,675.95
2022-08-13,664.6,670.4
2022-08-14,664.6,670.4
2022-08-15,664.6,670.4
2022-08-16,664.6,670.4
2022-08-17,661.05,667.8
2022-08-18,657.77,664.74
2022-08-19,651.76,659.97
2022-08-20,647.81,655.03
2022-08-21,647.81,655.03
2022-08-22,647.81,655.03
2022-08-23,642.1,650.39
2022-08-24,639.12,645.39
2022-08-25,632.37,639.94
2022-08-26,633.09,639.28
2022-08-27,636.59,643.7
2022-08-28,636.59,643.7
2022-08-29,636.59,643.7
2022-08-30,640.49,649.14
2022-08-31,646.07,653.86
2022-09-01,651.67,661.42
2022-09-02,656.21,663.03
2022-09-03,658.49,665.14
2022-09-04,658.49,665.14
2022-09-05,658.49,665.14
2022-09-06,655.58,664.23
2022-09-07,658.24,663.01
2022-09-08,651.43,660.21
2022-09-09,646.84,654.64
2022-09-10,637.6,647.6
2022-09-11,637.6,647.6
2022-09-12,637.6,647.6
2022-09-13,630.38,640.01
2022-09-14,631.97,639.48
2022-09-15,630.34,637.13
2022-09-16,629.34,636.97
2022-09-17,627.34,636.0
2022-09-18,627.34,636.0
2022-09-19,627.34,636.0
2022-09-20,627.34,636.0
2022-09-21,628.19,636.97
2022-09-22,631.19,637.5
2022-09-23,631.55,638.94
2022-09-24,634.43,640.39
2022-09-25,634.43,640.39
2022-09-26,634.43,640.39
2022-09-27,637.98,641.96
2022-09-28,636.31,641.26
2022-09-29,628.19,636.39
2022-09-30,624.62,632.72
2022-10-01,623.48,631.32
2022-10-02,623.48,631.32
2022-10-03,623.48,631.32
2022-10-04,625.74,631.33
2022-10-05,629.11,635.43
2022-10-06,633.88,640.25
2022-10-07,633.88,642.02
2022-10-08,633.47,639.35
2022-10-09,633.47,639.35
2022-10-10,633.47,639.35
2022-10-11,626.41,635.19
2022-10-12,625.43,631.85
2022-10-13,622.37,628.32
2022-10-14,616.64,624.72
2022-10-15,612.79,621.03
2022-10-16,612.79,621.03
2022-10-17,612.79,621.03
2022-10-18,614.36,619.93
2022-10-19,616.01,623.42
2022-10-20,618.89,624.86
2022-10-21,622.73,628.28
2022-10-22,621.23,629.49
2022-10-23,621.23,629.49
2022-10-24,621.23,629.49
2022-10-25,624.45,630.25
2022-10-26,619.08,629.11
2022-10-27,620.23,626.81
2022-10-28,618.35,625.03
2022-10-29,613.74,622.34
2022-10-30,613.74,622.34
2022-10-31,613.74,622.34
2022-11-01,615.01,620.31
2022-11-02,614.26,622.82
2022-11-03,615.4,625.03
2022-11-04,622.89,628.75
2022-11-05,619.22,628.18
2022-11-06,619.22,628.18
2022-11-07,619.22,628.18
2022-11-08,614.3,622.41
2022-11-09,615.5,620.22
2022-11-10,610.96,617.58
2022-11-11,608.79,614.81
2022-11-12,605.87,615.73
2022-11-13,605.87,615.73
2022-11-14,605.87,615.73
2022-11-15,610.3,617.32
2022-11-16,609.93,616.57
2022-11-17,609.42,616.2
2022-11-18,609.2,615.16
2022-11-19,605.9,611.78
2022-11-20,605.9,611.78
2022-11-21,605.9,611.78
2022-11-22,600.85,611.77
2022-11-23,603.17,612.0
2022-11-24,606.62,611.59
2022-11-25,603.52,610.53
2022-11-26,599.5,606.96
2022-11-27,599.5,606.96
2022-11-28,599.5,606.96
2022-11-29,596.7,602.92
2022-11-30,594.32,602.86
2022-12-01,596.5,604.7
2022-12-02,600.02,607.17
2022-12-03,601.14,609.83
2022-12-04,601.14,609.83
2022-12-05,601.14,609.83
2022-12-06,601.14,609.83
2022-12-07,596.96,604.15
2022-12-08,594.42,601.02
2022-12-09,589.01,595.62
2022-12-10,587.2,593.92
2022-12-11,587.2,593.92
2022-12-12,587.2,593.92
2022-12-13,587.84,596.07
2022-12-14,595.05,602.16
2022-12-15,594.53,601.46
2022-12-16,587.57,595.36
2022-12-17,583.96,593.66
2022-12-18,583.96,593.66
2022-12-19,583.96,593.66
2022-12-20,581.86,591.87
2022-12-21,583.42,591.75
2022-12-22,583.5,590.4
2022-12-23,579.05,588.34
2022-12-24,579.55,587.24
2022-12-25,579.55,587.24
2022-12-26,579.55,587.24
2022-12-27,579.21,587.24
2022-12-28,582.23,590.16
2022-12-29,590.71,596.08
2022-12-30,594.17,601.99
2022-12-31,594.17,601.99
2023-01-01,594.17,601.99
2023-01-02,594.17,601.99
2023-01-03,589.73,597.68
2023-01-04,590.19,596.96
2023-01-05,592.85,598.4
2023-01-06,591.01,597.72
2023-01-07,588.27,595.46
2023-01-08,588.27,595.46
2023-01-09,588.27,595.46
2023-01-10,583.0,592.79
2023-01-11,580.4,587.53
2023-01-12,578.49,586.13
2023-01-13,576.85,583.42
2023-01-14,570.64,578.18
2023-01-15,570.64,578.18
2023-01-16,570.64,578.18
2023-01-17,567.08,574.42
2023-01-18,568.1,572.14
2023-01-19,565.2,572.05
2023-01-20,565.0,570.17
2023-01-21,562.88,569.49
2023-01-22,562.88,569.49
2023-01-23,562.88,569.49
2023-01-24,560.34,567.8
2023-01-25,559.8,567.47
2023-01-26,560.74,566.31
2023-01-27,556.75,563.87
2023-01-28,552.8,559.31
2023-01-29,552.8,559.31
2023-01-30,552.8,559.31
2023-01-31,549.76,557.4
2023-02-01,550.81,558.29
2023-02-02,556.19,562.84
2023-02-03,564.58,570.6
2023-02-04,567.55,576.23
2023-02-05,567.55,576.23
2023-02-06,567.55,576.23
2023-02-07,574.12,581.69
2023-02-08,577.12,586.15
2023-02-09,580.07,586.26
2023-02-10,576.51,583.27
2023-02-11,571.59,579.95
2023-02-12,571.59,579.95
2023-02-13,571.59,579.95
2023-02-14,568.02,576.2
2023-02-15,564.54,571.7
2023-02-16,560.53,568.07
2023-02-17,558.05,564.84
2023-02-18,556.68,563.74
2023-02-19,556.68,563.74
2023-02-20,556.68,563.74
2023-02-21,555.94,562.13
2023-02-22,557.94,563.3
2023-02-23,559.63,566.93
2023-02-24,560.05,565.99
2023-02-25,558.05,565.39
2023-02-26,558.05,565.39
2023-02-27,558.05,565.39
2023-02-28,556.4,564.27
2023-03-01,555.1,562.73
2023-03-02,553.21,562.15
2023-03-03,555.78,561.81
2023-03-04,551.97,559.42
2023-03-05,551.97,559.42
2023-03-06,551.97,559.42
2023-03-07,550.68,557.21
2023-03-08,547.0,554.33
2023-03-09,548.59,554.28
2023-03-10,544.79,552.56
2023-03-11,545.13,552.12
2023-03-12,545.13,552.12
2023-03-13,545.13,552.12
2023-03-14,543.7,550.11
2023-03-15,542.74,550.08
2023-03-16,542.78,549.62
2023-03-17,542.87,549.36
2023-03-18,540.32,547.37
2023-03-19,540.32,547.37
2023-03-20,540.32,547.37
2023-03-21,539.23,546.33
2023-03-22,538.68,545.01
2023-03-23,540.59,545.83
2023-03-24,539.39,546.78
2023-03-25,542.43,547.41
2023-03-26,542.43,547.41
2023-03-27,542.43,547.41
2023-03-28,541.05,547.52
2023-03-29,539.29,546.42
2023-03-30,540.22,546.48
2023-03-31,540.39,545.95
2023-04-01,537.94,545.4
2023-04-02,537.94,545.4
2023-04-03,537.94,545.4
2023-04-04,539.11,545.1
2023-04-05,536.1,543.31
2023-04-06,537.03,544.0
2023-04-07,537.03,544.0
2023-04-08,537.03,544.0
2023-04-09,537.03,544.0
2023-04-10,537.03,544.0
2023-04-11,537.03,544.0
2023-04-12,534.44,541.23
2023-04-13,534.61,541.45
2023-04-14,535.52,540.81
2023-04-15,533.47,540.55
2023-04-16,533.47,540.55
2023-04-17,533.47,540.55
2023-04-18,533.06,539.69
2023-04-19,532.76,538.53
2023-04-20,531.87,537.51
2023-04-21,532.45,537.84
2023-04-22,530.05,537.3
2023-04-23,530.05,537.3
2023-04-24,530.05,537.3
2023-04-25,529.6,536.64
2023-04-26,531.92,537.98
2023-04-27,535.29,542.76
2023-04-28,540.38,547.27
2023-04-29,543.06,550.52
2023-04-30,543.06,550.52
2023-05-01,543.06,550.52
2023-05-02,543.06,550.52
2023-05-03,543.32,549.34
2023-05-04,543.58,548.68
2023-05-05,541.57,548.58
2023-05-06,539.81,546.82
2023-05-07,539.81,546.82
2023-05-08,539.81,546.82
2023-05-09,537.2,544.55
2023-05-10,535.17,541.78
2023-05-11,536.47,541.6
2023-05-12,534.85,541.47
2023-05-13,534.41,541.28
2023-05-14,534.41,541.28
2023-05-15,534.41,541.28
2023-05-16,533.63,540.93
2023-05-17,534.35,539.93
2023-05-18,535.04,541.56
2023-05-19,536.41,542.01
2023-05-20,534.03,542.0
2023-05-21,534.03,542.0
2023-05-22,534.03,542.0
2023-05-23,537.47,543.57
2023-05-24,537.22,543.21
2023-05-25,537.92,543.12
2023-05-26,538.54,545.04
2023-05-27,541.41,546.88
2023-05-28,541.41,546.88
2023-05-29,541.41,546.88
2023-05-30,540.56,547.45
2023-05-31,540.35,546.7
2023-06-01,539.05,546.19
2023-06-02,539.74,545.79
2023-06-03,537.33,545.84
2023-06-04,537.33,545.84
2023-06-05,537.33,545.84
2023-06-06,536.71,544.28
2023-06-07,536.84,543.13
2023-06-08,537.21,544.4
2023-06-09,540.4,546.19
2023-06-10,540.64,547.44
2023-06-11,540.64,547.44
2023-06-12,540.64,547.44
2023-06-13,541.2,548.23
2023-06-14,542.11,547.74
2023-06-15,540.44,546.65
2023-06-16,539.19,545.7
2023-06-17,537.98,545.78
2023-06-18,537.98,545.78
2023-06-19,537.98,545.78
2023-06-20,537.61,545.41
2023-06-21,539.61,545.62
2023-06-22,541.33,546.26
2023-06-23,541.89,546.86
2023-06-24,541.96,547.24
2023-06-25,541.96,547.24
2023-06-26,541.96,547.24
2023-06-27,541.16,547.77
2023-06-28,542.36,549.24
2023-06-29,542.9,549.57
2023-06-30,543.13,549.48
2023-07-01,541.86,549.5
2023-07-02,541.86,549.5
2023-07-03,541.86,549.5
2023-07-04,541.38,549.25
2023-07-05,541.17,548.44
2023-07-06,542.22,549.43
2023-07-07,547.31,553.52
2023-07-08,548.2,555.47
2023-07-09,548.2,555.47
2023-07-10,548.2,555.47
2023-07-11,547.39,556.9
2023-07-12,547.48,552.4
2023-07-13,543.79,549.88
2023-07-14,541.9,547.53
2023-07-15,537.97,545.11
2023-07-16,537.97,545.11
2023-07-17,537.97,545.11
2023-07-18,535.72,542.13
2023-07-19,536.0,542.22
2023-07-20,536.23,541.86
2023-07-21,536.86,541.94
2023-07-22,534.98,542.45
2023-07-23,534.98,542.45
2023-07-24,534.98,542.45
2023-07-25,534.98,542.45
2023-07-26,536.05,542.75
2023-07-27,538.67,545.65
2023-07-28,540.33,548.54
2023-07-29,540.94,548.81
2023-07-30,540.94,548.81
2023-07-31,540.94,548.81
2023-08-01,540.52,549.0
2023-08-02,542.86,547.1
2023-08-03,542.86,547.1
2023-08-04,540.92,545.98
2023-08-05,538.86,544.82
2023-08-06,538.86,544.82
2023-08-07,538.86,544.82
2023-08-08,538.62,544.74
2023-08-09,534.76,542.35
2023-08-10,534.77,540.84
2023-08-11,533.13,540.01
2023-08-12,534.2,540.63
2023-08-13,534.2,540.63
2023-08-14,534.2,540.63
2023-08-15,534.2,540.63
2023-08-16,532.47,540.85
2023-08-17,532.45,537.41
2023-08-18,531.39,538.4
2023-08-19,533.8,539.97
2023-08-20,533.8,539.97
2023-08-21,533.8,539.97
2023-08-22,535.62,542.31
2023-08-23,536.22,543.63
2023-08-24,539.9,544.61
2023-08-25,539.55,544.99
2023-08-26,538.38,544.49
2023-08-27,538.38,544.49
2023-08-28,538.38,544.49
2023-08-29,537.53,544.01
2023-08-30,535.97,541.94
2023-08-31,533.9,540.49
2023-09-01,532.97,539.75
2023-09-02,534.16,539.77
2023-09-03,534.16,539.77
2023-09-04,534.16,539.77
2023-09-05,532.04,541.46
2023-09-06,533.59,539.96
2023-09-07,533.8,540.28
2023-09-08,533.76,540.63
2023-09-09,535.5,542.11
2023-09-10,535.5,542.11
2023-09-11,535.5,542.11
2023-09-12,534.81,541.68
2023-09-13,532.79,538.52
2023-09-14,531.17,535.56
2023-09-15,527.76,534.71
2023-09-16,527.76,534.71
2023-09-17,527.76,534.71
2023-09-18,527.76,534.71
2023-09-19,528.7,535.34
2023-09-20,530.36,536.55
2023-09-21,533.27,539.73
2023-09-22,536.53,541.85
2023-09-23,538.05,543.6
2023-09-24,538.05,543.6
2023-09-25,538.05,543.6
2023-09-26,535.29,540.72
2023-09-27,532.11,536.63
2023-09-28,530.84,535.62
2023-09-29,531.62,538.69
2023-09-30,534.47,542.35
2023-10-01,534.47,542.35
2023-10-02,534.47,542.35
2023-10-03,533.49,540.31
2023-10-04,530.99,537.49
2023-10-05,532.55,538.91
2023-10-06,534.28,539.37
2023-10-07,534.6,540.57
2023-10-08,534.6,540.57
2023-10-09,534.6,540.57
2023-10-10,533.61,540.06
2023-10-11,532.41,538.76
2023-10-12,530.09,536.6
2023-10-13,528.02,534.52
2023-10-14,527.19,534.39
2023-10-15,527.19,534.39
2023-10-16,527.19,534.39
2023-10-17,527.8,535.02
2023-10-18,527.88,534.65
2023-10-19,531.0,536.28
2023-10-20,530.71,536.83
2023-10-21,532.03,537.14
2023-10-22,532.03,537.14
2023-10-23,532.03,537.14
2023-10-24,529.19,535.89
2023-10-25,527.84,536.35
2023-10-26,531.56,535.8
2023-10-27,530.7,536.4
2023-10-28,530.58,535.84
2023-10-29,530.58,535.84
2023-10-30,530.58,535.84
2023-10-31,530.13,536.88
2023-11-01,531.72,536.25
2023-11-02,530.49,536.77
2023-11-03,532.13,538.07
2023-11-04,531.59,539.25
2023-11-05,531.59,539.25
2023-11-06,531.59,539.25
2023-11-07,530.88,537.37
2023-11-08,529.45,537.12
2023-11-09,530.1,536.38
2023-11-10,530.32,536.64
2023-11-11,529.38,535.81
2023-11-12,529.38,535.81
2023-11-13,529.38,535.81
2023-11-14,528.58,534.93
2023-11-15,528.54,534.61
2023-11-16,529.78,535.16
2023-11-17,531.02,536.27
2023-11-18,531.11,535.82
2023-11-19,531.11,535.82
2023-11-20,531.11,535.82
2023-11-21,529.0,534.97
2023-11-22,528.22,534.93
2023-11-23,527.78,534.7
2023-11-24,529.98,535.02
2023-11-25,529.57,533.88
2023-11-26,529.57,533.88
2023-11-27,529.57,533.88
2023-11-28,526.5,534.53
2023-11-29,528.37,533.34
2023-11-30,528.36,534.1
2023-12-01,530.32,537.44
2023-12-02,530.32,537.44
2023-12-03,530.32,537.44
2023-12-04,530.32,537.44
2023-12-05,528.22,535.86
2023-12-06,525.71,533.23
2023-12-07,528.07,532.94
2023-12-08,526.83,532.24
2023-12-09,526.96,533.11
2023-12-10,526.96,533.11
2023-12-11,526.96,533.11
2023-12-12,526.24,531.63
2023-12-13,523.91,531.41
2023-12-14,525.0,530.4
2023-12-15,522.31,529.03
2023-12-16,521.38,528.33
2023-12-17,521.38,528.33
2023-12-18,521.38,528.33
2023-12-19,521.11,527.95
2023-12-20,520.83,526.73
2023-12-21,521.02,527.01
2023-12-22,520.08,525.8
2023-12-23,519.74,526.18
2023-12-24,519.74,526.18
2023-12-25,519.74,526.18
2023-12-26,519.74,526.18
2023-12-27,519.03,524.85
2023-12-28,518.13,524.88
2023-12-29,519.21,526.88
2023-12-30,519.21,526.88
2023-12-31,519.21,526.88
2024-01-01,519.21,526.88
2024-01-02,519.21,526.88
2024-01-03,518.92,525.68
2024-01-04,518.01,524.65
2024-01-05,516.88,523.83
2024-01-06,516.09,524.73
2024-01-07,516.09,524.73
2024-01-08,516.09,524.73
2024-01-09,519.96,525.27
2024-01-10,520.35,524.94
2024-01-11,518.06,524.97
2024-01-12,516.97,523.15
2024-01-13,516.07,523.3
2024-01-14,516.07,523.3
2024-01-15,516.07,523.3
2024-01-16,515.6,521.13
2024-01-17,512.54,519.39
2024-01-18,514.07,520.16
2024-01-19,514.51,519.23
2024-01-20,513.55,519.36
2024-01-21,513.55,519.36
2024-01-22,513.55,519.36
2024-01-23,511.81,518.32
2024-01-24,512.68,517.72
2024-01-25,511.15,517.5
2024-01-26,511.01,517.07
2024-01-27,512.09,516.86
2024-01-28,512.09,516.86
2024-01-29,512.09,516.86
2024-01-30,510.56,517.68
2024-01-31,513.02,519.79
2024-02-01,514.33,520.78
2024-02-02,512.57,520.2
2024-02-03,514.32,520.89
2024-02-04,514.32,520.89
2024-02-05,514.32,520.89
2024-02-06,514.1,521.79
2024-02-07,514.61,521.74
2024-02-08,516.13,520.82
2024-02-09,514.52,521.14
2024-02-10,515.17,521.38
2024-02-11,515.17,521.38
2024-02-12,515.17,521.38
2024-02-13,514.59,520.68
2024-02-14,514.8,520.45
2024-02-15,514.85,520.81
2024-02-16,513.47,519.51
2024-02-17,511.1,518.28
2024-02-18,511.1,518.28
2024-02-19,511.1,518.28
2024-02-20,511.41,517.41
2024-02-21,510.73,516.82
2024-02-22,511.78,517.73
2024-02-23,512.61,517.48
2024-02-24,511.27,517.96
2024-02-25,511.27,517.96
2024-02-26,511.27,517.96
2024-02-27,513.24,517.93
2024-02-28,512.05,517.14
2024-02-29,509.87,516.34
2024-03-01,509.84,517.49
2024-03-02,509.75,518.15
2024-03-03,509.75,518.15
2024-03-04,509.75,518.15
2024-03-05,509.76,515.95
2024-03-06,509.71,515.07
2024-03-07,508.65,513.76
2024-03-08,507.33,512.99
2024-03-09,506.33,512.51
2024-03-10,506.33,512.51
2024-03-11,506.33,512.51
2024-03-12,504.92,511.45
2024-03-13,504.1,510.75
2024-03-14,503.92,509.98
2024-03-15,503.53,509.43
2024-03-16,501.37,507.89
2024-03-17,501.37,507.89
2024-03-18,501.37,507.89
2024-03-19,499.72,505.8
2024-03-20,500.67,505.74
2024-03-21,499.86,505.84
2024-03-22,500.92,505.97
2024-03-23,499.42,505.68
2024-03-24,499.42,505.68
2024-03-25,499.42,505.68
2024-03-26,500.89,505.36
2024-03-27,499.32,505.99
2024-03-28,499.39,506.6
2024-03-29,499.39,506.6
2024-03-30,499.39,506.6
2024-03-31,499.39,506.6
2024-04-01,499.39,506.6
2024-04-02,497.74,505.73
2024-04-03,497.7,504.75
2024-04-04,499.76,505.99
2024-04-05,500.28,506.51
2024-04-06,498.51,507.03
2024-04-07,498.51,507.03
2024-04-08,498.51,507.03
2024-04-09,499.47,505.46
2024-04-10,499.75,504.42
2024-04-11,497.23,504.11
2024-04-12,498.23,504.34
2024-04-13,497.76,504.3
2024-04-14,497.76,504.3
2024-04-15,497.76,504.3
2024-04-16,497.76,504.3
2024-04-17,497.97,503.52
2024-04-18,497.92,504.11
2024-04-19,499.09,504.07
2024-04-20,497.44,503.7
2024-04-21,497.44,503.7
2024-04-22,497.44,503.7
2024-04-23,498.77,502.86
2024-04-24,498.48,504.43
2024-04-25,499.6,505.01
2024-04-26,499.75,504.88
2024-04-27,498.75,505.18
2024-04-28,498.75,505.18
2024-04-29,498.75,505.18
2024-04-30,500.86,507.71
2024-05-01,503.11,510.49
2024-05-02,503.11,510.49
2024-05-03,504.8,511.4
2024-05-04,503.94,511.51
2024-05-05,503.94,511.51
2024-05-06,503.94,511.51
2024-05-07,504.53,512.28
2024-05-08,506.22,512.64
2024-05-09,506.91,513.78
2024-05-10,508.04,513.95
2024-05-11,508.13,514.66
2024-05-12,508.13,514.66
2024-05-13,508.13,514.66
2024-05-14,508.32,514.3
2024-05-15,505.91,512.7
2024-05-16,505.84,511.92
2024-05-17,505.52,511.39
2024-05-18,505.39,512.59
2024-05-19,505.39,512.59
2024-05-20,505.39,512.59
2024-05-21,507.6,513.21
2024-05-22,510.56,514.73
2024-05-23,509.42,516.36
2024-05-24,512.37,518.25
2024-05-25,514.76,520.3
2024-05-26,514.76,520.3
2024-05-27,514.76,520.3
2024-05-28,515.37,522.78
2024-05-29,521.5,525.05
2024-05-30,520.35,527.11
2024-05-31,522.66,528.55
2024-06-01,523.86,532.0
2024-06-02,523.86,532.0
2024-06-03,523.86,532.0
2024-06-04,526.48,534.55
2024-06-05,526.48,532.62
2024-06-06,525.5,531.96
2024-06-07,527.52,532.61
2024-06-08,526.98,534.84
2024-06-09,526.98,534.84
2024-06-10,526.98,534.84
2024-06-11,528.36,535.4
2024-06-12,522.92,530.09
2024-06-13,521.73,527.98
2024-06-14,520.47,527.0
2024-06-15,517.99,526.12
2024-06-16,517.99,526.12
2024-06-17,517.99,526.12
2024-06-18,518.25,522.25
2024-06-19,515.23,521.65
2024-06-20,514.75,521.86
2024-06-21,518.39,523.65
2024-06-22,520.31,526.72
2024-06-23,520.31,526.72
2024-06-24,520.31,526.72
2024-06-25,522.54,527.62
2024-06-26,520.56,525.04
2024-06-27,519.19,526.85
2024-06-28,525.09,528.8
2024-06-29,523.42,530.41
2024-06-30,523.42,530.41
2024-07-01,523.42,530.41
2024-07-02,520.8,529.51
2024-07-03,523.47,529.43
2024-07-04,523.9,529.09
2024-07-05,525.46,531.39
2024-07-06,528.02,534.95
2024-07-07,528.02,534.95
2024-07-08,528.02,534.95
2024-07-09,527.21,534.29
2024-07-10,526.12,529.11
2024-07-11,521.82,527.52
2024-07-12,519.45,525.93
2024-07-13,518.62,527.06
2024-07-14,518.62,527.06
2024-07-15,518.62,527.06
2024-07-16,520.87,526.06
2024-07-17,519.65,525.84
2024-07-18,520.23,525.82
2024-07-19,522.54,527.79
2024-07-20,525.53,531.35
2024-07-21,525.53,531.35
2024-07-22,525.53,531.35
2024-07-23,525.6,531.05
2024-07-24,523.4,529.68
2024-07-25,522.41,527.85
2024-07-26,522.41,527.85
2024-07-27,523.18,527.73
2024-07-28,523.18,527.73
2024-07-29,523.18,527.73
2024-07-30,522.02,527.18
2024-07-31,521.33,527.61
2024-08-01,519.64,525.72
2024-08-02,520.64,526.18
2024-08-03,520.64,526.18
2024-08-04,520.64,526.18
2024-08-05,520.64,526.18
2024-08-06,519.9,526.38
2024-08-07,518.21,526.14
2024-08-08,523.55,529.11
2024-08-09,526.22,531.96
2024-08-10,525.72,531.94
2024-08-11,525.72,531.94
2024-08-12,525.72,531.94
2024-08-13,523.71,529.87
2024-08-14,519.76,525.94
2024-08-15,516.62,523.09
2024-08-16,516.62,523.09
2024-08-17,515.6,521.48
2024-08-18,515.6,521.48
2024-08-19,515.6,521.48
2024-08-20,515.08,521.47
2024-08-21,516.97,523.65
2024-08-22,520.41,524.97
2024-08-23,520.91,524.72
2024-08-24,521.56,527.09
2024-08-25,521.56,527.09
2024-08-26,521.56,527.09
2024-08-27,521.06,526.38
2024-08-28,517.76,522.79
2024-08-29,515.95,521.9
2024-08-30,515.75,521.72
2024-08-31,516.58,521.66
2024-09-01,516.58,521.66
2024-09-02,516.58,521.66
2024-09-03,512.77,521.47
2024-09-04,515.48,521.14
2024-09-05,515.73,522.46
2024-09-06,519.29,524.77
2024-09-07,518.6,524.64
2024-09-08,518.6,524.64
2024-09-09,518.6,524.64
2024-09-10,516.38,521.71
2024-09-11,514.63,521.64
2024-09-12,514.88,519.7
2024-09-13,514.75,520.5
2024-09-14,514.79,522.64
2024-09-15,514.79,522.64
2024-09-16,514.79,522.64
2024-09-17,514.21,519.79
2024-09-18,514.96,520.29
2024-09-19,515.21,521.68
2024-09-20,515.66,522.13
2024-09-21,515.85,521.31
2024-09-22,515.85,521.31
2024-09-23,515.85,521.31
2024-09-24,516.5,521.75
2024-09-25,514.54,521.28
2024-09-26,516.64,521.12
2024-09-27,516.65,521.44
2024-09-28,516.86,522.87
2024-09-29,516.86,522.87
2024-09-30,516.86,522.87
2024-10-01,515.05,521.69
2024-10-02,512.68,520.71
2024-10-03,516.23,520.58
2024-10-04,515.56,521.89
2024-10-05,517.71,522.37
2024-10-06,517.71,522.37
2024-10-07,517.71,522.37
2024-10-08,515.16,521.5
2024-10-09,513.26,519.38
2024-10-10,513.71,519.17
2024-10-11,514.27,518.8
2024-10-12,512.34,517.94
2024-10-13,512.34,517.94
2024-10-14,512.34,517.94
2024-10-15,511.11,517.75
2024-10-16,511.2,518.06
2024-10-17,511.58,517.31
2024-10-18,510.85,517.0
2024-10-19,511.15,517.26
2024-10-20,511.15,517.26
2024-10-21,511.15,517.26
2024-10-22,513.2,517.44
2024-10-23,512.44,518.8
2024-10-24,512.18,518.21
2024-10-25,513.13,517.0
2024-10-26,510.08,517.48
2024-10-27,510.08,517.48
2024-10-28,510.08,517.48
2024-10-29,510.23,516.56
2024-10-30,509.29,515.51
2024-10-31,509.26,515.61
2024-11-01,510.14,515.48
2024-11-02,508.27,516.36
2024-11-03,508.27,516.36
2024-11-04,508.27,516.36
2024-11-05,509.62,515.05
2024-11-06,508.74,514.36
2024-11-07,508.42,513.47
2024-11-08,509.07,514.56
2024-11-09,508.67,516.4
2024-11-10,508.67,516.4
2024-11-11,508.67,516.4
2024-11-12,507.32,514.76
2024-11-13,507.76,513.45
2024-11-14,505.84,512.27
2024-11-15,506.21,511.85
2024-11-19,505.57,511.03
2024-11-20,505.25,510.38
2024-11-21,506.29,511.54
2024-11-22,507.96,513.54
2024-11-23,507.9,513.78
2024-11-24,507.9,513.78
2024-11-25,507.9,513.78
2024-11-26,507.64,512.33
2024-11-27,507.65,513.42
2024-11-28,506.55,513.17
2024-11-29,504.56,511.86
2024-11-30,504.56,511.54
2024-12-01,504.56,511.54
2024-12-02,504.56,511.54
2024-12-03,504.05,510.71
2024-12-04,503.9,508.35
2024-12-05,504.1,508.64
2024-12-06,500.66,507.09
2024-12-07,501.77,507.78
2024-12-08,501.77,507.78
2024-12-09,501.77,507.78
2024-12-10,498.71,506.59
2024-12-11,500.65,506.75
2024-12-12,501.02,506.69
2024-12-13,501.82,507.66
2024-12-14,500.27,507.33
2024-12-15,500.27,507.33
2024-12-16,500.27,507.33
2024-12-17,500.21,505.79
2024-12-18,499.84,506.35
2024-12-19,501.48,507.5
2024-12-20,504.2,510.32
2024-12-21,504.67,509.95
2024-12-22,504.67,509.95
2024-12-23,504.67,509.95
2024-12-24,503.72,509.57
2024-12-25,503.63,510.05
2024-12-26,503.63,510.05
2024-12-27,504.65,511.9
2024-12-28,506.0,512.75
2024-12-29,506.0,512.75
2024-12-30,506.0,512.75
2024-12-31,506.66,512.73
2025-01-01,506.66,512.73
2025-01-02,506.66,512.73
2025-01-03,506.98,513.23
2025-01-04,505.06,511.93
2025-01-05,505.06,511.93
2025-01-06,505.06,511.93
2025-01-07,505.59,510.95
2025-01-08,504.39,509.63
2025-01-09,503.03,508.45
2025-01-10,502.21,507.37
2025-01-11,500.91,507.18
2025-01-12,500.91,507.18
2025-01-13,500.91,507.18
2025-01-14,499.42,506.96
2025-01-15,498.85,505.0
2025-01-16,498.21,504.27
2025-01-17,498.66,505.52
2025-01-18,499.3,506.23
2025-01-19,499.3,506.23
2025-01-20,499.3,506.23
2025-01-21,499.82,506.58
2025-01-22,501.55,506.87
2025-01-23,501.52,507.25
2025-01-24,502.36,507.52
2025-01-25,503.83,509.42
2025-01-26,503.83,509.42
2025-01-27,503.83,509.42
2025-01-28,504.21,510.37
2025-01-29,504.33,509.26
2025-01-30,501.39,509.28
2025-01-31,506.41,510.66
2025-02-01,502.98,511.38
2025-02-02,502.98,511.38
2025-02-03,502.98,511.38
2025-02-04,504.34,510.99
2025-02-05,505.82,511.14
2025-02-06,506.63,511.48
2025-02-07,506.35,511.34
2025-02-08,505.73,511.67
2025-02-09,505.73,511.67
2025-02-10,505.73,511.67
2025-02-11,502.98,510.76
2025-02-12,503.99,510.14
2025-02-13,503.96,509.92
2025-02-14,503.07,508.98
2025-02-15,503.51,509.5
2025-02-16,503.51,509.5
2025-02-17,503.51,509.5
2025-02-18,502.74,508.18
2025-02-19,503.24,508.54
2025-02-20,502.02,507.83
2025-02-21,503.26,508.61
2025-02-22,503.9,508.9
2025-02-23,503.9,508.9
2025-02-24,503.9,508.9
2025-02-25,502.66,508.42
2025-02-26,503.06,509.18
2025-02-27,504.39,509.28
2025-02-28,502.97,508.72
2025-03-01,500.38,508.15
2025-03-02,500.38,508.15
2025-03-03,500.38,508.15
2025-03-04,499.26,506.27
2025-03-05,501.16,507.54
2025-03-06,502.56,508.52
2025-03-07,501.64,507.42
2025-03-08,499.65,508.44
2025-03-09,499.65,508.44
2025-03-10,499.65,508.44
2025-03-11,499.06,506.04
2025-03-12,496.4,503.71
2025-03-13,496.52,502.55
2025-03-14,496.32,502.07
2025-03-15,495.64,501.96
2025-03-16,495.64,501.96
2025-03-17,495.64,501.96
2025-03-18,495.85,501.6
2025-03-19,495.26,501.68
2025-03-20,496.76,501.74
2025-03-21,496.93,503.04
2025-03-22,497.49,502.76
2025-03-23,497.49,502.76
2025-03-24,497.49,502.76
2025-03-25,495.47,501.79
2025-03-26,496.38,501.15
2025-03-27,496.66,501.88
2025-03-28,497.33,502.95
2025-03-29,497.07,504.21
2025-03-30,497.07,504.21
2025-03-31,497.07,504.21
2025-04-01,496.27,504.07
2025-04-02,499.01,505.82
2025-04-03,501.38,506.3
2025-04-04,503.42,508.27
2025-04-05,503.88,510.91
2025-04-06,503.88,510.91
2025-04-07,503.88,510.91
2025-04-08,506.81,511.19
2025-04-09,505.26,512.14
2025-04-10,505.27,512.07
2025-04-11,503.43,510.17
2025-04-12,503.43,510.17
2025-04-13,503.43,510.17
2025-04-14,503.43,510.17
2025-04-15,502.36,508.21
2025-04-16,499.18,506.74
2025-04-17,498.68,506.48
2025-04-18,498.68,506.48
2025-04-19,498.68,506.48
2025-04-20,498.68,506.48
2025-04-21,498.68,506.48
2025-04-22,500.3,505.22
2025-04-23,500.11,505.68
2025-04-24,500.84,507.34
2025-04-25,503.9,508.52
2025-04-26,502.5,508.96
2025-04-27,502.5,508.96
2025-04-28,502.5,508.96
2025-04-29,502.6,508.4
2025-04-30,502.24,508.0
2025-05-01,502.68,508.67
2025-05-02,502.68,508.67
2025-05-03,501.95,509.57
2025-05-04,501.95,509.57
2025-05-05,501.95,509.57
2025-05-06,502.99,508.82
2025-05-07,505.16,510.43
2025-05-08,505.65,510.86
2025-05-09,506.0,510.6
2025-05-10,501.96,510.76
2025-05-11,501.96,510.76
2025-05-12,501.96,510.76
2025-05-13,503.5,509.64
2025-05-14,502.75,508.35
2025-05-15,502.1,507.48
2025-05-16,499.93,506.43
2025-05-17,499.87,506.41
2025-05-18,499.87,506.41
2025-05-19,499.87,506.41
2025-05-20,499.63,505.96
2025-05-21,502.58,507.18
2025-05-22,504.3,509.05
2025-05-23,506.81,510.58
2025-05-24,504.94,511.06
2025-05-25,504.94,511.06
2025-05-26,504.94,511.06
2025-05-27,504.02,510.92
2025-05-28,506.74,511.07
2025-05-29,505.51,511.22
2025-05-30,504.25,509.9
2025-05-31,502.81,509.94
2025-06-01,502.81,509.94
2025-06-02,502.81,509.94
2025-06-03,502.91,509.33
2025-06-04,505.69,510.67
2025-06-05,504.44,512.02
2025-06-06,507.2,511.84
2025-06-07,505.57,510.68
2025-06-08,505.57,510.68
2025-06-09,505.57,510.68
2025-06-10,503.01,509.32
2025-06-11,501.4,508.46
2025-06-12,500.61,505.81
2025-06-13,499.85,505.64
2025-06-14,499.22,505.28
2025-06-15,499.22,505.28
2025-06-16,499.22,505.28
2025-06-17,499.75,505.4
2025-06-18,500.36,506.27
2025-06-19,502.88,507.95
2025-06-20,503.34,509.2
2025-06-21,504.76,510.37
2025-06-22,504.76,510.37
2025-06-23,504.76,510.37
2025-06-24,504.47,510.35
2025-06-25,503.34,508.2
2025-06-26,503.57,507.19
2025-06-27,502.01,507.73
2025-06-28,502.0,508.28
2025-06-29,502.0,508.28
2025-06-30,502.0,508.28
2025-07-01,502.25,508.85
2025-07-02,502.42,507.92
2025-07-03,502.65,507.6
2025-07-04,501.94,507.31
2025-07-05,501.13,508.24
2025-07-06,501.13,508.24
2025-07-07,501.13,508.24
2025-07-08,501.88,506.68
2025-07-09,500.2,505.82
2025-07-10,500.42,506.64
2025-07-11,501.73,508.03
2025-07-12,501.77,507.22
2025-07-13,501.77,507.22
2025-07-14,501.77,507.22
2025-07-15,499.43,505.78
2025-07-16,500.26,505.22
2025-07-17,500.23,506.27
2025-07-18,500.87,506.17
2025-07-19,499.51,506.08
2025-07-20,499.51,506.08
2025-07-21,499.51,506.08
2025-07-22,500.17,506.11
2025-07-23,502.95,506.4
2025-07-24,501.78,507.83
2025-07-25,505.06,507.78
2025-07-26,505.06,507.78
2025-07-27,505.06,507.78
2025-07-28,505.06,507.78
2025-07-29,502.11,508.75
2025-07-30,503.26,508.81
2025-07-31,502.69,508.35
2025-08-01,502.67,508.57
2025-08-02,502.36,509.73
2025-08-03,502.36,509.73
2025-08-04,502.36,509.73
2025-08-05,501.52,509.03
2025-08-06,501.86,508.86
2025-08-07,505.3,509.54
2025-08-08,504.06,509.47
2025-08-09,502.37,508.87
2025-08-10,502.37,508.87
2025-08-11,502.37,508.87
2025-08-12,499.8,508.07
2025-08-13,502.71,507.49
2025-08-14,501.85,507.08
2025-08-15,499.98,506.21
2025-08-16,499.98,506.21
2025-08-17,499.98,506.21
2025-08-18,499.98,506.21
2025-08-19,500.69,505.9
2025-08-20,500.74,506.88
2025-08-21,502.14,506.47
2025-08-22,500.05,505.01
2025-08-23,499.14,505.72
2025-08-24,499.14,505.72
2025-08-25,499.14,505.72
2025-08-26,500.49,506.84
2025-08-27,503.72,507.88
2025-08-28,503.13,508.18
2025-08-29,502.78,508.23
2025-08-30,502.99,509.25
2025-08-31,502.99,509.25
2025-09-01,502.99,509.25
2025-09-02,501.66,509.04
2025-09-03,505.44,510.27
2025-09-04,505.64,510.01
2025-09-05,505.54,509.85
2025-09-06,503.19,509.6
2025-09-07,503.19,509.6
2025-09-08,503.19,509.6
2025-09-09,502.46,508.7
2025-09-10,499.83,507.03
2025-09-11,502.15,507.47
2025-09-12,501.17,506.6
2025-09-13,500.32,506.98
2025-09-14,500.32,506.98
2025-09-15,500.32,506.98
2025-09-16,500.32,506.98
2025-09-17,500.05,506.53
2025-09-18,500.99,506.26
2025-09-19,500.15,506.21
2025-09-20,500.51,506.52
2025-09-21,500.51,506.52
2025-09-22,500.51,506.52
2025-09-23,500.43,506.39
2025-09-24,502.0,506.42
2025-09-25,502.62,507.52
2025-09-26,502.76,506.38
2025-09-27,499.99,506.33
2025-09-28,499.99,506.33
2025-09-29,499.99,506.33
2025-09-30,498.65,506.0
2025-10-01,500.27,506.87
2025-10-02,501.2,506.56
2025-10-03,501.02,507.65
2025-10-04,500.57,507.98
2025-10-05,500.57,507.98
2025-10-06,500.57,507.98
2025-10-07,502.57,508.22
2025-10-08,501.8,508.46
2025-10-09,501.05,506.84
2025-10-10,499.97,506.35
2025-10-11,501.78,506.99
2025-10-12,501.78,506.99
2025-10-13,501.78,506.99
2025-10-14,501.29,507.31
2025-10-15,501.41,505.55
2025-10-16,499.31,504.9
2025-10-17,498.56,504.84
2025-10-18,499.3,504.94
2025-10-19,499.3,504.94
2025-10-20,499.3,504.94
2025-10-21,499.97,505.3
2025-10-22,500.63,505.94
2025-10-23,499.84,506.5
2025-10-24,500.01,504.96
2025-10-25,498.96,504.06
2025-10-26,498.96,504.06
2025-10-27,498.96,504.06
2025-10-28,498.5,503.85
2025-10-29,498.89,504.58
2025-10-30,499.46,505.03
2025-10-31,498.19,504.44
2025-11-01,498.37,504.73
2025-11-02,498.37,504.73
2025-11-03,498.37,504.73
2025-11-04,498.44,504.69
2025-11-05,501.34,505.44
2025-11-06,501.81,505.87
2025-11-07,501.13,506.38
2025-11-08,500.11,505.46
2025-11-09,500.11,505.46
2025-11-10,500.11,505.46
2025-11-11,499.33,504.88
2025-11-12,499.46,505.39
2025-11-13,499.01,503.92
2025-11-14,497.62,502.57
2025-11-15,496.11,501.38
2025-11-16,496.11,501.38
2025-11-17,496.11,501.38
2025-11-18,495.68,501.83
2025-11-19,495.92,501.83
2025-11-20,496.64,502.16
2025-11-21,495.84,502.34
2025-11-22,496.39,501.6
2025-11-23,496.39,501.6
2025-11-24,496.39,501.6
2025-11-25,496.07,499.82
2025-11-26,492.55,498.4
2025-11-27,493.11,497.9
2025-11-28,490.19,496.59
2025-11-29,488.55,496.39
2025-11-30,488.55,496.39
2025-12-01,488.55,496.39
2025-12-02,488.55,496.39
2025-12-03,489.96,494.36
2025-12-04,487.73,492.91
2025-12-05,486.23,490.78
2025-12-06,485.15,491.54
2025-12-07,485.15,491.54
2025-12-08,485.15,491.54
2025-12-09,485.23,492.57
2025-12-10,489.52,495.26
2025-12-11,495.29,501.76
2025-12-12,496.49,502.14
2025-12-13,494.34,500.49
2025-12-14,494.34,500.49
2025-12-15,494.34,500.49
2025-12-16,492.63,498.48
2025-12-17,491.47,498.03
2025-12-18,493.35,498.51
2025-12-19,494.31,497.59
2025-12-20,492.46,498.05
2025-12-21,492.46,498.05
2025-12-22,492.46,498.05
2025-12-23,490.8,498.19
2025-12-24,494.02,499.78
2025-12-25,495.21,501.93
2025-12-26,495.21,501.93
2025-12-27,495.13,500.27
2025-12-28,495.13,500.27
2025-12-29,495.13,500.27
2025-12-30,495.43,501.08
2025-12-31,495.78,501.42
2026-01-01,495.78,501.42
2026-01-02,495.78,501.42
2026-01-03,496.08,502.64
2026-01-04,496.08,502.64
2026-01-05,496.08,502.64
2026-01-06,495.4,500.4
2026-01-07,495.22,500.57
2026-01-08,495.01,500.15
2026-01-09,494.4,500.23
2026-01-10,495.1,501.15
2026-01-11,495.1,501.15
2026-01-12,495.1,501.15
2026-01-13,493.74,499.84
2026-01-14,492.3,496.82
2026-01-15,488.19,495.38
2026-01-16,485.91,491.51
2026-01-17,484.38,490.28
2026-01-18,484.38,490.28
2026-01-19,484.38,490.28
2026-01-20,484.41,490.87
2026-01-21,487.01,492.44
2026-01-22,488.57,494.27
2026-01-23,492.59,497.49
2026-01-24,496.46,500.22
2026-01-25,496.46,500.22
2026-01-26,496.46,500.22
2026-01-27,494.45,500.8
2026-01-28,493.54,496.41
2026-01-29,489.72,496.55
2026-01-30,491.7,497.46
2026-01-31,492.32,499.37
2026-02-01,492.32,499.37
2026-02-02,492.32,499.37
2026-02-03,491.23,498.16
2026-02-04,491.92,497.72
2026-02-05,493.86,498.93
2026-02-06,491.24,496.18
2026-02-07,488.9,496.44
2026-02-08,488.9,496.44
2026-02-09,488.9,496.44
2026-02-10,488.23,494.9
2026-02-11,486.37,492.84
2026-02-12,484.66,490.28
2026-02-13,482.29,487.69
2026-02-14,478.72,485.72
2026-02-15,478.72,485.72
2026-02-21,775.76,777.67
2026-02-22,776.08,778.08
2026-02-23,776.09,778.3
2026-02-24,775.8,777.71
2026-02-25,776.44,778.46
2026-02-26,776.31,777.72
2026-02-27,775.55,778.11
2026-02-28,775.8,778.34
2026-03-01,775.86,777.65
2026-03-02,776.42,778.15
2026-03-03,775.72,778.03
2026-03-04,776.11,777.96
2026-03-05,776.29,778.18
2026-03-06,776.29,777.92
2026-03-07,776.4,777.88
2026-03-08,776.18,778.01
2026-03-09,776.23,778.37
2026-03-10,775.9,777.91
2026-03-11,775.89,778.41
2026-03-12,776.01,777.56
2026-03-13,776.14,777.65
2026-03-14,776.07,777.76
2026-03-15,776.39,777.7
2026-03-16,775.62,778.03
2026-03-17,776.08,778.34
2026-03-18,775.73,777.6
2026-03-19,776.14,778.24
2026-03-20,775.57,778.0
2026-03-21,775.98,778.1
2026-03-22,775.87,777.66
2026-03-23,776.01,778.15
2026-04-10,460.35,465.34
2026-04-11,458.94,465.15
