producto,precioFinal,fechaPublicacion
Gasolina RON 95,633.0,2026-03-13
Gasolina RON 91,607.0,2026-03-13
Gasolina RON 91 (pescadores),,2026-03-13
Diésel para uso automotriz de 50 ppm de azufre,530.0,2026-03-13
Diésel uso automotriz 50 ppm azufre (pescadores),,2026-03-13
Diésel marino,,2026-03-13
Keroseno,478.0,2026-03-13
Bunker,,2026-03-13
Bunker Térmico ICE,,2026-03-13
Bunker Térmico ICE 2,,2026-03-13
IFO 380,,2026-03-13
Asfalto PG-64-22,,2026-03-13
Diésel pesado o gasóleo,,2026-03-13
Emulsión asfáltica rápida (RR),,2026-03-13
Emulsión asfáltica lenta (RL),,2026-03-13
LPG (70-30),242.0,2026-03-13
LPG (rico en propano),390.0,2026-03-13
Av-Gas,859.0,2026-03-13
Jet fuel A,516.0,2026-03-13
Nafta pesada,,2026-03-13
Gasolina RON 95,628.0,2026-02-11
Gasolina RON 91,593.0,2026-02-11
Gasolina RON 91 (pescadores),,2026-02-11
Diésel para uso automotriz de 50 ppm de azufre,513.0,2026-02-11
Diésel uso automotriz 50 ppm azufre (pescadores),,2026-02-11
Diésel marino,,2026-02-11
Keroseno,446.0,2026-02-11
Bunker,,2026-02-11
Bunker Térmico ICE,,2026-02-11
Bunker Térmico ICE 2,,2026-02-11
IFO 380,,2026-02-11
Asfalto PG-64-22,,2026-02-11
Diésel pesado o gasóleo,,2026-02-11
Emulsión asfáltica rápida (RR),,2026-02-11
Emulsión asfáltica lenta (RL),,2026-02-11
LPG (70-30),242.0,2026-02-11
LPG (rico en propano),390.0,2026-02-11
Av-Gas,867.0,2026-02-11
Jet fuel A,484.0,2026-02-11
Nafta pesada,,2026-02-11
Gasolina RON 95,626.0,2026-02-04
Gasolina RON 91,591.0,2026-02-04
Gasolina RON 91 (pescadores),,2026-02-04
Diésel para uso automotriz de 50 ppm de azufre,512.0,2026-02-04
Diésel uso automotriz 50 ppm azufre (pescadores),,2026-02-04
Diésel marino,,2026-02-04
Keroseno,445.0,2026-02-04
Bunker,,2026-02-04
Bunker Térmico ICE,,2026-02-04
Bunker Térmico ICE 2,,2026-02-04
IFO 380,,2026-02-04
Asfalto PG-64-22,,2026-02-04
Diésel pesado o gasóleo,,2026-02-04
Emulsión asfáltica rápida (RR),,2026-02-04
Emulsión asfáltica lenta (RL),,2026-02-04
LPG (70-30),242.0,2026-02-04
LPG (rico en propano),390.0,2026-02-04
Av-Gas,865.0,2026-02-04
Jet fuel A,483.0,2026-02-04
Nafta pesada,,2026-02-04
Gasolina RON 95,636.0,2026-01-21
Gasolina RON 91,609.0,2026-01-21
Gasolina RON 91 (pescadores),,2026-01-21
Diésel para uso automotriz de 50 ppm de azufre,541.0,2026-01-21
Diésel uso automotriz 50 ppm azufre (pescadores),,2026-01-21
Diésel marino,,2026-01-21
Keroseno,470.0,2026-01-21
Bunker,,2026-01-21
Bunker Térmico ICE,,2026-01-21
Bunker Térmico ICE 2,,2026-01-21
IFO 380,,2026-01-21
Asfalto PG-64-22,,2026-01-21
Diésel pesado o gasóleo,,2026-01-21
Emulsión asfáltica rápida (RR),,2026-01-21
Emulsión asfáltica lenta (RL),,2026-01-21
LPG (70-30),246.0,2026-01-21
LPG (rico en propano),390.0,2026-01-21
Av-Gas,873.0,2026-01-21
Jet fuel A,508.0,2026-01-21
Nafta pesada,,2026-01-21
Gasolina RON 95,639.0,2025-12-31
Gasolina RON 91,632.0,2025-12-31
Gasolina RON 91 (pescadores),,2025-12-31
Diésel para uso automotriz de 50 ppm de azufre,549.0,2025-12-31
Diésel uso automotriz 50 ppm azufre (pescadores),,2025-12-31
Diésel marino,,2025-12-31
Keroseno,483.0,2025-12-31
Bunker,,2025-12-31
Bunker Térmico ICE,,2025-12-31
Bunker Térmico ICE 2,,2025-12-31
IFO 380,,2025-12-31
Asfalto PG-64-22,,2025-12-31
Diésel pesado o gasóleo,,2025-12-31
Emulsión asfáltica rápida (RR),,2025-12-31
Emulsión asfáltica lenta (RL),,2025-12-31
LPG (70-30),244.0,2025-12-31
LPG (rico en propano),390.0,2025-12-31
Av-Gas,874.0,2025-12-31
Jet fuel A,521.0,2025-12-31
Nafta pesada,,2025-12-31
Gasolina RON 95,643.0,2025-12-09
Gasolina RON 91,635.0,2025-12-09
Gasolina RON 91 (pescadores),,2025-12-09
Diésel para uso automotriz de 50 ppm de azufre,557.0,2025-12-09
Diésel uso automotriz 50 ppm azufre (pescadores),,2025-12-09
Diésel marino,,2025-12-09
Keroseno,493.0,2025-12-09
Bunker,,2025-12-09
Bunker Térmico ICE,,2025-12-09
Bunker Térmico ICE 2,,2025-12-09
IFO 380,,2025-12-09
Asfalto AC-30,,2025-12-09
Asfalto PG-64-22,,2025-12-09
Asfalto AC-10,,2025-12-09
Diésel pesado o gasóleo,,2025-12-09
Emulsión asfáltica rápida (RR),,2025-12-09
Emulsión asfáltica lenta (RL),,2025-12-09
LPG (70-30),244.0,2025-12-09
LPG (rico en propano),390.0,2025-12-09
Av-Gas,895.0,2025-12-09
Jet fuel A-1,530.0,2025-12-09
Jet fuel A,545.0,2025-12-09
Nafta pesada,,2025-12-09
Gasolina RON 95,677.0,2025-11-10
Gasolina RON 91,662.0,2025-11-10
Diésel para uso automotriz de 50 ppm de azufre,556.0,2025-11-10
Keroseno,484.0,2025-11-10
LPG (70-30),253.0,2025-11-10
Av-Gas,929.0,2025-11-10
Jet fuel A-1,532.0,2025-11-10
Jet fuel A,537.0,2025-11-10
Gasolina RON 95,662.0,2025-11-10
Gasolina RON 91,637.0,2025-11-10
Gasolina RON 91 (pescadores),,2025-11-10
Diésel para uso automotriz de 50 ppm de azufre,563.0,2025-11-10
Diésel uso automotriz 50 ppm azufre (pescadores),,2025-11-10
Diésel marino,,2025-11-10
Keroseno,493.0,2025-11-10
Bunker,,2025-11-10
Bunker Térmico ICE,,2025-11-10
Bunker Térmico ICE 2,,2025-11-10
IFO 380,,2025-11-10
Asfalto AC-30,,2025-11-10
Asfalto PG-64-22,,2025-11-10
Asfalto AC-10,,2025-11-10
Diésel pesado o gasóleo,,2025-11-10
Emulsión asfáltica rápida (RR),,2025-11-10
Emulsión asfáltica lenta (RL),,2025-11-10
LPG (70-30),254.0,2025-11-10
LPG (rico en propano),390.0,2025-11-10
Av-Gas,925.0,2025-11-10
Jet fuel A-1,530.0,2025-11-10
Jet fuel A,546.0,2025-11-10
Nafta pesada,,2025-11-10
Gasolina RON 95,674.0,2025-11-03
Gasolina RON 91,659.0,2025-11-03
Gasolina RON 91 (pescadores),,2025-11-03
Diésel para uso automotriz de 50 ppm de azufre,555.0,2025-11-03
Diésel uso automotriz 50 ppm azufre (pescadores),,2025-11-03
Diésel marino,,2025-11-03
Keroseno,483.0,2025-11-03
Bunker,,2025-11-03
Bunker Térmico ICE,,2025-11-03
Bunker Térmico ICE 2,,2025-11-03
IFO 380,,2025-11-03
Asfalto AC-30,,2025-11-03
Asfalto PG-64-22,,2025-11-03
Asfalto AC-10,,2025-11-03
Diésel pesado o gasóleo,,2025-11-03
Emulsión asfáltica rápida (RR),,2025-11-03
Emulsión asfáltica lenta (RL),,2025-11-03
LPG (70-30),253.0,2025-11-03
LPG (rico en propano),390.0,2025-11-03
Av-Gas,926.0,2025-11-03
Jet fuel A-1,530.0,2025-11-03
Jet fuel A,536.0,2025-11-03
Nafta pesada,,2025-11-03
Gasolina RON 95,677.0,2025-10-13
Gasolina RON 91,662.0,2025-10-13
Gasolina RON 91 (pescadores),,2025-10-13
Diésel para uso automotriz de 50 ppm de azufre,556.0,2025-10-13
Diésel uso automotriz 50 ppm azufre (pescadores),,2025-10-13
Diésel marino,,2025-10-13
Keroseno,484.0,2025-10-13
Bunker,,2025-10-13
Bunker Térmico ICE,,2025-10-13
Bunker Térmico ICE 2,,2025-10-13
IFO 380,,2025-10-13
Asfalto AC-30,,2025-10-13
Asfalto PG-64-22,,2025-10-13
Asfalto AC-10,,2025-10-13
Diésel pesado o gasóleo,,2025-10-13
Emulsión asfáltica rápida (RR),,2025-10-13
Emulsión asfáltica lenta (RL),,2025-10-13
LPG (70-30),253.0,2025-10-13
LPG (rico en propano),390.0,2025-10-13
Av-Gas,929.0,2025-10-13
Jet fuel A-1,532.0,2025-10-13
Jet fuel A,537.0,2025-10-13
Nafta pesada,,2025-10-13
Gasolina RON 95,663.0,2025-09-28
Gasolina RON 91,649.0,2025-09-28
Gasolina RON 91 (pescadores),,2025-09-28
Diésel para uso automotriz de 50 ppm de azufre,565.0,2025-09-28
Diésel uso automotriz 50 ppm azufre (pescadores),,2025-09-28
Diésel marino,,2025-09-28
Keroseno,492.0,2025-09-28
Bunker,,2025-09-28
Bunker Térmico ICE,,2025-09-28
Bunker Térmico ICE 2,,2025-09-28
IFO 380,,2025-09-28
Asfalto AC-30,,2025-09-28
Asfalto PG-64-22,,2025-09-28
Asfalto AC-10,,2025-09-28
Diésel pesado o gasóleo,,2025-09-28
Emulsión asfáltica rápida (RR),,2025-09-28
Emulsión asfáltica lenta (RL),,2025-09-28
LPG (70-30),258.0,2025-09-28
LPG (rico en propano),390.0,2025-09-28
Av-Gas,916.0,2025-09-28
Jet fuel A-1,534.0,2025-09-28
Jet fuel A,547.0,2025-09-28
Nafta pesada,,2025-09-28
Gasolina RON 95,663.0,2025-09-01
Gasolina RON 91,649.0,2025-09-01
Gasolina RON 91 (pescadores),,2025-09-01
Diésel para uso automotriz de 50 ppm de azufre,564.0,2025-09-01
Diésel uso automotriz 50 ppm azufre (pescadores),,2025-09-01
Diésel marino,,2025-09-01
Keroseno,492.0,2025-09-01
Bunker,,2025-09-01
Bunker Térmico ICE,,2025-09-01
Bunker Térmico ICE 2,,2025-09-01
IFO 380,,2025-09-01
Asfalto AC-30,,2025-09-01
Asfalto PG-64-22,,2025-09-01
Asfalto AC-10,,2025-09-01
Diésel pesado o gasóleo,,2025-09-01
Emulsión asfáltica rápida (RR),,2025-09-01
Emulsión asfáltica lenta (RL),,2025-09-01
LPG (70-30),258.0,2025-09-01
LPG (rico en propano),390.0,2025-09-01
Av-Gas,916.0,2025-09-01
Jet fuel A-1,534.0,2025-09-01
Jet fuel A,547.0,2025-09-01
Nafta pesada,,2025-09-01
Gasolina RON 95,664.0,2025-08-06
Gasolina RON 91,643.0,2025-08-06
Gasolina RON 91 (pescadores),,2025-08-06
Diésel para uso automotriz de 50 ppm de azufre,557.0,2025-08-06
Diésel uso automotriz 50 ppm azufre (pescadores),,2025-08-06
Diésel marino,,2025-08-06
Keroseno,486.0,2025-08-06
Bunker,,2025-08-06
Bunker Térmico ICE,,2025-08-06
Bunker Térmico ICE 2,,2025-08-06
IFO 380,,2025-08-06
Asfalto AC-30,,2025-08-06
Asfalto PG-64-22,,2025-08-06
Asfalto AC-10,,2025-08-06
Diésel pesado o gasóleo,,2025-08-06
Emulsión asfáltica rápida (RR),,2025-08-06
Emulsión asfáltica lenta (RL),,2025-08-06
LPG (70-30),265.0,2025-08-06
LPG (rico en propano),390.0,2025-08-06
Av-Gas,912.0,2025-08-06
Jet fuel A-1,534.0,2025-08-06
Jet fuel A,542.0,2025-08-06
Nafta pesada,,2025-08-06
Gasolina RON 95,666.0,2025-07-31
Gasolina RON 91,651.0,2025-07-31
Gasolina RON 91 (pescadores),,2025-07-31
Diésel para uso automotriz de 50 ppm de azufre,525.0,2025-07-31
Diésel uso automotriz 50 ppm azufre (pescadores),,2025-07-31
Diésel marino,,2025-07-31
Keroseno,461.0,2025-07-31
Bunker,,2025-07-31
Bunker Térmico ICE,,2025-07-31
Bunker Térmico ICE 2,,2025-07-31
IFO 380,,2025-07-31
Asfalto,,2025-07-31
Asfalto PG-64-22,,2025-07-31
Asfalto AC-10,,2025-07-31
Diésel pesado o gasóleo,,2025-07-31
Emulsión asfáltica rápida (RR),,2025-07-31
Emulsión asfáltica lenta (RL),,2025-07-31
LPG (70-30),262.0,2025-07-31
LPG (rico en propano),390.0,2025-07-31
Av-Gas,892.0,2025-07-31
Jet fuel A-1,534.0,2025-07-31
Jet fuel A,516.0,2025-07-31
Nafta pesada,,2025-07-31
Gasolina RON 95,669.0,2025-07-08
Gasolina RON 91,653.0,2025-07-08
Gasolina RON 91 (pescadores),,2025-07-08
Diésel para uso automotriz de 50 ppm de azufre,527.0,2025-07-08
Diésel uso automotriz 50 ppm azufre (pescadores),,2025-07-08
Diésel marino,,2025-07-08
Keroseno,461.0,2025-07-08
Bunker,,2025-07-08
Bunker Térmico ICE,,2025-07-08
Bunker Térmico ICE 2,,2025-07-08
IFO 380,,2025-07-08
Asfalto,,2025-07-08
Asfalto PG-64-22,,2025-07-08
Asfalto AC-10,,2025-07-08
Diésel pesado o gasóleo,,2025-07-08
Emulsión asfáltica rápida (RR),,2025-07-08
Emulsión asfáltica lenta (RL),,2025-07-08
LPG (70-30),262.0,2025-07-08
LPG (rico en propano),390.0,2025-07-08
Av-Gas,894.0,2025-07-08
Jet fuel A-1,536.0,2025-07-08
Jet fuel A,517.0,2025-07-08
Nafta pesada,,2025-07-08
Gasolina RON 95,665.0,2025-06-05
Gasolina RON 91,643.0,2025-06-05
Gasolina RON 91 (pescadores),,2025-06-05
Diésel para uso automotriz de 50 ppm de azufre,530.0,2025-06-05
Diésel uso automotriz 50 ppm azufre (pescadores),,2025-06-05
Diésel marino,,2025-06-05
Keroseno,470.0,2025-06-05
Bunker,,2025-06-05
Bunker Térmico ICE,,2025-06-05
Bunker Térmico ICE 2,,2025-06-05
IFO 380,,2025-06-05
Asfalto,,2025-06-05
Asfalto PG-64-22,,2025-06-05
Asfalto AC-10,,2025-06-05
Diésel pesado o gasóleo,,2025-06-05
Emulsión asfáltica rápida (RR),,2025-06-05
Emulsión asfáltica lenta (RL),,2025-06-05
LPG (70-30),274.0,2025-06-05
LPG (rico en propano),390.0,2025-06-05
Av-Gas,909.0,2025-06-05
Jet fuel A-1,549.0,2025-06-05
Jet fuel A,538.0,2025-06-05
Nafta pesada,,2025-06-05
Gasolina RON 95,672.0,2025-05-07
Gasolina RON 91,643.0,2025-05-07
Diésel para uso automotriz de 50 ppm de azufre,569.0,2025-05-07
Keroseno,501.0,2025-05-07
LPG (70-30),278.0,2025-05-07
Av-Gas,883.0,2025-05-07
Jet fuel A,557.0,2025-05-07
Gasolina RON 95,692.0,2025-05-07
Gasolina RON 91,677.0,2025-05-07
Gasolina RON 91 (pescadores),,2025-05-07
Diésel para uso automotriz de 50 ppm de azufre,545.0,2025-05-07
Diésel uso automotriz 50 ppm azufre (pescadores),,2025-05-07
Diésel marino,,2025-05-07
Keroseno,487.0,2025-05-07
Bunker,,2025-05-07
Bunker Térmico ICE,,2025-05-07
Bunker Térmico ICE 2,,2025-05-07
IFO 380,,2025-05-07
Asfalto,,2025-05-07
Asfalto PG-64-22,,2025-05-07
Asfalto AC-10,,2025-05-07
Diésel pesado o gasóleo,,2025-05-07
Emulsión asfáltica rápida (RR),,2025-05-07
Emulsión asfáltica lenta (RL),,2025-05-07
LPG (70-30),271.0,2025-05-07
LPG (rico en propano),390.0,2025-05-07
Av-Gas,879.0,2025-05-07
Jet fuel A-1,536.0,2025-05-07
Jet fuel A,544.0,2025-05-07
Nafta pesada,,2025-05-07
Gasolina RON 95,672.0,2025-04-28
Gasolina RON 91,643.0,2025-04-28
Gasolina RON 91 (pescadores),,2025-04-28
Diésel para uso automotriz de 50 ppm de azufre,569.0,2025-04-28
Diésel uso automotriz 50 ppm azufre (pescadores),,2025-04-28
Diésel marino,,2025-04-28
Keroseno,501.0,2025-04-28
Bunker,,2025-04-28
Bunker Térmico ICE,,2025-04-28
Bunker Térmico ICE 2,,2025-04-28
IFO 380,,2025-04-28
Asfalto,,2025-04-28
Asfalto PG-64-22,,2025-04-28
Asfalto AC-10,,2025-04-28
Diésel pesado o gasóleo,,2025-04-28
Emulsión asfáltica rápida (RR),,2025-04-28
Emulsión asfáltica lenta (RL),,2025-04-28
LPG (70-30),278.0,2025-04-28
LPG (rico en propano),390.0,2025-04-28
Av-Gas,883.0,2025-04-28
Jet fuel A-1,536.0,2025-04-28
Jet fuel A,557.0,2025-04-28
Nafta pesada,,2025-04-28
Gasolina RON 95,673.0,2025-04-09
Gasolina RON 91,642.0,2025-04-09
Gasolina RON 91 (pescadores),,2025-04-09
Diésel para uso automotriz de 50 ppm de azufre,569.0,2025-04-09
Diésel uso automotriz 50 ppm azufre (pescadores),,2025-04-09
Diésel marino,,2025-04-09
Keroseno,501.0,2025-04-09
Bunker,,2025-04-09
Bunker Térmico ICE,,2025-04-09
Bunker Térmico ICE 2,,2025-04-09
IFO 380,,2025-04-09
Asfalto,,2025-04-09
Asfalto PG-64-22,,2025-04-09
Asfalto AC-10,,2025-04-09
Diésel pesado o gasóleo,,2025-04-09
Emulsión asfáltica rápida (RR),,2025-04-09
Emulsión asfáltica lenta (RL),,2025-04-09
LPG (70-30),278.0,2025-04-09
LPG (rico en propano),390.0,2025-04-09
Av-Gas,880.0,2025-04-09
Jet fuel A-1,535.0,2025-04-09
Jet fuel A,557.0,2025-04-09
Nafta pesada,,2025-04-09
Gasolina RON 95,682.0,2025-03-17
Gasolina RON 91,671.0,2025-03-17
Gasolina RON 91 (pescadores),,2025-03-17
Diésel para uso automotriz de 50 ppm de azufre,592.0,2025-03-17
Diésel uso automotriz 50 ppm azufre (pescadores),,2025-03-17
Diésel marino,,2025-03-17
Keroseno,517.0,2025-03-17
Bunker,,2025-03-17
Bunker Térmico ICE,,2025-03-17
Bunker Térmico ICE 2,,2025-03-17
IFO 380,,2025-03-17
Asfalto,,2025-03-17
Asfalto PG-64-22,,2025-03-17
Asfalto AC-10,,2025-03-17
Diésel pesado o gasóleo,,2025-03-17
Emulsión asfáltica rápida (RR),,2025-03-17
Emulsión asfáltica lenta (RL),,2025-03-17
LPG (70-30),285.0,2025-03-17
LPG (rico en propano),390.0,2025-03-17
Av-Gas,850.0,2025-03-17
Jet fuel A-1,533.0,2025-03-17
Jet fuel A,570.0,2025-03-17
Nafta pesada,,2025-03-17
Gasolina RON 95,669.0,2025-02-05
Gasolina RON 91,651.0,2025-02-05
Diésel para uso automotriz de 50 ppm de azufre,561.0,2025-02-05
Keroseno,481.0,2025-02-05
LPG (70-30),266.0,2025-02-05
Av-Gas,831.0,2025-02-05
Jet fuel A,538.0,2025-02-05
Gasolina RON 95,671.0,2025-02-05
Gasolina RON 91,650.0,2025-02-05
Gasolina RON 91 (pescadores),,2025-02-05
Diésel para uso automotriz de 50 ppm de azufre,570.0,2025-02-05
Diésel uso automotriz 50 ppm azufre (pescadores),,2025-02-05
Diésel marino,,2025-02-05
Keroseno,501.0,2025-02-05
Bunker,,2025-02-05
Bunker Térmico ICE,,2025-02-05
Bunker Térmico ICE 2,,2025-02-05
IFO 380,,2025-02-05
Asfalto,,2025-02-05
Asfalto PG-64-22,,2025-02-05
Asfalto AC-10,,2025-02-05
Diésel pesado o gasóleo,,2025-02-05
Emulsión asfáltica rápida (RR),,2025-02-05
Emulsión asfáltica lenta (RL),,2025-02-05
LPG (70-30),273.0,2025-02-05
LPG (rico en propano),390.0,2025-02-05
Av-Gas,830.0,2025-02-05
Jet fuel A-1,533.0,2025-02-05
Jet fuel A,554.0,2025-02-05
Nafta pesada,,2025-02-05
Gasolina RON 95,666.0,2025-01-28
Gasolina RON 91,648.0,2025-01-28
Gasolina RON 91 (pescadores),,2025-01-28
Diésel para uso automotriz de 50 ppm de azufre,560.0,2025-01-28
Diésel uso automotriz 50 ppm azufre (pescadores),,2025-01-28
Diésel marino,,2025-01-28
Keroseno,481.0,2025-01-28
Bunker,,2025-01-28
Bunker Térmico ICE,,2025-01-28
Bunker Térmico ICE 2,,2025-01-28
IFO 380,,2025-01-28
Asfalto,,2025-01-28
Asfalto PG-64-22,,2025-01-28
Asfalto AC-10,,2025-01-28
Diésel pesado o gasóleo,,2025-01-28
Emulsión asfáltica rápida (RR),,2025-01-28
Emulsión asfáltica lenta (RL),,2025-01-28
LPG (70-30),266.0,2025-01-28
LPG (rico en propano),390.0,2025-01-28
Av-Gas,828.0,2025-01-28
Jet fuel A-1,532.0,2025-01-28
Jet fuel A,536.0,2025-01-28
Nafta pesada,,2025-01-28
Gasolina RON 95,666.0,2025-01-22
Gasolina RON 91,648.0,2025-01-22
Gasolina RON 91 (pescadores),,2025-01-22
Diésel para uso automotriz de 50 ppm de azufre,560.0,2025-01-22
Diésel uso automotriz 50 ppm azufre (pescadores),,2025-01-22
Diésel marino,,2025-01-22
Keroseno,481.0,2025-01-22
Bunker,,2025-01-22
Bunker Térmico ICE,,2025-01-22
Bunker Térmico ICE 2,,2025-01-22
IFO 380,,2025-01-22
Asfalto,,2025-01-22
Asfalto PG-64-22,,2025-01-22
Asfalto AC-10,,2025-01-22
Diésel pesado o gasóleo,,2025-01-22
Emulsión asfáltica rápida (RR),,2025-01-22
Emulsión asfáltica lenta (RL),,2025-01-22
LPG (70-30),266.0,2025-01-22
LPG (rico en propano),390.0,2025-01-22
Av-Gas,828.0,2025-01-22
Jet fuel A-1,532.0,2025-01-22
Jet fuel A,536.0,2025-01-22
Nafta pesada,,2025-01-22
Gasolina RON 95,669.0,2024-12-09
Gasolina RON 91,660.0,2024-12-09
Gasolina RON 91 (pescadores),,2024-12-09
Diésel para uso automotriz de 50 ppm de azufre,556.0,2024-12-09
Diésel uso automotriz 50 ppm azufre (pescadores),,2024-12-09
Diésel marino,,2024-12-09
Keroseno,478.0,2024-12-09
Bunker,,2024-12-09
Bunker Térmico ICE,,2024-12-09
Bunker Térmico ICE 2,,2024-12-09
IFO 380,,2024-12-09
Asfalto,,2024-12-09
Asfalto PG-64-22,,2024-12-09
Asfalto AC-10,,2024-12-09
Diésel pesado o gasóleo,,2024-12-09
Emulsión asfáltica rápida (RR),,2024-12-09
Emulsión asfáltica lenta (RL),,2024-12-09
LPG (70-30),272.0,2024-12-09
LPG (rico en propano),390.0,2024-12-09
Av-Gas,831.0,2024-12-09
Jet fuel A-1,532.0,2024-12-09
Jet fuel A,624.0,2024-12-09
Nafta pesada,,2024-12-09
Gasolina RON 95,685.0,2024-11-14
Gasolina RON 91,668.0,2024-11-14
Gasolina RON 91 (pescadores),,2024-11-14
Diésel para uso automotriz de 50 ppm de azufre,565.0,2024-11-14
Diésel uso automotriz 50 ppm azufre (pescadores),,2024-11-14
Diésel marino,,2024-11-14
Keroseno,486.0,2024-11-14
Bunker,,2024-11-14
Bunker Térmico ICE,,2024-11-14
Bunker Térmico ICE 2,,2024-11-14
IFO 380,,2024-11-14
Asfalto,,2024-11-14
Asfalto PG-64-22,,2024-11-14
Asfalto AC-10,,2024-11-14
Diésel pesado o gasóleo,,2024-11-14
Emulsión asfáltica rápida (RR),,2024-11-14
Emulsión asfáltica lenta (RL),,2024-11-14
LPG (70-30),260.0,2024-11-14
LPG (rico en propano),390.0,2024-11-14
Av-Gas,833.0,2024-11-14
Jet fuel A-1,538.0,2024-11-14
Jet fuel A,624.0,2024-11-14
Nafta pesada,,2024-11-14
Gasolina RON 95,686.0,2024-11-07
Gasolina RON 91,669.0,2024-11-07
Gasolina RON 91 (pescadores),,2024-11-07
Diésel para uso automotriz de 50 ppm de azufre,565.0,2024-11-07
Diésel uso automotriz 50 ppm azufre (pescadores),,2024-11-07
Diésel marino,,2024-11-07
Keroseno,486.0,2024-11-07
Bunker,,2024-11-07
Bunker Térmico ICE,,2024-11-07
Bunker Térmico ICE 2,,2024-11-07
IFO 380,,2024-11-07
Asfalto,,2024-11-07
Asfalto PG-64-22,,2024-11-07
Asfalto AC-10,,2024-11-07
Diésel pesado o gasóleo,,2024-11-07
Emulsión asfáltica rápida (RR),,2024-11-07
Emulsión asfáltica lenta (RL),,2024-11-07
LPG (70-30),260.0,2024-11-07
LPG (rico en propano),390.0,2024-11-07
Av-Gas,834.0,2024-11-07
Jet fuel A-1,539.0,2024-11-07
Jet fuel A,625.0,2024-11-07
Nafta pesada,,2024-11-07
Gasolina RON 95,700.0,2024-10-09
Gasolina RON 91,667.0,2024-10-09
Gasolina RON 91 (pescadores),,2024-10-09
Diésel para uso automotriz de 50 ppm de azufre,565.0,2024-10-09
Diésel uso automotriz 50 ppm azufre (pescadores),,2024-10-09
Diésel marino,,2024-10-09
Keroseno,489.0,2024-10-09
Bunker,,2024-10-09
Bunker Térmico ICE,,2024-10-09
Bunker Térmico ICE 2,,2024-10-09
IFO 380,,2024-10-09
Asfalto,,2024-10-09
Asfalto PG-64-22,,2024-10-09
Asfalto AC-10,,2024-10-09
Diésel pesado o gasóleo,,2024-10-09
Emulsión asfáltica rápida (RR),,2024-10-09
Emulsión asfáltica lenta (RL),,2024-10-09
LPG (70-30),266.0,2024-10-09
LPG (rico en propano),390.0,2024-10-09
Av-Gas,880.0,2024-10-09
Jet fuel A-1,543.0,2024-10-09
Jet fuel A,625.0,2024-10-09
Nafta pesada,,2024-10-09
Gasolina RON 95,720.0,2024-08-30
Gasolina RON 91,688.0,2024-08-30
Gasolina RON 91 (pescadores),,2024-08-30
Diésel para uso automotriz de 50 ppm de azufre,597.0,2024-08-30
Diésel uso automotriz 50 ppm azufre (pescadores),,2024-08-30
Diésel marino,,2024-08-30
Keroseno,530.0,2024-08-30
Bunker,,2024-08-30
Bunker Térmico ICE,,2024-08-30
Bunker Térmico ICE 2,,2024-08-30
IFO 380,,2024-08-30
Asfalto,,2024-08-30
Asfalto PG-64-22,,2024-08-30
Asfalto AC-10,,2024-08-30
Diésel pesado o gasóleo,,2024-08-30
Emulsión asfáltica rápida (RR),,2024-08-30
Emulsión asfáltica lenta (RL),,2024-08-30
LPG (70-30),275.0,2024-08-30
LPG (rico en propano),390.0,2024-08-30
Av-Gas,916.0,2024-08-30
Jet fuel A-1,584.0,2024-08-30
Jet fuel A,624.0,2024-08-30
Nafta pesada,,2024-08-30
Gasolina RON 95,718.0,2024-08-22
Gasolina RON 91,686.0,2024-08-22
Gasolina RON 91 (pescadores),,2024-08-22
Diésel para uso automotriz de 50 ppm de azufre,619.0,2024-08-22
Diésel uso automotriz 50 ppm azufre (pescadores),,2024-08-22
Diésel marino,,2024-08-22
Keroseno,559.0,2024-08-22
Bunker,,2024-08-22
Bunker Térmico ICE,,2024-08-22
Bunker Térmico ICE 2,,2024-08-22
IFO 380,,2024-08-22
Asfalto,,2024-08-22
Asfalto PG-64-22,,2024-08-22
Asfalto AC-10,,2024-08-22
Diésel pesado o gasóleo,,2024-08-22
Emulsión asfáltica rápida (RR),,2024-08-22
Emulsión asfáltica lenta (RL),,2024-08-22
LPG (70-30),280.0,2024-08-22
LPG (rico en propano),390.0,2024-08-22
Av-Gas,917.0,2024-08-22
Jet fuel A-1,611.0,2024-08-22
Jet fuel A,624.0,2024-08-22
Nafta pesada,,2024-08-22
Gasolina RON 95,718.0,2024-08-07
Gasolina RON 91,686.0,2024-08-07
Gasolina RON 91 (pescadores),,2024-08-07
Diésel para uso automotriz de 50 ppm de azufre,619.0,2024-08-07
Diésel uso automotriz 50 ppm azufre (pescadores),,2024-08-07
Diésel marino,,2024-08-07
Keroseno,559.0,2024-08-07
Bunker,,2024-08-07
Bunker Térmico ICE,,2024-08-07
Bunker Térmico ICE 2,,2024-08-07
IFO 380,,2024-08-07
Asfalto,,2024-08-07
Asfalto PG-64-22,,2024-08-07
Asfalto AC-10,,2024-08-07
Diésel pesado o gasóleo,,2024-08-07
Emulsión asfáltica rápida (RR),,2024-08-07
Emulsión asfáltica lenta (RL),,2024-08-07
LPG (70-30),280.0,2024-08-07
LPG (rico en propano),390.0,2024-08-07
Av-Gas,917.0,2024-08-07
Jet fuel A-1,611.0,2024-08-07
Jet fuel A,624.0,2024-08-07
Nafta pesada,,2024-08-07
Gasolina RON 95,736.0,2024-07-31
Gasolina RON 91,708.0,2024-07-31
Gasolina RON 91 (pescadores),,2024-07-31
Diésel para uso automotriz de 50 ppm de azufre,601.0,2024-07-31
Diésel uso automotriz 50 ppm azufre (pescadores),,2024-07-31
Diésel marino,,2024-07-31
Keroseno,532.0,2024-07-31
Bunker,,2024-07-31
Bunker Térmico ICE,,2024-07-31
Bunker Térmico ICE 2,,2024-07-31
IFO 380,,2024-07-31
Asfalto,,2024-07-31
Asfalto PG-64-22,,2024-07-31
Asfalto AC-10,,2024-07-31
Diésel pesado o gasóleo,,2024-07-31
Emulsión asfáltica rápida (RR),,2024-07-31
Emulsión asfáltica lenta (RL),,2024-07-31
LPG (70-30),263.0,2024-07-31
LPG (rico en propano),390.0,2024-07-31
Av-Gas,930.0,2024-07-31
Jet fuel A-1,584.0,2024-07-31
Jet fuel A,624.0,2024-07-31
Nafta pesada,,2024-07-31
Gasolina RON 95,734.0,2024-07-12
Gasolina RON 91,706.0,2024-07-12
Gasolina RON 91 (pescadores),,2024-07-12
Diésel para uso automotriz de 50 ppm de azufre,600.0,2024-07-12
Diésel uso automotriz 50 ppm azufre (pescadores),,2024-07-12
Diésel marino,,2024-07-12
Keroseno,532.0,2024-07-12
Bunker,,2024-07-12
Bunker Térmico ICE,,2024-07-12
Bunker Térmico ICE 2,,2024-07-12
IFO 380,,2024-07-12
Asfalto,,2024-07-12
Asfalto PG-64-22,,2024-07-12
Asfalto AC-10,,2024-07-12
Diésel pesado o gasóleo,,2024-07-12
Emulsión asfáltica rápida (RR),,2024-07-12
Emulsión asfáltica lenta (RL),,2024-07-12
LPG (70-30),263.0,2024-07-12
LPG (rico en propano),390.0,2024-07-12
Av-Gas,928.0,2024-07-12
Jet fuel A-1,584.0,2024-07-12
Jet fuel A,623.0,2024-07-12
Nafta pesada,,2024-07-12
Av-Gas,390.0,2024-06-10
Jet fuel A-1,939.0,2024-06-10
Jet fuel A,601.0,2024-06-10
Gasolina RON 95,737.0,2024-06-10
Gasolina RON 91,722.0,2024-06-10
Gasolina RON 91 (pescadores),,2024-06-10
Diésel para uso automotriz de 50 ppm de azufre,611.0,2024-06-10
Diésel uso automotriz 50 ppm azufre (pescadores),,2024-06-10
Diésel marino,,2024-06-10
Keroseno,552.0,2024-06-10
Bunker,,2024-06-10
Bunker Térmico ICE,,2024-06-10
Bunker Térmico ICE 2,,2024-06-10
IFO 380,,2024-06-10
Asfalto,,2024-06-10
Asfalto PG-64-22,,2024-06-10
Asfalto AC-10,,2024-06-10
Diésel pesado o gasóleo,,2024-06-10
Emulsión asfáltica rápida (RR),,2024-06-10
Emulsión asfáltica lenta (RL),,2024-06-10
LPG (70-30),265.0,2024-06-10
LPG (rico en propano),390.0,2024-06-10
Av-Gas,939.0,2024-06-10
Jet fuel A-1,601.0,2024-06-10
Jet fuel A,623.0,2024-06-10
Nafta pesada,,2024-06-10
Gasolina RON 95,727.0,2024-05-07
Gasolina RON 91,690.0,2024-05-07
Diésel para uso automotriz de 50 ppm de azufre,638.0,2024-05-07
Keroseno,572.0,2024-05-07
LPG (70-30),284.0,2024-05-07
Av-Gas,915.0,2024-05-07
Jet fuel A-1,623.0,2024-05-07
Gasolina RON 95,742.0,2024-05-07
Gasolina RON 91,721.0,2024-05-07
Gasolina RON 91 (pescadores),,2024-05-07
Diésel para uso automotriz de 50 ppm de azufre,624.0,2024-05-07
Diésel uso automotriz 50 ppm azufre (pescadores),,2024-05-07
Diésel marino,,2024-05-07
Keroseno,556.0,2024-05-07
Bunker,,2024-05-07
Bunker Térmico ICE,,2024-05-07
Bunker Térmico ICE 2,,2024-05-07
IFO 380,,2024-05-07
Asfalto,,2024-05-07
Asfalto AC-10,,2024-05-07
Diésel pesado o gasóleo,,2024-05-07
Emulsión asfáltica rápida (RR),,2024-05-07
Emulsión asfáltica lenta (RL),,2024-05-07
LPG (70-30),278.0,2024-05-07
LPG (rico en propano),390.0,2024-05-07
Av-Gas,935.0,2024-05-07
Jet fuel A-1,606.0,2024-05-07
Jet fuel A,623.0,2024-05-07
Nafta pesada,,2024-05-07
Gasolina RON 95,728.0,2024-04-11
Gasolina RON 91,691.0,2024-04-11
Gasolina RON 91 (pescadores),,2024-04-11
Diésel para uso automotriz de 50 ppm de azufre,638.0,2024-04-11
Diésel uso automotriz 50 ppm azufre (pescadores),,2024-04-11
Diésel marino,,2024-04-11
Keroseno,572.0,2024-04-11
Bunker,,2024-04-11
Bunker Térmico ICE,,2024-04-11
Bunker Térmico ICE 2,,2024-04-11
IFO 380,,2024-04-11
Asfalto,,2024-04-11
Asfalto AC-10,,2024-04-11
Diésel pesado o gasóleo,,2024-04-11
Emulsión asfáltica rápida (RR),,2024-04-11
Emulsión asfáltica lenta (RL),,2024-04-11
LPG (70-30),284.0,2024-04-11
LPG (rico en propano),390.0,2024-04-11
Av-Gas,916.0,2024-04-11
Jet fuel A-1,624.0,2024-04-11
Jet fuel A,624.0,2024-04-11
Nafta pesada,,2024-04-11
Gasolina RON 95,715.0,2024-03-05
Gasolina RON 91,664.0,2024-03-05
Gasolina RON 91 (pescadores),,2024-03-05
Diésel para uso automotriz de 50 ppm de azufre,638.0,2024-03-05
Diésel uso automotriz 50 ppm azufre (pescadores),,2024-03-05
Diésel marino,,2024-03-05
Keroseno,567.0,2024-03-05
Bunker,,2024-03-05
Bunker Térmico ICE,,2024-03-05
Bunker Térmico ICE 2,,2024-03-05
IFO 380,,2024-03-05
Asfalto,,2024-03-05
Asfalto AC-10,,2024-03-05
Diésel pesado o gasóleo,,2024-03-05
Emulsión asfáltica rápida (RR),,2024-03-05
Emulsión asfáltica lenta (RL),,2024-03-05
LPG (70-30),278.0,2024-03-05
LPG (rico en propano),390.0,2024-03-05
Av-Gas,854.0,2024-03-05
Jet fuel A-1,638.0,2024-03-05
Jet fuel A,645.0,2024-03-05
Nafta pesada,,2024-03-05
Gasolina RON 95,716.0,2024-02-08
Gasolina RON 91,666.0,2024-02-08
Gasolina RON 91 (pescadores),,2024-02-08
Diésel para uso automotriz de 50 ppm de azufre,609.0,2024-02-08
Diésel uso automotriz 50 ppm azufre (pescadores),,2024-02-08
Diésel marino,,2024-02-08
Keroseno,550.0,2024-02-08
Bunker,,2024-02-08
Bunker Térmico ICE,,2024-02-08
Bunker Térmico ICE 2,,2024-02-08
IFO 380,,2024-02-08
Asfalto,,2024-02-08
Asfalto AC-10,,2024-02-08
Diésel pesado o gasóleo,,2024-02-08
Emulsión asfáltica rápida (RR),,2024-02-08
Emulsión asfáltica lenta (RL),,2024-02-08
LPG (70-30),257.0,2024-02-08
LPG (rico en propano),390.0,2024-02-08
Av-Gas,804.0,2024-02-08
Jet fuel A-1,620.0,2024-02-08
Jet fuel A,645.0,2024-02-08
Nafta pesada,,2024-02-08
Gasolina RON 95,716.0,2024-02-06
Gasolina RON 91,666.0,2024-02-06
Gasolina RON 91 (pescadores),,2024-02-06
Diésel para uso automotriz de 50 ppm de azufre,609.0,2024-02-06
Diésel uso automotriz 50 ppm azufre (pescadores),,2024-02-06
Diésel marino,,2024-02-06
Keroseno,550.0,2024-02-06
Bunker,,2024-02-06
Bunker Térmico ICE,,2024-02-06
Bunker Térmico ICE 2,,2024-02-06
IFO 380,,2024-02-06
Asfalto,,2024-02-06
Asfalto AC-10,,2024-02-06
Diésel pesado o gasóleo,,2024-02-06
Emulsión asfáltica rápida (RR),,2024-02-06
Emulsión asfáltica lenta (RL),,2024-02-06
LPG (70-30),261.0,2024-02-06
LPG (rico en propano),394.0,2024-02-06
Av-Gas,804.0,2024-02-06
Jet fuel A-1,620.0,2024-02-06
Jet fuel A,645.0,2024-02-06
Nafta pesada,,2024-02-06
Gasolina RON 95,690.0,2024-01-08
Gasolina RON 91,679.0,2024-01-08
Diésel para uso automotriz de 50 ppm de azufre,632.0,2024-01-08
Keroseno,575.0,2024-01-08
LPG (70-30),254.0,2024-01-08
Av-Gas,801.0,2024-01-08
Jet fuel A-1,647.0,2024-01-08
Gasolina RON 95,742.0,2024-01-08
Gasolina RON 91,754.0,2024-01-08
Gasolina RON 91 (pescadores),,2024-01-08
Diésel para uso automotriz de 50 ppm de azufre,691.0,2024-01-08
Diésel uso automotriz 50 ppm azufre (pescadores),,2024-01-08
Diésel marino,,2024-01-08
Keroseno,616.0,2024-01-08
Bunker,,2024-01-08
Bunker Térmico ICE,,2024-01-08
Bunker Térmico ICE 2,,2024-01-08
IFO 380,,2024-01-08
Asfalto,,2024-01-08
Asfalto AC-10,,2024-01-08
Diésel pesado o gasóleo,,2024-01-08
Emulsión asfáltica rápida (RR),,2024-01-08
Emulsión asfáltica lenta (RL),,2024-01-08
LPG (70-30),249.0,2024-01-08
LPG (rico en propano),394.0,2024-01-08
Av-Gas,844.0,2024-01-08
Jet fuel A-1,689.0,2024-01-08
Nafta pesada,,2024-01-08
LPG (70-30),235.0,2023-12-15
LPG (rico en propano),380.0,2023-12-15
Gasolina RON 95,742.0,2023-12-15
Gasolina RON 91,754.0,2023-12-15
Gasolina RON 91 (pescadores),,2023-12-15
Diésel para uso automotriz de 50 ppm de azufre,691.0,2023-12-15
Diésel uso automotriz 50 ppm azufre (pescadores),,2023-12-15
Diésel marino,,2023-12-15
Keroseno,616.0,2023-12-15
Bunker,,2023-12-15
Bunker Térmico ICE,,2023-12-15
Bunker Térmico ICE 2,,2023-12-15
IFO 380,,2023-12-15
Asfalto,,2023-12-15
Asfalto AC-10,,2023-12-15
Diésel pesado o gasóleo,,2023-12-15
Emulsión asfáltica rápida (RR),,2023-12-15
Emulsión asfáltica lenta (RL),,2023-12-15
LPG (70-30),245.0,2023-12-15
LPG (rico en propano),390.0,2023-12-15
Av-Gas,844.0,2023-12-15
Jet fuel A-1,689.0,2023-12-15
Nafta pesada,,2023-12-15
Gasolina RON 95,742.0,2023-12-06
Av-Gas,844.0,2023-12-06
LPG (rico en propano),380.0,2023-12-06
LPG (70-30),235.0,2023-12-06
Emulsión asfáltica lenta (RL),,2023-12-06
Emulsión asfáltica rápida (RR),,2023-12-06
Diésel pesado o gasóleo,,2023-12-06
Asfalto AC-10,,2023-12-06
Asfalto,,2023-12-06
Jet fuel A-1,689.0,2023-12-06
IFO 380,,2023-12-06
Bunker Térmico ICE,,2023-12-06
Bunker,,2023-12-06
Keroseno,616.0,2023-12-06
Diésel marino,,2023-12-06
Diésel uso automotriz 50 ppm azufre (pescadores),,2023-12-06
Diésel para uso automotriz de 50 ppm de azufre,691.0,2023-12-06
Gasolina RON 91 (pescadores),,2023-12-06
Gasolina RON 91,754.0,2023-12-06
Bunker Térmico ICE 2,,2023-12-06
Nafta pesada,,2023-12-06
Gasolina RON 95,807.0,2023-11-08
Gasolina RON 91,751.0,2023-11-08
Gasolina RON 91 (pescadores),0.0,2023-11-08
Diésel para uso automotriz de 50 ppm de azufre,714.0,2023-11-08
Diésel uso automotriz 50 ppm azufre (pescadores),0.0,2023-11-08
Diésel marino,0.0,2023-11-08
Keroseno,639.0,2023-11-08
Bunker,0.0,2023-11-08
Bunker Térmico ICE,0.0,2023-11-08
Bunker Térmico ICE 2,0.0,2023-11-08
IFO 380,0.0,2023-11-08
Asfalto,0.0,2023-11-08
Asfalto AC-10,0.0,2023-11-08
Diésel pesado o gasóleo,0.0,2023-11-08
Emulsión asfáltica rápida (RR),0.0,2023-11-08
Emulsión asfáltica lenta (RL),0.0,2023-11-08
LPG (70-30),244.0,2023-11-08
LPG (rico en propano),380.0,2023-11-08
Av-Gas,908.0,2023-11-08
Jet fuel A-1,714.0,2023-11-08
Nafta pesada,0.0,2023-11-08
Gasolina RON 95,810.0,2023-10-04
Gasolina RON 91,780.0,2023-10-04
Gasolina RON 91 (pescadores),0.0,2023-10-04
Diésel para uso automotriz de 50 ppm de azufre,705.0,2023-10-04
Diésel uso automotriz 50 ppm azufre (pescadores),0.0,2023-10-04
Diésel marino,0.0,2023-10-04
Keroseno,642.0,2023-10-04
Bunker,0.0,2023-10-04
Bunker Térmico ICE,0.0,2023-10-04
Bunker Térmico ICE 2,0.0,2023-10-04
IFO 380,0.0,2023-10-04
Asfalto,0.0,2023-10-04
Asfalto AC-10,0.0,2023-10-04
Diésel pesado o gasóleo,0.0,2023-10-04
Emulsión asfáltica rápida (RR),0.0,2023-10-04
Emulsión asfáltica lenta (RL),0.0,2023-10-04
LPG (70-30),241.0,2023-10-04
LPG (rico en propano),380.0,2023-10-04
Av-Gas,972.0,2023-10-04
Jet fuel A-1,714.0,2023-10-04
Nafta pesada,0.0,2023-10-04
Gasolina RON 95,787.0,2023-09-06
Gasolina RON 91,744.0,2023-09-06
Gasolina RON 91 (pescadores),0.0,2023-09-06
Diésel para uso automotriz de 50 ppm de azufre,634.0,2023-09-06
Diésel uso automotriz 50 ppm azufre (pescadores),0.0,2023-09-06
Diésel marino,0.0,2023-09-06
Keroseno,619.0,2023-09-06
Bunker,0.0,2023-09-06
Bunker Térmico ICE,0.0,2023-09-06
Bunker Térmico ICE 2,0.0,2023-09-06
IFO 380,0.0,2023-09-06
Asfalto,0.0,2023-09-06
Asfalto AC-10,0.0,2023-09-06
Diésel pesado o gasóleo,0.0,2023-09-06
Emulsión asfáltica rápida (RR),0.0,2023-09-06
Emulsión asfáltica lenta (RL),0.0,2023-09-06
LPG (70-30),239.0,2023-09-06
LPG (rico en propano),380.0,2023-09-06
Av-Gas,1015.0,2023-09-06
Jet fuel A-1,647.0,2023-09-06
Nafta pesada,0.0,2023-09-06
Gasolina RON 95,721.0,2023-09-01
Gasolina RON 91,692.0,2023-09-01
Gasolina RON 91 (pescadores),0.0,2023-09-01
Diésel para uso automotriz de 50 ppm de azufre,590.0,2023-09-01
Diésel uso automotriz 50 ppm azufre (pescadores),0.0,2023-09-01
Diésel marino,0.0,2023-09-01
Keroseno,551.0,2023-09-01
Bunker,0.0,2023-09-01
Bunker Térmico ICE,0.0,2023-09-01
Bunker Térmico ICE 2,0.0,2023-09-01
IFO 380,0.0,2023-09-01
Asfalto,0.0,2023-09-01
Asfalto AC-10,0.0,2023-09-01
Diésel pesado o gasóleo,0.0,2023-09-01
Emulsión asfáltica rápida (RR),0.0,2023-09-01
Emulsión asfáltica lenta (RL),0.0,2023-09-01
LPG (70-30),218.0,2023-09-01
LPG (rico en propano),380.0,2023-09-01
Av-Gas,1014.0,2023-09-01
Jet fuel A-1,580.0,2023-09-01
Nafta pesada,0.0,2023-09-01
Gasolina RON 95,721.0,2023-08-15
Gasolina RON 91,692.0,2023-08-15
Gasolina RON 91 (pescadores),0.0,2023-08-15
Diésel para uso automotriz de 50 ppm de azufre,590.0,2023-08-15
Diésel uso automotriz 50 ppm azufre (pescadores),0.0,2023-08-15
Diésel marino,0.0,2023-08-15
Keroseno,551.0,2023-08-15
Bunker,0.0,2023-08-15
Bunker Térmico ICE,0.0,2023-08-15
Bunker Térmico ICE 2,0.0,2023-08-15
IFO 380,0.0,2023-08-15
Asfalto,0.0,2023-08-15
Asfalto AC-10,0.0,2023-08-15
Diésel pesado o gasóleo,0.0,2023-08-15
Emulsión asfáltica rápida (RR),0.0,2023-08-15
Emulsión asfáltica lenta (RL),0.0,2023-08-15
LPG (70-30),217.0,2023-08-15
LPG (rico en propano),380.0,2023-08-15
Av-Gas,1014.0,2023-08-15
Jet fuel A-1,580.0,2023-08-15
Nafta pesada,0.0,2023-08-15
Gasolina RON 95,723.0,2023-08-09
Gasolina RON 91,693.0,2023-08-09
Gasolina RON 91 (pescadores),0.0,2023-08-09
Diésel para uso automotriz de 50 ppm de azufre,591.0,2023-08-09
Diésel uso automotriz 50 ppm azufre (pescadores),0.0,2023-08-09
Diésel marino,0.0,2023-08-09
Keroseno,551.0,2023-08-09
Bunker,0.0,2023-08-09
Bunker Térmico ICE,0.0,2023-08-09
Bunker Térmico ICE 2,0.0,2023-08-09
IFO 380,0.0,2023-08-09
Asfalto,0.0,2023-08-09
Asfalto AC-10,0.0,2023-08-09
Diésel pesado o gasóleo,0.0,2023-08-09
Emulsión asfáltica rápida (RR),0.0,2023-08-09
Emulsión asfáltica lenta (RL),0.0,2023-08-09
LPG (70-30),217.0,2023-08-09
LPG (rico en propano),380.0,2023-08-09
Av-Gas,1015.0,2023-08-09
Jet fuel A-1,581.0,2023-08-09
Nafta pesada,0.0,2023-08-09
Gasolina RON 95,720.0,2023-07-03
Gasolina RON 91,703.0,2023-07-03
Gasolina RON 91 (pescadores),0.0,2023-07-03
Diésel para uso automotriz de 50 ppm de azufre,574.0,2023-07-03
Diésel uso automotriz 50 ppm azufre (pescadores),0.0,2023-07-03
Diésel marino,0.0,2023-07-03
Keroseno,526.0,2023-07-03
Bunker,0.0,2023-07-03
Bunker Térmico ICE,0.0,2023-07-03
Bunker Térmico ICE 2,0.0,2023-07-03
IFO 380,0.0,2023-07-03
Asfalto,0.0,2023-07-03
Asfalto AC-10,0.0,2023-07-03
Diésel pesado o gasóleo,0.0,2023-07-03
Emulsión asfáltica rápida (RR),0.0,2023-07-03
Emulsión asfáltica lenta (RL),0.0,2023-07-03
LPG (70-30),229.0,2023-07-03
LPG (rico en propano),380.0,2023-07-03
Av-Gas,1020.0,2023-07-03
Jet fuel A-1,555.0,2023-07-03
Nafta pesada,0.0,2023-07-03
LPG (70-30),258.0,2023-06-06
LPG (rico en propano),381.0,2023-06-06
Gasolina RON 95,759.0,2023-06-06
Gasolina RON 91,709.0,2023-06-06
Gasolina RON 91 (pescadores),0.0,2023-06-06
Diésel para uso automotriz de 50 ppm de azufre,583.0,2023-06-06
Diésel uso automotriz 50 ppm azufre (pescadores),0.0,2023-06-06
Diésel marino,0.0,2023-06-06
Keroseno,541.0,2023-06-06
Bunker,0.0,2023-06-06
Bunker Térmico ICE,0.0,2023-06-06
Bunker Térmico ICE 2,0.0,2023-06-06
IFO 380,0.0,2023-06-06
Asfalto,0.0,2023-06-06
Asfalto AC-10,0.0,2023-06-06
Diésel pesado o gasóleo,0.0,2023-06-06
Emulsión asfáltica rápida (RR),0.0,2023-06-06
Emulsión asfáltica lenta (RL),0.0,2023-06-06
LPG (70-30),257.0,2023-06-06
LPG (rico en propano),380.0,2023-06-06
Av-Gas,1080.0,2023-06-06
Jet fuel A-1,571.0,2023-06-06
Nafta pesada,0.0,2023-06-06
Gasolina RON 95,737.0,2023-05-12
Gasolina RON 91,708.0,2023-05-12
Gasolina RON 91 (pescadores),0.0,2023-05-12
Diésel para uso automotriz de 50 ppm de azufre,636.0,2023-05-12
Diésel uso automotriz 50 ppm azufre (pescadores),0.0,2023-05-12
Diésel marino,0.0,2023-05-12
Keroseno,589.0,2023-05-12
Bunker,0.0,2023-05-12
Bunker Térmico ICE,0.0,2023-05-12
Bunker Térmico ICE 2,0.0,2023-05-12
IFO 380,0.0,2023-05-12
Asfalto,0.0,2023-05-12
Asfalto AC-10,0.0,2023-05-12
Diésel pesado o gasóleo,0.0,2023-05-12
Emulsión asfáltica rápida (RR),0.0,2023-05-12
Emulsión asfáltica lenta (RL),0.0,2023-05-12
LPG (70-30),255.0,2023-05-12
LPG (rico en propano),380.0,2023-05-12
Av-Gas,1089.0,2023-05-12
Jet fuel A-1,624.0,2023-05-12
Nafta pesada,0.0,2023-05-12
Gasolina RON 95,737.0,2023-05-11
Gasolina RON 91,708.0,2023-05-11
Gasolina RON 91 (pescadores),0.0,2023-05-11
Diésel para uso automotriz de 50 ppm de azufre,636.0,2023-05-11
Diésel uso automotriz 50 ppm azufre (pescadores),0.0,2023-05-11
Diésel marino,0.0,2023-05-11
Keroseno,589.0,2023-05-11
Bunker,0.0,2023-05-11
Bunker Térmico ICE,0.0,2023-05-11
Bunker Térmico ICE 2,0.0,2023-05-11
IFO 380,0.0,2023-05-11
Asfalto,0.0,2023-05-11
Asfalto AC-10,0.0,2023-05-11
Diésel pesado o gasóleo,0.0,2023-05-11
Emulsión asfáltica rápida (RR),0.0,2023-05-11
Emulsión asfáltica lenta (RL),0.0,2023-05-11
LPG (70-30),255.0,2023-05-11
LPG (rico en propano),380.0,2023-05-11
Av-Gas,1089.0,2023-05-11
Jet fuel A-1,624.0,2023-05-11
Nafta pesada,0.0,2023-05-11
Gasolina RON 95,740.0,2023-05-09
Gasolina RON 91,710.0,2023-05-09
Gasolina RON 91 (pescadores),0.0,2023-05-09
Diésel para uso automotriz de 50 ppm de azufre,637.0,2023-05-09
Diésel uso automotriz 50 ppm azufre (pescadores),0.0,2023-05-09
Diésel marino,0.0,2023-05-09
Keroseno,590.0,2023-05-09
Bunker,0.0,2023-05-09
Bunker Térmico ICE,0.0,2023-05-09
Bunker Térmico ICE 2,0.0,2023-05-09
IFO 380,0.0,2023-05-09
Asfalto,0.0,2023-05-09
Asfalto AC-10,0.0,2023-05-09
Diésel pesado o gasóleo,0.0,2023-05-09
Emulsión asfáltica rápida (RR),0.0,2023-05-09
Emulsión asfáltica lenta (RL),0.0,2023-05-09
LPG (70-30),255.0,2023-05-09
LPG (rico en propano),380.0,2023-05-09
Av-Gas,1092.0,2023-05-09
Jet fuel A-1,626.0,2023-05-09
Nafta pesada,0.0,2023-05-09
Gasolina RON 95,748.0,2023-03-31
Gasolina RON 91,675.0,2023-03-31
Gasolina RON 91 (pescadores),0.0,2023-03-31
Diésel para uso automotriz de 50 ppm de azufre,634.0,2023-03-31
Diésel uso automotriz 50 ppm azufre (pescadores),0.0,2023-03-31
Diésel marino,0.0,2023-03-31
Keroseno,623.0,2023-03-31
Bunker,0.0,2023-03-31
Bunker Térmico ICE,0.0,2023-03-31
Bunker Térmico ICE 2,0.0,2023-03-31
IFO 380,0.0,2023-03-31
Asfalto,0.0,2023-03-31
Asfalto AC-10,0.0,2023-03-31
Diésel pesado o gasóleo,0.0,2023-03-31
Emulsión asfáltica rápida (RR),0.0,2023-03-31
Emulsión asfáltica lenta (RL),0.0,2023-03-31
LPG (70-30),281.0,2023-03-31
LPG (rico en propano),380.0,2023-03-31
Av-Gas,1002.0,2023-03-31
Jet fuel A-1,657.0,2023-03-31
Nafta pesada,0.0,2023-03-31
Gasolina RON 95,761.0,2023-03-27
Gasolina RON 91,740.0,2023-03-27
Gasolina RON 91 (pescadores),0.0,2023-03-27
Diésel para uso automotriz de 50 ppm de azufre,701.0,2023-03-27
Diésel uso automotriz 50 ppm azufre (pescadores),0.0,2023-03-27
Diésel marino,0.0,2023-03-27
Keroseno,692.0,2023-03-27
Bunker,0.0,2023-03-27
Bunker Térmico ICE,0.0,2023-03-27
Bunker Térmico ICE 2,0.0,2023-03-27
IFO 380,0.0,2023-03-27
Asfalto,0.0,2023-03-27
Asfalto AC-10,0.0,2023-03-27
Diésel pesado o gasóleo,0.0,2023-03-27
Emulsión asfáltica rápida (RR),0.0,2023-03-27
Emulsión asfáltica lenta (RL),0.0,2023-03-27
LPG (70-30),289.0,2023-03-27
LPG (rico en propano),380.0,2023-03-27
Av-Gas,970.0,2023-03-27
Jet fuel A-1,703.0,2023-03-27
Nafta pesada,0.0,2023-03-27
Gasolina RON 95,761.0,2023-03-24
Gasolina RON 91,740.0,2023-03-24
Gasolina RON 91 (pescadores),0.0,2023-03-24
Diésel para uso automotriz de 50 ppm de azufre,701.0,2023-03-24
Diésel uso automotriz 50 ppm azufre (pescadores),0.0,2023-03-24
Diésel marino,0.0,2023-03-24
Keroseno,692.0,2023-03-24
Bunker,0.0,2023-03-24
Bunker Térmico ICE,0.0,2023-03-24
Bunker Térmico ICE 2,0.0,2023-03-24
IFO 380,0.0,2023-03-24
Asfalto,0.0,2023-03-24
Asfalto AC-10,0.0,2023-03-24
Diésel pesado o gasóleo,0.0,2023-03-24
Emulsión asfáltica rápida (RR),0.0,2023-03-24
Emulsión asfáltica lenta (RL),0.0,2023-03-24
LPG (70-30),289.0,2023-03-24
LPG (rico en propano),380.0,2023-03-24
Av-Gas,970.0,2023-03-24
Jet fuel A-1,703.0,2023-03-24
Nafta pesada,0.0,2023-03-24
Gasolina RON 95,777.0,2023-03-08
Gasolina RON 91,756.0,2023-03-08
Gasolina RON 91 (pescadores),0.0,2023-03-08
Diésel para uso automotriz de 50 ppm de azufre,717.0,2023-03-08
Diésel uso automotriz 50 ppm azufre (pescadores),0.0,2023-03-08
Diésel marino,0.0,2023-03-08
Keroseno,708.0,2023-03-08
Bunker,0.0,2023-03-08
Bunker Térmico ICE,0.0,2023-03-08
Bunker Térmico ICE 2,0.0,2023-03-08
IFO 380,0.0,2023-03-08
Asfalto,0.0,2023-03-08
Asfalto AC-10,0.0,2023-03-08
Diésel pesado o gasóleo,0.0,2023-03-08
Emulsión asfáltica rápida (RR),0.0,2023-03-08
Emulsión asfáltica lenta (RL),0.0,2023-03-08
LPG (70-30),289.0,2023-03-08
LPG (rico en propano),380.0,2023-03-08
Av-Gas,987.0,2023-03-08
Jet fuel A-1,717.0,2023-03-08
Nafta pesada,0.0,2023-03-08
Gasolina RON 95,729.0,2023-02-14
Gasolina RON 91,670.0,2023-02-14
Gasolina RON 91 (pescadores),0.0,2023-02-14
Diésel para uso automotriz de 50 ppm de azufre,747.0,2023-02-14
Diésel uso automotriz 50 ppm azufre (pescadores),0.0,2023-02-14
Diésel marino,0.0,2023-02-14
Keroseno,724.0,2023-02-14
Bunker,0.0,2023-02-14
Bunker Térmico ICE,0.0,2023-02-14
Bunker Térmico ICE 2,0.0,2023-02-14
IFO 380,0.0,2023-02-14
Asfalto,0.0,2023-02-14
Asfalto AC-10,0.0,2023-02-14
Diésel pesado o gasóleo,0.0,2023-02-14
Emulsión asfáltica rápida (RR),0.0,2023-02-14
Emulsión asfáltica lenta (RL),0.0,2023-02-14
LPG (70-30),263.0,2023-02-14
LPG (rico en propano),380.0,2023-02-14
Av-Gas,990.0,2023-02-14
Jet fuel A-1,730.0,2023-02-14
Nafta pesada,0.0,2023-02-14
Gasolina RON 95,731.0,2023-02-03
Gasolina RON 91,671.0,2023-02-03
Gasolina RON 91 (pescadores),0.0,2023-02-03
Diésel para uso automotriz de 50 ppm de azufre,748.0,2023-02-03
Diésel uso automotriz 50 ppm azufre (pescadores),0.0,2023-02-03
Diésel marino,0.0,2023-02-03
Keroseno,725.0,2023-02-03
Bunker,0.0,2023-02-03
Bunker Térmico ICE,0.0,2023-02-03
Bunker Térmico ICE 2,0.0,2023-02-03
IFO 380,0.0,2023-02-03
Asfalto,0.0,2023-02-03
Asfalto AC-10,0.0,2023-02-03
Diésel pesado o gasóleo,0.0,2023-02-03
Emulsión asfáltica rápida (RR),0.0,2023-02-03
Emulsión asfáltica lenta (RL),0.0,2023-02-03
LPG (70-30),263.0,2023-02-03
LPG (rico en propano),380.0,2023-02-03
Av-Gas,991.0,2023-02-03
Jet fuel A-1,731.0,2023-02-03
Nafta pesada,0.0,2023-02-03
Gasolina RON 95,748.0,2023-01-16
Gasolina RON 91,786.0,2023-01-16
Gasolina RON 91 (pescadores),0.0,2023-01-16
Diésel para uso automotriz de 50 ppm de azufre,750.0,2023-01-16
Diésel uso automotriz 50 ppm azufre (pescadores),0.0,2023-01-16
Diésel marino,0.0,2023-01-16
Keroseno,688.0,2023-01-16
Bunker,0.0,2023-01-16
Bunker Térmico ICE,0.0,2023-01-16
Bunker Térmico ICE 2,0.0,2023-01-16
IFO 380,0.0,2023-01-16
Asfalto,0.0,2023-01-16
Asfalto AC-10,0.0,2023-01-16
Diésel pesado o gasóleo,0.0,2023-01-16
Emulsión asfáltica rápida (RR),0.0,2023-01-16
Emulsión asfáltica lenta (RL),0.0,2023-01-16
LPG (70-30),275.0,2023-01-16
LPG (rico en propano),380.0,2023-01-16
Av-Gas,933.0,2023-01-16
Jet fuel A-1,700.0,2023-01-16
Nafta pesada,0.0,2023-01-16
Gasolina RON 95,821.0,2022-12-08
Gasolina RON 91,783.0,2022-12-08
Gasolina RON 91 (pescadores),0.0,2022-12-08
Diésel para uso automotriz de 50 ppm de azufre,846.0,2022-12-08
Diésel uso automotriz 50 ppm azufre (pescadores),0.0,2022-12-08
Diésel marino,0.0,2022-12-08
Keroseno,759.0,2022-12-08
Bunker,0.0,2022-12-08
Bunker Térmico ICE,0.0,2022-12-08
Bunker Térmico ICE 2,0.0,2022-12-08
IFO 380,0.0,2022-12-08
Asfalto,0.0,2022-12-08
Asfalto AC-10,0.0,2022-12-08
Diésel pesado o gasóleo,0.0,2022-12-08
Emulsión asfáltica rápida (RR),0.0,2022-12-08
Emulsión asfáltica lenta (RL),0.0,2022-12-08
LPG (70-30),287.0,2022-12-08
LPG (rico en propano),380.0,2022-12-08
Av-Gas,1091.0,2022-12-08
Jet fuel A-1,774.0,2022-12-08
Nafta pesada,0.0,2022-12-08
Gasolina RON 95,795.0,2022-11-09
Gasolina RON 91,839.0,2022-11-09
Gasolina RON 91 (pescadores),0.0,2022-11-09
Diésel para uso automotriz de 50 ppm de azufre,824.0,2022-11-09
Diésel uso automotriz 50 ppm azufre (pescadores),0.0,2022-11-09
Diésel marino,0.0,2022-11-09
Keroseno,763.0,2022-11-09
Bunker,0.0,2022-11-09
Bunker Térmico ICE,0.0,2022-11-09
Bunker Térmico ICE 2,0.0,2022-11-09
IFO 380,0.0,2022-11-09
Asfalto,0.0,2022-11-09
Asfalto AC-10,0.0,2022-11-09
Diésel pesado o gasóleo,0.0,2022-11-09
Emulsión asfáltica rápida (RR),0.0,2022-11-09
Emulsión asfáltica lenta (RL),0.0,2022-11-09
LPG (70-30),301.0,2022-11-09
LPG (rico en propano),380.0,2022-11-09
Av-Gas,1073.0,2022-11-09
Jet fuel A-1,775.0,2022-11-09
Nafta pesada,0.0,2022-11-09
Gasolina RON 95,851.0,2022-11-03
Gasolina RON 91,811.0,2022-11-03
Gasolina RON 91 (pescadores),0.0,2022-11-03
Diésel para uso automotriz de 50 ppm de azufre,867.0,2022-11-03
Diésel uso automotriz 50 ppm azufre (pescadores),0.0,2022-11-03
Diésel marino,0.0,2022-11-03
Keroseno,794.0,2022-11-03
Bunker,0.0,2022-11-03
Bunker Térmico ICE,0.0,2022-11-03
Bunker Térmico ICE 2,0.0,2022-11-03
IFO 380,0.0,2022-11-03
Asfalto,0.0,2022-11-03
Asfalto AC-10,0.0,2022-11-03
Diésel pesado o gasóleo,0.0,2022-11-03
Emulsión asfáltica rápida (RR),0.0,2022-11-03
Emulsión asfáltica lenta (RL),0.0,2022-11-03
LPG (70-30),343.0,2022-11-03
LPG (rico en propano),380.0,2022-11-03
Av-Gas,1147.0,2022-11-03
Jet fuel A-1,804.0,2022-11-03
Nafta pesada,0.0,2022-11-03
Gasolina RON 95,851.0,2022-10-31
Gasolina RON 91,811.0,2022-10-31
Gasolina RON 91 (pescadores),0.0,2022-10-31
Diésel para uso automotriz de 50 ppm de azufre,867.0,2022-10-31
Diésel uso automotriz 50 ppm azufre (pescadores),0.0,2022-10-31
Diésel marino,0.0,2022-10-31
Keroseno,794.0,2022-10-31
Bunker,0.0,2022-10-31
Bunker Térmico ICE,0.0,2022-10-31
IFO 380,0.0,2022-10-31
Asfalto,0.0,2022-10-31
Asfalto AC-10,0.0,2022-10-31
Diésel pesado o gasóleo,0.0,2022-10-31
Emulsión asfáltica rápida (RR),0.0,2022-10-31
Emulsión asfáltica lenta (RL),0.0,2022-10-31
LPG (70-30),343.0,2022-10-31
LPG (rico en propano),380.0,2022-10-31
Av-Gas,1147.0,2022-10-31
Jet fuel A-1,804.0,2022-10-31
Nafta pesada,0.0,2022-10-31
Gasolina RON 95,846.0,2022-10-03
Gasolina RON 91,807.0,2022-10-03
Gasolina RON 91 (pescadores),0.0,2022-10-03
Diésel para uso automotriz de 50 ppm de azufre,865.0,2022-10-03
Diésel uso automotriz 50 ppm azufre (pescadores),0.0,2022-10-03
Diésel marino,0.0,2022-10-03
Keroseno,794.0,2022-10-03
Bunker,0.0,2022-10-03
Bunker Térmico ICE,0.0,2022-10-03
IFO 380,0.0,2022-10-03
Asfalto,0.0,2022-10-03
Asfalto AC-10,0.0,2022-10-03
Diésel pesado o gasóleo,0.0,2022-10-03
Emulsión asfáltica rápida (RR),0.0,2022-10-03
Emulsión asfáltica lenta (RL),0.0,2022-10-03
LPG (70-30),343.0,2022-10-03
LPG (rico en propano),315.0,2022-10-03
Av-Gas,1147.0,2022-10-03
Jet fuel A-1,801.0,2022-10-03
Nafta pesada,0.0,2022-10-03
Gasolina RON 95,956.0,2022-09-01
Gasolina RON 91,922.0,2022-09-01
Gasolina RON 91 (pescadores),0.0,2022-09-01
Diésel para uso automotriz de 50 ppm de azufre,872.0,2022-09-01
Diésel uso automotriz 50 ppm azufre (pescadores),0.0,2022-09-01
Diésel marino,0.0,2022-09-01
Keroseno,799.0,2022-09-01
Bunker,0.0,2022-09-01
Bunker Térmico ICE,0.0,2022-09-01
IFO 380,0.0,2022-09-01
Asfalto,0.0,2022-09-01
Asfalto AC-10,0.0,2022-09-01
Diésel pesado o gasóleo,0.0,2022-09-01
Emulsión asfáltica rápida (RR),0.0,2022-09-01
Emulsión asfáltica lenta (RL),0.0,2022-09-01
LPG (70-30),358.0,2022-09-01
LPG (rico en propano),315.0,2022-09-01
Av-Gas,1297.0,2022-09-01
Jet fuel A-1,856.0,2022-09-01
Nafta pesada,0.0,2022-09-01
Gasolina RON 95,1101.0,2022-08-12
Gasolina RON 91,1078.0,2022-08-12
Gasolina RON 91 (pescadores),0.0,2022-08-12
Diésel para uso automotriz de 50 ppm de azufre,1001.0,2022-08-12
Diésel uso automotriz 50 ppm azufre (pescadores),0.0,2022-08-12
Diésel marino,0.0,2022-08-12
Keroseno,984.0,2022-08-12
Bunker,0.0,2022-08-12
Bunker Térmico ICE,0.0,2022-08-12
IFO 380,0.0,2022-08-12
Asfalto,0.0,2022-08-12
Asfalto AC-10,0.0,2022-08-12
Diésel pesado o gasóleo,0.0,2022-08-12
Emulsión asfáltica rápida (RR),0.0,2022-08-12
Emulsión asfáltica lenta (RL),0.0,2022-08-12
LPG (70-30),380.87601,2022-08-12
LPG (rico en propano),315.12,2022-08-12
Av-Gas,1306.0,2022-08-12
Jet fuel A-1,1040.0,2022-08-12
Nafta pesada,0.0,2022-08-12
Gasolina RON 95,1104.0,2022-08-04
Gasolina RON 91,1081.0,2022-08-04
Gasolina RON 91 (pescadores),0.0,2022-08-04
Diésel para uso automotriz de 50 ppm de azufre,1004.0,2022-08-04
Diésel uso automotriz 50 ppm azufre (pescadores),0.0,2022-08-04
Diésel marino,0.0,2022-08-04
Keroseno,987.0,2022-08-04
Bunker,0.0,2022-08-04
Bunker Térmico ICE,0.0,2022-08-04
IFO 380,0.0,2022-08-04
Asfalto,0.0,2022-08-04
Asfalto AC-10,0.0,2022-08-04
Diésel pesado o gasóleo,0.0,2022-08-04
Emulsión asfáltica rápida (RR),0.0,2022-08-04
Emulsión asfáltica lenta (RL),0.0,2022-08-04
LPG (70-30),381.0,2022-08-04
LPG (rico en propano),372.0,2022-08-04
Av-Gas,1308.0,2022-08-04
Jet fuel A-1,1040.0,2022-08-04
Nafta pesada,0.0,2022-08-04
Gasolina RON 95,1016.0,2022-07-27
Gasolina RON 91,993.0,2022-07-27
Gasolina RON 91 (pescadores),0.0,2022-07-27
Diésel para uso automotriz de 50 ppm de azufre,873.0,2022-07-27
Diésel uso automotriz 50 ppm azufre (pescadores),0.0,2022-07-27
Diésel marino,0.0,2022-07-27
Keroseno,906.0,2022-07-27
Bunker,0.0,2022-07-27
Bunker Térmico ICE,0.0,2022-07-27
IFO 380,0.0,2022-07-27
Asfalto,0.0,2022-07-27
Asfalto AC-10,0.0,2022-07-27
Diésel pesado o gasóleo,0.0,2022-07-27
Emulsión asfáltica rápida (RR),0.0,2022-07-27
Emulsión asfáltica lenta (RL),0.0,2022-07-27
LPG (70-30),403.0,2022-07-27
LPG (rico en propano),372.0,2022-07-27
Av-Gas,1304.0,2022-07-27
Jet fuel A-1,963.0,2022-07-27
Nafta pesada,0.0,2022-07-27
Gasolina RON 95,1016.0,2022-07-02
Gasolina RON 91,993.0,2022-07-02
Gasolina RON 91 (pescadores),0.0,2022-07-02
Diésel para uso automotriz de 50 ppm de azufre,873.0,2022-07-02
Diésel uso automotriz 50 ppm azufre (pescadores),0.0,2022-07-02
Diésel marino,0.0,2022-07-02
Keroseno,906.0,2022-07-02
Bunker,0.0,2022-07-02
Bunker Térmico ICE,0.0,2022-07-02
IFO 380,0.0,2022-07-02
Asfalto,0.0,2022-07-02
Asfalto AC-10,0.0,2022-07-02
Diésel pesado o gasóleo,0.0,2022-07-02
Emulsión asfáltica rápida (RR),0.0,2022-07-02
Emulsión asfáltica lenta (RL),0.0,2022-07-02
LPG (70-30),407.0,2022-07-02
LPG (rico en propano),376.0,2022-07-02
Av-Gas,1304.0,2022-07-02
Jet fuel A-1,963.0,2022-07-02
Nafta pesada,0.0,2022-07-02
Gasolina RON 95,1059.0,2022-06-27
Gasolina RON 91,1021.0,2022-06-27
Gasolina RON 91 (pescadores),0.0,2022-06-27
Diésel para uso automotriz de 50 ppm de azufre,909.0,2022-06-27
Diésel uso automotriz 50 ppm azufre (pescadores),0.0,2022-06-27
Diésel marino,0.0,2022-06-27
Keroseno,912.0,2022-06-27
Bunker,0.0,2022-06-27
Bunker Térmico ICE,0.0,2022-06-27
IFO 380,0.0,2022-06-27
Asfalto,0.0,2022-06-27
Asfalto AC-10,0.0,2022-06-27
Diésel pesado o gasóleo,0.0,2022-06-27
Emulsión asfáltica rápida (RR),0.0,2022-06-27
Emulsión asfáltica lenta (RL),0.0,2022-06-27
LPG (70-30),408.0,2022-06-27
LPG (rico en propano),319.0,2022-06-27
Av-Gas,1253.0,2022-06-27
Jet fuel A-1,981.0,2022-06-27
Nafta pesada,0.0,2022-06-27
Gasolina RON 95,1060.0,2022-06-16
Gasolina RON 91,1022.0,2022-06-16
Gasolina RON 91 (pescadores),0.0,2022-06-16
Diésel para uso automotriz de 50 ppm de azufre,910.0,2022-06-16
Diésel uso automotriz 50 ppm azufre (pescadores),0.0,2022-06-16
Diésel marino,0.0,2022-06-16
Keroseno,911.0,2022-06-16
Bunker,0.0,2022-06-16
Bunker Térmico ICE,0.0,2022-06-16
IFO 380,0.0,2022-06-16
Asfalto,0.0,2022-06-16
Asfalto AC-10,0.0,2022-06-16
Diésel pesado o gasóleo,0.0,2022-06-16
Emulsión asfáltica rápida (RR),0.0,2022-06-16
Emulsión asfáltica lenta (RL),0.0,2022-06-16
LPG (70-30),408.0,2022-06-16
LPG (rico en propano),300.0,2022-06-16
Av-Gas,1252.0,2022-06-16
Jet fuel A-1,986.0,2022-06-16
Nafta pesada,0.0,2022-06-16
Gasolina RON 95 ,1062.0,2022-06-08
Gasolina RON 91,1024.0,2022-06-08
Gasolina RON 91 pescadores,0.0,2022-06-08
Diésel para uso automotriz de 50 ppm de azufre,1012.0,2022-06-08
Diésel para uso automotriz de 50 ppm de azufre pescadores,0.0,2022-06-08
Diésel marino,0.0,2022-06-08
Keroseno ,930.0,2022-06-08
Búnker    ,0.0,2022-06-08
Búnker Térmico ICE,0.0,2022-06-08
IFO 380   ,0.0,2022-06-08
Asfalto ,0.0,2022-06-08
Asfalto AC-10,0.0,2022-06-08
Diésel pesado o gasoleo,0.0,2022-06-08
Emulsión asfáltica rápida (RR),0.0,2022-06-08
Emulsión asfáltica lenta (RL),0.0,2022-06-08
LPG (70-30),410.0,2022-06-08
LPG (rico en propano),0.0,2022-06-08
Av-Gas          ,1314.0,2022-06-08
Jet fuel A-1,1001.0,2022-06-08
Nafta Pesada    ,0.0,2022-06-08
Gasolina RON 95 ,958.0,2022-05-17
Gasolina RON 91,933.0,2022-05-17
Gasolina RON 91 pescadores,0.0,2022-05-17
Diésel para uso automotriz de 50 ppm de azufre,908.0,2022-05-17
Diésel para uso automotriz de 50 ppm de azufre pescadores,0.0,2022-05-17
Diésel marino,0.0,2022-05-17
Keroseno ,841.0,2022-05-17
Búnker    ,0.0,2022-05-17
Búnker Térmico ICE,0.0,2022-05-17
IFO 380   ,0.0,2022-05-17
Asfalto ,0.0,2022-05-17
Asfalto AC-10,0.0,2022-05-17
Diésel pesado o gasoleo,0.0,2022-05-17
Emulsión asfáltica rápida (RR),0.0,2022-05-17
Emulsión asfáltica lenta (RL),0.0,2022-05-17
LPG (70-30),430.0,2022-05-17
LPG (rico en propano),0.0,2022-05-17
Av-Gas          ,1234.0,2022-05-17
Jet fuel A-1,912.0,2022-05-17
Nafta Pesada    ,0.0,2022-05-17
Gasolina RON 95 ,951.0,2022-05-04
Gasolina RON 91,927.0,2022-05-04
Gasolina RON 91 pescadores,0.0,2022-05-04
Diésel para uso automotriz de 50 ppm de azufre,904.0,2022-05-04
Diésel para uso automotriz de 50 ppm de azufre pescadores,0.0,2022-05-04
Diésel marino,0.0,2022-05-04
Keroseno ,839.0,2022-05-04
Búnker    ,0.0,2022-05-04
Búnker Térmico ICE,0.0,2022-05-04
IFO 380   ,0.0,2022-05-04
Asfalto ,0.0,2022-05-04
Asfalto AC-10,0.0,2022-05-04
Diésel pesado o gasoleo,0.0,2022-05-04
Emulsión asfáltica rápida (RR),0.0,2022-05-04
Emulsión asfáltica lenta (RL),0.0,2022-05-04
LPG (70-30),430.0,2022-05-04
LPG (rico en propano),0.0,2022-05-04
Av-Gas          ,1228.0,2022-05-04
Jet fuel A-1,908.0,2022-05-04
Nafta Pesada    ,0.0,2022-05-04
Gasolina RON 95 ,909.0,2022-03-30
Gasolina RON 91,889.0,2022-03-30
Gasolina RON 91 pescadores,0.0,2022-03-30
Diésel para uso automotriz de 50 ppm de azufre,845.0,2022-03-30
Diésel para uso automotriz de 50 ppm de azufre pescadores,0.0,2022-03-30
Diésel marino,0.0,2022-03-30
Keroseno ,740.0,2022-03-30
Búnker    ,0.0,2022-03-30
Búnker Térmico ICE,0.0,2022-03-30
IFO 380   ,0.0,2022-03-30
Asfalto ,0.0,2022-03-30
Asfalto AC-10,0.0,2022-03-30
Diésel pesado o gasoleo,0.0,2022-03-30
Emulsión asfáltica rápida (RR),0.0,2022-03-30
Emulsión asfáltica lenta (RL),0.0,2022-03-30
LPG (70-30),447.0,2022-03-30
LPG (rico en propano),0.0,2022-03-30
Av-Gas          ,1107.0,2022-03-30
Jet fuel A-1,795.0,2022-03-30
Nafta Pesada    ,0.0,2022-03-30
Gasolina RON 95 ,822.0,2022-03-01
Gasolina RON 91,804.0,2022-03-01
Gasolina RON 91 pescadores,0.0,2022-03-01
Diésel para uso automotriz de 50 ppm de azufre,724.0,2022-03-01
Diésel para uso automotriz de 50 ppm de azufre pescadores,0.0,2022-03-01
Diésel marino,0.0,2022-03-01
Keroseno ,640.0,2022-03-01
Búnker    ,0.0,2022-03-01
Búnker Térmico ICE,0.0,2022-03-01
IFO 380   ,0.0,2022-03-01
Asfalto ,0.0,2022-03-01
Asfalto AC-10,0.0,2022-03-01
Diésel pesado o gasoleo,0.0,2022-03-01
Emulsión asfáltica rápida (RR),0.0,2022-03-01
Emulsión asfáltica lenta (RL),0.0,2022-03-01
LPG (70-30),401.0,2022-03-01
LPG (rico en propano),0.0,2022-03-01
Av-Gas          ,1027.0,2022-03-01
Jet fuel A-1,695.0,2022-03-01
Nafta Pesada    ,0.0,2022-03-01
Gasolina RON 95 ,765.0,2022-02-10
Gasolina RON 91,748.0,2022-02-10
Gasolina RON 91 pescadores,0.0,2022-02-10
Diésel para uso automotriz de 50 ppm de azufre,671.0,2022-02-10
Diésel para uso automotriz de 50 ppm de azufre pescadores,0.0,2022-02-10
Diésel marino,0.0,2022-02-10
Keroseno ,594.0,2022-02-10
Búnker    ,0.0,2022-02-10
Búnker Térmico ICE,0.0,2022-02-10
IFO 380   ,0.0,2022-02-10
Asfalto ,0.0,2022-02-10
Asfalto AC-10,0.0,2022-02-10
Diésel pesado o gasoleo,0.0,2022-02-10
Emulsión asfáltica rápida (RR),0.0,2022-02-10
Emulsión asfáltica lenta (RL),0.0,2022-02-10
LPG (70-30),377.0,2022-02-10
LPG (rico en propano),0.0,2022-02-10
Av-Gas          ,1015.0,2022-02-10
Jet fuel A-1,653.0,2022-02-10
Nafta Pesada    ,0.0,2022-02-10
Gasolina RON 95 ,760.0,2022-02-01
Gasolina RON 91,744.0,2022-02-01
Gasolina RON 91 pescadores,0.0,2022-02-01
Diésel para uso automotriz de 50 ppm de azufre,668.0,2022-02-01
Diésel para uso automotriz de 50 ppm de azufre pescadores,0.0,2022-02-01
Diésel marino,0.0,2022-02-01
Keroseno ,593.0,2022-02-01
Búnker    ,0.0,2022-02-01
Búnker Térmico ICE,0.0,2022-02-01
IFO 380   ,0.0,2022-02-01
Asfalto ,0.0,2022-02-01
Asfalto AC-10,0.0,2022-02-01
Diésel pesado o gasoleo,0.0,2022-02-01
Emulsión asfáltica rápida (RR),0.0,2022-02-01
Emulsión asfáltica lenta (RL),0.0,2022-02-01
LPG (70-30),377.0,2022-02-01
LPG (rico en propano),0.0,2022-02-01
Av-Gas          ,1010.0,2022-02-01
Jet fuel A-1,650.0,2022-02-01
Nafta Pesada    ,0.0,2022-02-01
Gasolina RON 95 ,714.0,2022-01-14
Gasolina RON 91,697.0,2022-01-14
Gasolina RON 91 pescadores,0.0,2022-01-14
Diésel para uso automotriz de 50 ppm de azufre,611.0,2022-01-14
Diésel para uso automotriz de 50 ppm de azufre pescadores,0.0,2022-01-14
Diésel marino,0.0,2022-01-14
Keroseno ,535.0,2022-01-14
Búnker    ,0.0,2022-01-14
Búnker Térmico ICE,0.0,2022-01-14
IFO 380   ,0.0,2022-01-14
Asfalto ,0.0,2022-01-14
Asfalto AC-10,0.0,2022-01-14
Diésel pesado o gasoleo,0.0,2022-01-14
Emulsión asfáltica rápida (RR),0.0,2022-01-14
Emulsión asfáltica lenta (RL),0.0,2022-01-14
LPG (70-30),344.0,2022-01-14
LPG (rico en propano),0.0,2022-01-14
Av-Gas          ,992.0,2022-01-14
Jet fuel A-1,592.0,2022-01-14
Nafta Pesada    ,0.0,2022-01-14
Gasolina RON 95 ,714.0,2021-12-23
Gasolina RON 91,697.0,2021-12-23
Gasolina RON 91 pescadores,0.0,2021-12-23
Diésel para uso automotriz de 50 ppm de azufre,611.0,2021-12-23
Diésel para uso automotriz de 50 ppm de azufre pescadores,0.0,2021-12-23
Diésel marino,0.0,2021-12-23
Keroseno ,535.0,2021-12-23
Búnker    ,0.0,2021-12-23
Búnker Térmico ICE,0.0,2021-12-23
IFO 380   ,0.0,2021-12-23
Asfalto ,0.0,2021-12-23
Asfalto AC-10,0.0,2021-12-23
Diésel pesado o gasoleo,0.0,2021-12-23
Emulsión asfáltica rápida (RR),0.0,2021-12-23
Emulsión asfáltica lenta (RL),0.0,2021-12-23
LPG (70-30),372.0,2021-12-23
LPG (rico en propano),0.0,2021-12-23
Av-Gas          ,992.0,2021-12-23
Jet fuel A-1,592.0,2021-12-23
Nafta Pesada    ,0.0,2021-12-23
Gasolina RON 95 ,766.0,2021-12-01
Gasolina RON 91,750.0,2021-12-01
Gasolina RON 91 pescadores,0.0,2021-12-01
Diésel para uso automotriz de 50 ppm de azufre,649.0,2021-12-01
Diésel para uso automotriz de 50 ppm de azufre pescadores,0.0,2021-12-01
Diésel marino,0.0,2021-12-01
Keroseno ,582.0,2021-12-01
Búnker    ,0.0,2021-12-01
Búnker Térmico ICE,0.0,2021-12-01
IFO 380   ,0.0,2021-12-01
Asfalto ,0.0,2021-12-01
Asfalto AC-10,0.0,2021-12-01
Diésel pesado o gasoleo,0.0,2021-12-01
Emulsión asfáltica rápida (RR),0.0,2021-12-01
Emulsión asfáltica lenta (RL),0.0,2021-12-01
LPG (70-30),447.0,2021-12-01
LPG (rico en propano),0.0,2021-12-01
Av-Gas          ,1053.0,2021-12-01
Jet fuel A-1,623.0,2021-12-01
Nafta Pesada    ,0.0,2021-12-01
Gasolina RON 95 ,738.0,2021-11-12
Gasolina RON 91,723.0,2021-11-12
Gasolina RON 91 pescadores,0.0,2021-11-12
Diésel para uso automotriz de 50 ppm de azufre,621.0,2021-11-12
Diésel para uso automotriz de 50 ppm de azufre pescadores,0.0,2021-11-12
Diésel marino,0.0,2021-11-12
Keroseno ,553.0,2021-11-12
Búnker    ,0.0,2021-11-12
Búnker Térmico ICE,0.0,2021-11-12
IFO 380   ,0.0,2021-11-12
Asfalto ,0.0,2021-11-12
Asfalto AC-10,0.0,2021-11-12
Diésel pesado o gasoleo,0.0,2021-11-12
Emulsión asfáltica rápida (RR),0.0,2021-11-12
Emulsión asfáltica lenta (RL),0.0,2021-11-12
LPG (70-30),446.0,2021-11-12
LPG (rico en propano),0.0,2021-11-12
Av-Gas          ,1006.0,2021-11-12
Jet fuel A-1,594.0,2021-11-12
Nafta Pesada    ,0.0,2021-11-12
Gasolina RON 95 ,736.0,2021-10-27
Gasolina RON 91,721.0,2021-10-27
Gasolina RON 91 pescadores,0.0,2021-10-27
Diésel para uso automotriz de 50 ppm de azufre,620.0,2021-10-27
Diésel para uso automotriz de 50 ppm de azufre pescadores,0.0,2021-10-27
Diésel marino,0.0,2021-10-27
Keroseno ,553.0,2021-10-27
Búnker    ,0.0,2021-10-27
Búnker Térmico ICE,0.0,2021-10-27
IFO 380   ,0.0,2021-10-27
Asfalto ,0.0,2021-10-27
Asfalto AC-10,0.0,2021-10-27
Diésel pesado o gasoleo,0.0,2021-10-27
Emulsión asfáltica rápida (RR),0.0,2021-10-27
Emulsión asfáltica lenta (RL),0.0,2021-10-27
LPG (70-30),446.0,2021-10-27
LPG (rico en propano),0.0,2021-10-27
Av-Gas          ,1005.0,2021-10-27
Jet fuel A-1,593.0,2021-10-27
Nafta Pesada    ,0.0,2021-10-27
Gasolina RON 95 ,734.0,2021-09-29
Gasolina RON 91,715.0,2021-09-29
Gasolina RON 91 pescadores,0.0,2021-09-29
Diésel para uso automotriz de 50 ppm de azufre,596.0,2021-09-29
Diésel para uso automotriz de 50 ppm de azufre pescadores,0.0,2021-09-29
Diésel marino,0.0,2021-09-29
Keroseno ,512.0,2021-09-29
Búnker    ,0.0,2021-09-29
Búnker Térmico ICE,0.0,2021-09-29
IFO 380   ,0.0,2021-09-29
Asfalto ,0.0,2021-09-29
Asfalto AC-10,0.0,2021-09-29
Diésel pesado o gasoleo,0.0,2021-09-29
Emulsión asfáltica rápida (RR),0.0,2021-09-29
Emulsión asfáltica lenta (RL),0.0,2021-09-29
LPG (70-30),399.0,2021-09-29
LPG (rico en propano),0.0,2021-09-29
Av-Gas          ,998.0,2021-09-29
Jet fuel A-1,567.0,2021-09-29
Nafta Pesada    ,0.0,2021-09-29
Gasolina RON 95 ,741.0,2021-08-31
Gasolina RON 91,718.0,2021-08-31
Gasolina RON 91 pescadores,0.0,2021-08-31
Diésel para uso automotriz de 50 ppm de azufre,589.0,2021-08-31
Diésel para uso automotriz de 50 ppm de azufre pescadores,0.0,2021-08-31
Diésel marino,0.0,2021-08-31
Keroseno ,499.0,2021-08-31
Búnker    ,0.0,2021-08-31
Búnker Térmico ICE,0.0,2021-08-31
IFO 380   ,0.0,2021-08-31
Asfalto ,0.0,2021-08-31
Asfalto AC-10,0.0,2021-08-31
Diésel pesado o gasoleo,0.0,2021-08-31
Emulsión asfáltica rápida (RR),0.0,2021-08-31
Emulsión asfáltica lenta (RL),0.0,2021-08-31
LPG (70-30),383.0,2021-08-31
LPG (rico en propano),0.0,2021-08-31
Av-Gas          ,1014.0,2021-08-31
Jet fuel A-1,554.0,2021-08-31
Nafta Pesada    ,0.0,2021-08-31
Gasolina RON 95 ,751.0,2021-08-12
Gasolina RON 91,727.0,2021-08-12
Gasolina RON 91 pescadores,0.0,2021-08-12
Diésel para uso automotriz de 50 ppm de azufre,598.0,2021-08-12
Diésel para uso automotriz de 50 ppm de azufre pescadores,0.0,2021-08-12
Diésel marino,0.0,2021-08-12
Keroseno ,506.0,2021-08-12
Búnker    ,0.0,2021-08-12
Búnker Térmico ICE,0.0,2021-08-12
IFO 380   ,0.0,2021-08-12
Asfalto ,0.0,2021-08-12
Asfalto AC-10,0.0,2021-08-12
Diésel pesado o gasoleo,0.0,2021-08-12
Emulsión asfáltica rápida (RR),0.0,2021-08-12
Emulsión asfáltica lenta (RL),0.0,2021-08-12
LPG (70-30),375.0,2021-08-12
LPG (rico en propano),0.0,2021-08-12
Av-Gas          ,988.0,2021-08-12
Jet fuel A-1,549.0,2021-08-12
Nafta Pesada    ,0.0,2021-08-12
Gasolina RON 95 ,749.0,2021-07-28
Gasolina RON 91,725.0,2021-07-28
Gasolina RON 91 pescadores,0.0,2021-07-28
Diésel para uso automotriz de 50 ppm de azufre,597.0,2021-07-28
Diésel para uso automotriz de 50 ppm de azufre pescadores,0.0,2021-07-28
Diésel marino,0.0,2021-07-28
Keroseno ,506.0,2021-07-28
Búnker    ,0.0,2021-07-28
Búnker Térmico ICE,0.0,2021-07-28
IFO 380   ,0.0,2021-07-28
Asfalto ,0.0,2021-07-28
Asfalto AC-10,0.0,2021-07-28
Diésel pesado o gasoleo,0.0,2021-07-28
Emulsión asfáltica rápida (RR),0.0,2021-07-28
Emulsión asfáltica lenta (RL),0.0,2021-07-28
LPG (70-30),374.0,2021-07-28
LPG (rico en propano),0.0,2021-07-28
Av-Gas          ,986.0,2021-07-28
Jet fuel A-1,548.0,2021-07-28
Nafta Pesada    ,0.0,2021-07-28
Gasolina RON 95 ,733.0,2021-06-29
Gasolina RON 91,711.0,2021-06-29
Gasolina RON 91 pescadores,0.0,2021-06-29
Diésel para uso automotriz de 50 ppm de azufre,593.0,2021-06-29
Diésel para uso automotriz de 50 ppm de azufre pescadores,0.0,2021-06-29
Diésel marino,0.0,2021-06-29
Keroseno ,493.0,2021-06-29
Búnker    ,0.0,2021-06-29
Búnker Térmico ICE,0.0,2021-06-29
IFO 380   ,0.0,2021-06-29
Asfalto ,0.0,2021-06-29
Asfalto AC-10,0.0,2021-06-29
Diésel pesado o gasoleo,0.0,2021-06-29
Emulsión asfáltica rápida (RR),0.0,2021-06-29
Emulsión asfáltica lenta (RL),0.0,2021-06-29
LPG (70-30),343.0,2021-06-29
LPG (rico en propano),0.0,2021-06-29
Av-Gas          ,961.0,2021-06-29
Jet fuel A-1,534.0,2021-06-29
Nafta Pesada    ,0.0,2021-06-29
Gasolina RON 95 ,734.0,2021-06-14
Gasolina RON 91,715.0,2021-06-14
Gasolina RON 91 pescadores,0.0,2021-06-14
Diésel para uso automotriz de 50 ppm de azufre,591.0,2021-06-14
Diésel para uso automotriz de 50 ppm de azufre pescadores,0.0,2021-06-14
Diésel marino,0.0,2021-06-14
Keroseno ,485.0,2021-06-14
Búnker    ,0.0,2021-06-14
Búnker Térmico ICE,0.0,2021-06-14
IFO 380   ,0.0,2021-06-14
Asfalto ,0.0,2021-06-14
Asfalto AC-10,0.0,2021-06-14
Diésel pesado o gasoleo,0.0,2021-06-14
Emulsión asfáltica rápida (RR),0.0,2021-06-14
Emulsión asfáltica lenta (RL),0.0,2021-06-14
LPG (70-30),321.0,2021-06-14
LPG (rico en propano),0.0,2021-06-14
Av-Gas          ,977.0,2021-06-14
Jet fuel A-1,527.0,2021-06-14
Nafta Pesada    ,0.0,2021-06-14
Gasolina RON 95 ,730.0,2021-06-01
Gasolina RON 91,710.0,2021-06-01
Gasolina RON 91 pescadores,0.0,2021-06-01
Diésel para uso automotriz de 50 ppm de azufre,587.0,2021-06-01
Diésel para uso automotriz de 50 ppm de azufre pescadores,0.0,2021-06-01
Diésel marino,0.0,2021-06-01
Keroseno ,481.0,2021-06-01
Búnker    ,0.0,2021-06-01
Búnker Térmico ICE,0.0,2021-06-01
IFO 380   ,0.0,2021-06-01
Asfalto ,0.0,2021-06-01
Asfalto AC-10,0.0,2021-06-01
Diésel pesado o gasoleo,0.0,2021-06-01
Emulsión asfáltica rápida (RR),0.0,2021-06-01
Emulsión asfáltica lenta (RL),0.0,2021-06-01
LPG (70-30),317.0,2021-06-01
LPG (rico en propano),0.0,2021-06-01
Av-Gas          ,977.0,2021-06-01
Jet fuel A-1,527.0,2021-06-01
Nafta Pesada    ,0.0,2021-06-01
Gasolina RON 95 ,708.0,2021-04-30
Gasolina RON 91,689.0,2021-04-30
Gasolina RON 91 pescadores,0.0,2021-04-30
Diésel para uso automotriz de 50 ppm de azufre,553.0,2021-04-30
Diésel para uso automotriz de 50 ppm de azufre pescadores,0.0,2021-04-30
Diésel marino,0.0,2021-04-30
Keroseno ,455.0,2021-04-30
Búnker    ,0.0,2021-04-30
Búnker Térmico ICE,0.0,2021-04-30
IFO 380   ,0.0,2021-04-30
Asfalto ,0.0,2021-04-30
Asfalto AC-10,0.0,2021-04-30
Diésel pesado o gasoleo,0.0,2021-04-30
Emulsión asfáltica rápida (RR),0.0,2021-04-30
Emulsión asfáltica lenta (RL),0.0,2021-04-30
LPG (70-30),330.0,2021-04-30
LPG (rico en propano),0.0,2021-04-30
Av-Gas          ,957.0,2021-04-30
Jet fuel A-1,502.0,2021-04-30
Nafta Pesada    ,0.0,2021-04-30
Gasolina RON 95 ,708.0,2021-04-27
Gasolina RON 91,689.0,2021-04-27
Gasolina RON 91 pescadores,0.0,2021-04-27
Diésel para uso automotriz de 50 ppm de azufre,554.0,2021-04-27
Diésel para uso automotriz de 50 ppm de azufre pescadores,0.0,2021-04-27
Diésel marino,0.0,2021-04-27
Keroseno ,455.0,2021-04-27
Búnker    ,0.0,2021-04-27
Búnker Térmico ICE,0.0,2021-04-27
IFO 380   ,0.0,2021-04-27
Asfalto ,0.0,2021-04-27
Asfalto AC-10,0.0,2021-04-27
Diésel pesado o gasoleo,0.0,2021-04-27
Emulsión asfáltica rápida (RR),0.0,2021-04-27
Emulsión asfáltica lenta (RL),0.0,2021-04-27
LPG (70-30),330.0,2021-04-27
LPG (rico en propano),0.0,2021-04-27
Av-Gas          ,957.0,2021-04-27
Jet fuel A-1,502.0,2021-04-27
Nafta Pesada    ,0.0,2021-04-27
Gasolina RON 95 ,700.0,2021-04-06
Gasolina RON 91,683.0,2021-04-06
Gasolina RON 91 pescadores,0.0,2021-04-06
Diésel para uso automotriz de 50 ppm de azufre,572.0,2021-04-06
Diésel para uso automotriz de 50 ppm de azufre pescadores,0.0,2021-04-06
Diésel marino,0.0,2021-04-06
Keroseno ,469.0,2021-04-06
Búnker    ,0.0,2021-04-06
Búnker Térmico ICE,0.0,2021-04-06
IFO 380   ,0.0,2021-04-06
Asfalto ,0.0,2021-04-06
Asfalto AC-10,0.0,2021-04-06
Diésel pesado o gasoleo,0.0,2021-04-06
Emulsión asfáltica rápida (RR),0.0,2021-04-06
Emulsión asfáltica lenta (RL),0.0,2021-04-06
LPG (70-30),322.0,2021-04-06
LPG (rico en propano),0.0,2021-04-06
Av-Gas          ,952.0,2021-04-06
Jet fuel A-1,516.0,2021-04-06
Nafta Pesada    ,0.0,2021-04-06
Gasolina RON 95 ,643.0,2021-03-02
Gasolina RON 91,628.0,2021-03-02
Gasolina RON 91 pescadores,0.0,2021-03-02
Diésel para uso automotriz de 50 ppm de azufre,536.0,2021-03-02
Diésel para uso automotriz de 50 ppm de azufre pescadores,0.0,2021-03-02
Diésel marino,0.0,2021-03-02
Keroseno ,440.0,2021-03-02
Búnker    ,0.0,2021-03-02
Búnker Térmico ICE,0.0,2021-03-02
IFO 380   ,0.0,2021-03-02
Asfalto ,0.0,2021-03-02
Asfalto AC-10,0.0,2021-03-02
Diésel pesado o gasoleo,0.0,2021-03-02
Emulsión asfáltica rápida (RR),0.0,2021-03-02
Emulsión asfáltica lenta (RL),0.0,2021-03-02
LPG (70-30),322.0,2021-03-02
LPG (rico en propano),0.0,2021-03-02
Av-Gas          ,901.0,2021-03-02
Jet fuel A-1,485.0,2021-03-02
Nafta Pesada    ,0.0,2021-03-02
Gasolina RON 95 ,606.0,2021-02-09
Gasolina RON 91,591.0,2021-02-09
Gasolina RON 91 pescadores,0.0,2021-02-09
Diésel para uso automotriz de 50 ppm de azufre,504.0,2021-02-09
Diésel para uso automotriz de 50 ppm de azufre pescadores,0.0,2021-02-09
Diésel marino,0.0,2021-02-09
Keroseno ,415.0,2021-02-09
Búnker    ,0.0,2021-02-09
Búnker Térmico ICE,0.0,2021-02-09
IFO 380   ,0.0,2021-02-09
Asfalto ,0.0,2021-02-09
Asfalto AC-10,0.0,2021-02-09
Diésel pesado o gasoleo,0.0,2021-02-09
Emulsión asfáltica rápida (RR),0.0,2021-02-09
Emulsión asfáltica lenta (RL),0.0,2021-02-09
LPG (70-30),310.0,2021-02-09
LPG (rico en propano),0.0,2021-02-09
Av-Gas          ,879.0,2021-02-09
Jet fuel A-1,463.0,2021-02-09
Nafta Pesada    ,0.0,2021-02-09
Gasolina RON 95 ,605.0,2021-01-28
Gasolina RON 91,589.0,2021-01-28
Gasolina RON 91 pescadores,0.0,2021-01-28
Diésel para uso automotriz de 50 ppm de azufre,503.0,2021-01-28
Diésel para uso automotriz de 50 ppm de azufre pescadores,0.0,2021-01-28
Diésel marino,0.0,2021-01-28
Keroseno ,415.0,2021-01-28
Búnker    ,0.0,2021-01-28
Búnker Térmico ICE,0.0,2021-01-28
IFO 380   ,0.0,2021-01-28
Asfalto ,0.0,2021-01-28
Asfalto AC-10,0.0,2021-01-28
Diésel pesado o gasoleo,0.0,2021-01-28
Emulsión asfáltica rápida (RR),0.0,2021-01-28
Emulsión asfáltica lenta (RL),0.0,2021-01-28
LPG (70-30),310.0,2021-01-28
LPG (rico en propano),0.0,2021-01-28
Av-Gas          ,877.0,2021-01-28
Jet fuel A-1,462.0,2021-01-28
Nafta Pesada    ,0.0,2021-01-28
Gasolina RON 95 ,583.0,2021-01-11
Gasolina RON 91,562.0,2021-01-11
Gasolina RON 91 pescadores,0.0,2021-01-11
Diésel para uso automotriz de 50 ppm de azufre,483.0,2021-01-11
Diésel para uso automotriz de 50 ppm de azufre pescadores,0.0,2021-01-11
Diésel marino,0.0,2021-01-11
Keroseno ,400.0,2021-01-11
Búnker    ,0.0,2021-01-11
Búnker Térmico ICE,0.0,2021-01-11
IFO 380   ,0.0,2021-01-11
Asfalto ,0.0,2021-01-11
Asfalto AC-10,0.0,2021-01-11
Diésel pesado o gasoleo,0.0,2021-01-11
Emulsión asfáltica rápida (RR),0.0,2021-01-11
Emulsión asfáltica lenta (RL),0.0,2021-01-11
LPG (70-30),277.0,2021-01-11
LPG (rico en propano),0.0,2021-01-11
Av-Gas          ,851.0,2021-01-11
Jet fuel A-1,446.0,2021-01-11
Nafta Pesada    ,0.0,2021-01-11
Gasolina RON 95 ,556.0,2020-12-16
Gasolina RON 91,533.0,2020-12-16
Gasolina RON 91 pescadores,0.0,2020-12-16
Diésel para uso automotriz de 50 ppm de azufre,454.0,2020-12-16
Diésel para uso automotriz de 50 ppm de azufre pescadores,0.0,2020-12-16
Diésel marino,0.0,2020-12-16
Keroseno ,368.0,2020-12-16
Búnker    ,0.0,2020-12-16
Búnker Térmico ICE,0.0,2020-12-16
IFO 380   ,0.0,2020-12-16
Asfalto ,0.0,2020-12-16
Asfalto AC-10,0.0,2020-12-16
Diésel pesado o gasoleo,0.0,2020-12-16
Emulsión asfáltica rápida (RR),0.0,2020-12-16
Emulsión asfáltica lenta (RL),0.0,2020-12-16
LPG (70-30),271.0,2020-12-16
LPG (rico en propano),0.0,2020-12-16
Av-Gas          ,832.0,2020-12-16
Jet fuel A-1,426.0,2020-12-16
Nafta Pesada    ,0.0,2020-12-16
Gasolina RON 95 ,552.0,2020-12-01
Gasolina RON 91,529.0,2020-12-01
Gasolina RON 91 pescadores,0.0,2020-12-01
Diésel para uso automotriz de 50 ppm de azufre,450.0,2020-12-01
Diésel para uso automotriz de 50 ppm de azufre pescadores,0.0,2020-12-01
Diésel marino,0.0,2020-12-01
Keroseno ,364.0,2020-12-01
Búnker    ,0.0,2020-12-01
Búnker Térmico ICE,0.0,2020-12-01
IFO 380   ,0.0,2020-12-01
Asfalto ,0.0,2020-12-01
Asfalto AC-10,0.0,2020-12-01
Diésel pesado o gasoleo,0.0,2020-12-01
Emulsión asfáltica rápida (RR),0.0,2020-12-01
Emulsión asfáltica lenta (RL),0.0,2020-12-01
LPG (70-30),271.0,2020-12-01
LPG (rico en propano),0.0,2020-12-01
Av-Gas          ,831.0,2020-12-01
Jet fuel A-1,424.0,2020-12-01
Nafta Pesada    ,0.0,2020-12-01
Gasolina RON 95 ,572.0,2020-11-06
Gasolina RON 91,547.0,2020-11-06
Gasolina RON 91 pescadores,0.0,2020-11-06
Diésel para uso automotriz de 50 ppm de azufre,441.0,2020-11-06
Diésel para uso automotriz de 50 ppm de azufre pescadores,0.0,2020-11-06
Diésel marino,0.0,2020-11-06
Keroseno ,355.0,2020-11-06
Búnker    ,0.0,2020-11-06
Búnker Térmico ICE,0.0,2020-11-06
IFO 380   ,0.0,2020-11-06
Asfalto ,0.0,2020-11-06
Asfalto AC-10,0.0,2020-11-06
Diésel pesado o gasoleo,0.0,2020-11-06
Emulsión asfáltica rápida (RR),0.0,2020-11-06
Emulsión asfáltica lenta (RL),0.0,2020-11-06
LPG (70-30),256.0,2020-11-06
LPG (rico en propano),0.0,2020-11-06
Av-Gas          ,850.0,2020-11-06
Jet fuel A-1,415.0,2020-11-06
Nafta Pesada    ,0.0,2020-11-06
Gasolina RON 95 ,571.0,2020-10-28
Gasolina RON 91,546.0,2020-10-28
Gasolina RON 91 pescadores,0.0,2020-10-28
Diésel para uso automotriz de 50 ppm de azufre,440.0,2020-10-28
Diésel para uso automotriz de 50 ppm de azufre pescadores,0.0,2020-10-28
Diésel marino,0.0,2020-10-28
Keroseno ,355.0,2020-10-28
Búnker    ,0.0,2020-10-28
Búnker Térmico ICE,0.0,2020-10-28
IFO 380   ,0.0,2020-10-28
Asfalto ,0.0,2020-10-28
Asfalto AC-10,0.0,2020-10-28
Diésel pesado o gasoleo,0.0,2020-10-28
Emulsión asfáltica rápida (RR),0.0,2020-10-28
Emulsión asfáltica lenta (RL),0.0,2020-10-28
LPG (70-30),256.0,2020-10-28
LPG (rico en propano),0.0,2020-10-28
Av-Gas          ,848.0,2020-10-28
Jet fuel A-1,414.0,2020-10-28
Nafta Pesada    ,0.0,2020-10-28
Gasolina RON 95 ,608.0,2020-09-30
Gasolina RON 91,578.0,2020-09-30
Gasolina RON 91 pescadores,0.0,2020-09-30
Diésel para uso automotriz de 50 ppm de azufre,487.0,2020-09-30
Diésel para uso automotriz de 50 ppm de azufre pescadores,0.0,2020-09-30
Diésel marino,0.0,2020-09-30
Keroseno ,366.0,2020-09-30
Búnker    ,0.0,2020-09-30
Búnker Térmico ICE,0.0,2020-09-30
IFO 380   ,0.0,2020-09-30
Asfalto ,0.0,2020-09-30
Asfalto AC-10,0.0,2020-09-30
Diésel pesado o gasoleo,0.0,2020-09-30
Emulsión asfáltica rápida (RR),0.0,2020-09-30
Emulsión asfáltica lenta (RL),0.0,2020-09-30
LPG (70-30),252.0,2020-09-30
LPG (rico en propano),0.0,2020-09-30
Av-Gas          ,869.0,2020-09-30
Jet fuel A-1,444.0,2020-09-30
Nafta Pesada    ,0.0,2020-09-30
Gasolina RON 95 ,599.0,2020-09-02
Gasolina RON 91,570.0,2020-09-02
Gasolina RON 91 pescadores,0.0,2020-09-02
Diésel para uso automotriz de 50 ppm de azufre,495.0,2020-09-02
Diésel para uso automotriz de 50 ppm de azufre pescadores,0.0,2020-09-02
Diésel marino,0.0,2020-09-02
Keroseno ,371.0,2020-09-02
Búnker    ,0.0,2020-09-02
Búnker Térmico ICE,0.0,2020-09-02
IFO 380   ,0.0,2020-09-02
Asfalto ,0.0,2020-09-02
Asfalto AC-10,0.0,2020-09-02
Diésel pesado o gasoleo,0.0,2020-09-02
Emulsión asfáltica rápida (RR),0.0,2020-09-02
Emulsión asfáltica lenta (RL),0.0,2020-09-02
LPG (70-30),252.0,2020-09-02
LPG (rico en propano),0.0,2020-09-02
Av-Gas          ,851.0,2020-09-02
Jet fuel A-1,449.0,2020-09-02
Nafta Pesada    ,0.0,2020-09-02
Gasolina RON 95 ,570.0,2020-08-03
Gasolina RON 91,551.0,2020-08-03
Gasolina RON 91 pescadores,0.0,2020-08-03
Diésel para uso automotriz de 50 ppm de azufre,445.0,2020-08-03
Diésel para uso automotriz de 50 ppm de azufre pescadores,0.0,2020-08-03
Diésel marino,0.0,2020-08-03
Keroseno ,352.0,2020-08-03
Búnker    ,0.0,2020-08-03
Búnker Térmico ICE,0.0,2020-08-03
IFO 380   ,0.0,2020-08-03
Asfalto ,0.0,2020-08-03
Asfalto AC-10,0.0,2020-08-03
Diésel pesado o gasoleo,0.0,2020-08-03
Emulsión asfáltica rápida (RR),0.0,2020-08-03
Emulsión asfáltica lenta (RL),0.0,2020-08-03
LPG (70-30),242.04644,2020-08-03
LPG (rico en propano),0.0,2020-08-03
Av-Gas          ,792.0,2020-08-03
Jet fuel A-1,409.0,2020-08-03
Nafta Pesada    ,0.0,2020-08-03
Gasolina RON 95 ,572.0,2020-07-25
Gasolina RON 91,552.0,2020-07-25
Gasolina RON 91 pescadores,0.0,2020-07-25
Diésel para uso automotriz de 50 ppm de azufre,446.0,2020-07-25
Diésel para uso automotriz de 50 ppm de azufre pescadores,0.0,2020-07-25
Diésel marino,0.0,2020-07-25
Keroseno ,352.0,2020-07-25
Búnker    ,0.0,2020-07-25
Búnker Térmico ICE,0.0,2020-07-25
IFO 380   ,0.0,2020-07-25
Asfalto ,0.0,2020-07-25
Asfalto AC-10,0.0,2020-07-25
Diésel pesado o gasoleo,0.0,2020-07-25
Emulsión asfáltica rápida (RR),0.0,2020-07-25
Emulsión asfáltica lenta (RL),0.0,2020-07-25
LPG (70-30),242.29644,2020-07-25
LPG (rico en propano),0.0,2020-07-25
Av-Gas          ,794.0,2020-07-25
Jet fuel A-1,410.0,2020-07-25
Nafta Pesada    ,0.0,2020-07-25
Gasolina RON 95 ,580.0,2020-07-01
Gasolina RON 91,555.0,2020-07-01
Gasolina RON 91 pescadores,0.0,2020-07-01
Diésel para uso automotriz de 50 ppm de azufre,421.0,2020-07-01
Diésel para uso automotriz de 50 ppm de azufre pescadores,0.0,2020-07-01
Diésel marino,0.0,2020-07-01
Keroseno ,332.0,2020-07-01
Búnker    ,0.0,2020-07-01
Búnker Térmico ICE,0.0,2020-07-01
IFO 380   ,0.0,2020-07-01
Asfalto ,0.0,2020-07-01
Asfalto AC-10,0.0,2020-07-01
Diésel pesado o gasoleo,0.0,2020-07-01
Emulsión asfáltica rápida (RR),0.0,2020-07-01
Emulsión asfáltica lenta (RL),0.0,2020-07-01
LPG (70-30),246.26047,2020-07-01
LPG (rico en propano),0.0,2020-07-01
Av-Gas          ,763.0,2020-07-01
Jet fuel A-1,390.0,2020-07-01
Nafta Pesada    ,0.0,2020-07-01
Gasolina RON 95 ,580.0,2020-05-27
Gasolina RON 91,555.0,2020-05-27
Gasolina RON 91 pescadores,0.0,2020-05-27
Diésel para uso automotriz de 50 ppm de azufre,358.0,2020-05-27
Diésel para uso automotriz de 50 ppm de azufre pescadores,0.0,2020-05-27
Diésel marino,0.0,2020-05-27
Keroseno ,272.0,2020-05-27
Búnker    ,0.0,2020-05-27
Búnker Térmico ICE,0.0,2020-05-27
IFO 380   ,0.0,2020-05-27
Asfalto ,0.0,2020-05-27
Asfalto AC-10,0.0,2020-05-27
Diésel pesado o gasoleo,0.0,2020-05-27
Emulsión asfáltica rápida (RR),0.0,2020-05-27
Emulsión asfáltica lenta (RL),0.0,2020-05-27
LPG (70-30),216.91719,2020-05-27
LPG (rico en propano),0.0,2020-05-27
Av-Gas          ,652.0,2020-05-27
Jet fuel A-1,317.0,2020-05-27
Nafta Pesada    ,0.0,2020-05-27
Gasolina RON 95 ,580.0,2020-05-07
Gasolina RON 91,555.0,2020-05-07
Gasolina RON 91 pescadores,0.0,2020-05-07
Diésel para uso automotriz de 50 ppm de azufre,400.0,2020-05-07
Diésel para uso automotriz de 50 ppm de azufre pescadores,0.0,2020-05-07
Diésel marino,0.0,2020-05-07
Keroseno ,300.0,2020-05-07
Búnker    ,0.0,2020-05-07
Búnker Térmico ICE,0.0,2020-05-07
IFO 380   ,0.0,2020-05-07
Asfalto ,0.0,2020-05-07
Asfalto AC-10,0.0,2020-05-07
Diésel pesado o gasoleo,0.0,2020-05-07
Emulsión asfáltica rápida (RR),0.0,2020-05-07
Emulsión asfáltica lenta (RL),0.0,2020-05-07
LPG (70-30),0.0,2020-05-07
LPG (rico en propano),0.0,2020-05-07
Av-Gas          ,645.0,2020-05-07
Jet fuel A-1,346.0,2020-05-07
Nafta Pesada    ,0.0,2020-05-07
Gasolina RON 95 ,580.0,2020-04-27
Gasolina RON 91,555.0,2020-04-27
Gasolina RON 91 pescadores,0.0,2020-04-27
Diésel para uso automotriz de 50 ppm de azufre,399.0,2020-04-27
Diésel para uso automotriz de 50 ppm de azufre pescadores,0.0,2020-04-27
Diésel marino,0.0,2020-04-27
Keroseno ,300.0,2020-04-27
Búnker    ,0.0,2020-04-27
Búnker Térmico ICE,0.0,2020-04-27
IFO 380   ,0.0,2020-04-27
Asfalto ,0.0,2020-04-27
Asfalto AC-10,0.0,2020-04-27
Diésel pesado o gasoleo,0.0,2020-04-27
Emulsión asfáltica rápida (RR),0.0,2020-04-27
Emulsión asfáltica lenta (RL),0.0,2020-04-27
LPG (70-30),0.0,2020-04-27
LPG (rico en propano),0.0,2020-04-27
Av-Gas          ,644.0,2020-04-27
Jet fuel A-1,345.0,2020-04-27
Nafta Pesada    ,0.0,2020-04-27
Gasolina RON 95 ,580.0,2020-03-27
Gasolina RON 91,555.0,2020-03-27
Gasolina RON 91 pescadores,0.0,2020-03-27
Diésel para uso automotriz de 50 ppm de azufre,464.0,2020-03-27
Diésel para uso automotriz de 50 ppm de azufre pescadores,0.0,2020-03-27
Diésel marino,0.0,2020-03-27
Keroseno ,378.0,2020-03-27
Búnker    ,0.0,2020-03-27
Búnker Térmico ICE,0.0,2020-03-27
IFO 380   ,0.0,2020-03-27
Asfalto ,0.0,2020-03-27
Asfalto AC-10,0.0,2020-03-27
Diésel pesado o gasoleo,0.0,2020-03-27
Emulsión asfáltica rápida (RR),0.0,2020-03-27
Emulsión asfáltica lenta (RL),0.0,2020-03-27
LPG (70-30),227.15039,2020-03-27
LPG (rico en propano),0.0,2020-03-27
Av-Gas          ,891.0,2020-03-27
Jet fuel A-1,439.0,2020-03-27
Nafta Pesada    ,0.0,2020-03-27
Gasolina RON 95 ,606.0,2020-03-04
Gasolina RON 91,583.0,2020-03-04
Diésel para uso automotriz de 50 ppm de azufre,498.0,2020-03-04
Keroseno ,418.0,2020-03-04
LPG (70-30),237.8989,2020-03-04
Av-Gas          ,898.0,2020-03-04
Jet fuel A-1,479.0,2020-03-04
Gasolina RON 95 ,645.0,2020-03-04
Gasolina RON 91,623.0,2020-03-04
Gasolina RON 91 pescadores,0.0,2020-03-04
Diésel para uso automotriz de 50 ppm de azufre,561.0,2020-03-04
Diésel para uso automotriz de 50 ppm de azufre pescadores,0.0,2020-03-04
Diésel marino,0.0,2020-03-04
Keroseno ,484.0,2020-03-04
Búnker    ,0.0,2020-03-04
Búnker Térmico ICE,0.0,2020-03-04
IFO 380   ,0.0,2020-03-04
Asfalto ,0.0,2020-03-04
Asfalto AC-10,0.0,2020-03-04
Diésel pesado o gasoleo,0.0,2020-03-04
Emulsión asfáltica rápida (RR),0.0,2020-03-04
Emulsión asfáltica lenta (RL),0.0,2020-03-04
LPG (70-30),0.0,2020-03-04
LPG (rico en propano),0.0,2020-03-04
Av-Gas          ,929.0,2020-03-04
Jet fuel A-1,553.0,2020-03-04
Nafta Pesada    ,0.0,2020-03-04
Gasolina RON 95 ,645.0,2020-01-31
Gasolina RON 91,623.0,2020-01-31
Gasolina RON 91 pescadores,0.0,2020-01-31
Diésel para uso automotriz de 50 ppm de azufre,561.0,2020-01-31
Diésel para uso automotriz de 50 ppm de azufre pescadores,0.0,2020-01-31
Diésel marino,0.0,2020-01-31
Keroseno ,484.0,2020-01-31
Búnker    ,0.0,2020-01-31
Búnker Térmico ICE,0.0,2020-01-31
IFO 380   ,0.0,2020-01-31
Asfalto ,0.0,2020-01-31
Asfalto AC-10,0.0,2020-01-31
Diésel pesado o gasoleo,0.0,2020-01-31
Emulsión asfáltica rápida (RR),0.0,2020-01-31
Emulsión asfáltica lenta (RL),0.0,2020-01-31
LPG (70-30),245.90291,2020-01-31
LPG (rico en propano),0.0,2020-01-31
Av-Gas          ,929.0,2020-01-31
Jet fuel A-1,553.0,2020-01-31
Nafta Pesada    ,0.0,2020-01-31
Gasolina RON 95 ,624.0,2020-01-13
Gasolina RON 91,604.0,2020-01-13
Gasolina RON 91 pescadores,0.0,2020-01-13
Diésel para uso automotriz de 50 ppm de azufre,543.0,2020-01-13
Diésel para uso automotriz de 50 ppm de azufre pescadores,0.0,2020-01-13
Diésel marino,0.0,2020-01-13
Keroseno ,465.0,2020-01-13
Búnker    ,0.0,2020-01-13
Búnker Térmico ICE,0.0,2020-01-13
IFO 380   ,0.0,2020-01-13
Asfalto ,0.0,2020-01-13
Asfalto AC-10,0.0,2020-01-13
Diésel pesado o gasoleo,0.0,2020-01-13
Emulsión asfáltica rápida (RR),0.0,2020-01-13
Emulsión asfáltica lenta (RL),0.0,2020-01-13
LPG (70-30),256.13841,2020-01-13
LPG (rico en propano),0.0,2020-01-13
Av-Gas          ,921.0,2020-01-13
Jet fuel A-1,533.0,2020-01-13
Nafta Pesada    ,0.0,2020-01-13
Gasolina RON 95 ,638.0,2019-12-19
Gasolina RON 91,623.0,2019-12-19
Diésel para uso automotriz de 50 ppm de azufre,552.0,2019-12-19
Keroseno ,473.0,2019-12-19
LPG (70-30),252.98438,2019-12-19
Gasolina RON 95 ,634.0,2019-12-19
Gasolina RON 91,618.0,2019-12-19
Gasolina RON 91 pescadores,0.0,2019-12-19
Diésel para uso automotriz de 50 ppm de azufre,548.0,2019-12-19
Diésel para uso automotriz de 50 ppm de azufre pescadores,0.0,2019-12-19
Diésel marino,0.0,2019-12-19
Keroseno ,469.0,2019-12-19
Búnker    ,0.0,2019-12-19
Búnker Térmico ICE,0.0,2019-12-19
IFO 380   ,0.0,2019-12-19
Asfalto ,0.0,2019-12-19
Asfalto AC-10,0.0,2019-12-19
Diésel pesado o gasoleo,0.0,2019-12-19
Emulsión asfáltica rápida (RR),0.0,2019-12-19
Emulsión asfáltica lenta (RL),0.0,2019-12-19
LPG (70-30),0.0,2019-12-19
LPG (rico en propano),0.0,2019-12-19
Av-Gas          ,910.0,2019-12-19
Jet fuel A-1,541.0,2019-12-19
Nafta Pesada    ,0.0,2019-12-19
Gasolina RON 95 ,634.0,2019-11-27
Gasolina RON 91,618.0,2019-11-27
Gasolina RON 91 pescadores,0.0,2019-11-27
Diésel para uso automotriz de 50 ppm de azufre,547.0,2019-11-27
Diésel para uso automotriz de 50 ppm de azufre pescadores,0.0,2019-11-27
Diésel marino,0.0,2019-11-27
Keroseno ,468.0,2019-11-27
Búnker    ,0.0,2019-11-27
Búnker Térmico ICE,0.0,2019-11-27
IFO 380   ,0.0,2019-11-27
Asfalto ,0.0,2019-11-27
Asfalto AC-10,0.0,2019-11-27
Diésel pesado o gasoleo,0.0,2019-11-27
Emulsión asfáltica rápida (RR),0.0,2019-11-27
Emulsión asfáltica lenta (RL),0.0,2019-11-27
LPG (70-30),248.96027,2019-11-27
LPG (rico en propano),0.0,2019-11-27
Av-Gas          ,910.0,2019-11-27
Jet fuel A-1,541.0,2019-11-27
Nafta Pesada    ,0.0,2019-11-27
Gasolina RON 95 ,635.0,2019-11-08
Gasolina RON 91,617.0,2019-11-08
Gasolina RON 91 pescadores,0.0,2019-11-08
Diésel para uso automotriz de 50 ppm de azufre,552.0,2019-11-08
Diésel para uso automotriz de 50 ppm de azufre pescadores,0.0,2019-11-08
Diésel marino,0.0,2019-11-08
Keroseno ,471.0,2019-11-08
Búnker    ,0.0,2019-11-08
Búnker Térmico ICE,0.0,2019-11-08
IFO 380   ,0.0,2019-11-08
Asfalto ,0.0,2019-11-08
Asfalto AC-10,0.0,2019-11-08
Diésel pesado o gasoleo,0.0,2019-11-08
Emulsión asfáltica rápida (RR),0.0,2019-11-08
Emulsión asfáltica lenta (RL),0.0,2019-11-08
LPG (70-30),240.31089,2019-11-08
LPG (rico en propano),0.0,2019-11-08
Av-Gas          ,924.0,2019-11-08
Jet fuel A-1,544.0,2019-11-08
Nafta Pesada    ,0.0,2019-11-08
Gasolina RON 95 ,634.0,2019-11-04
Gasolina RON 91,616.0,2019-11-04
Gasolina RON 91 pescadores,0.0,2019-11-04
Diésel para uso automotriz de 50 ppm de azufre,551.0,2019-11-04
Diésel para uso automotriz de 50 ppm de azufre pescadores,0.0,2019-11-04
Diésel marino,0.0,2019-11-04
Keroseno ,470.0,2019-11-04
Búnker    ,0.0,2019-11-04
Búnker Térmico ICE,0.0,2019-11-04
IFO 380   ,0.0,2019-11-04
Asfalto ,0.0,2019-11-04
Asfalto AC-10,0.0,2019-11-04
Diésel pesado o gasoleo,0.0,2019-11-04
Emulsión asfáltica rápida (RR),0.0,2019-11-04
Emulsión asfáltica lenta (RL),0.0,2019-11-04
LPG (70-30),240.06089,2019-11-04
LPG (rico en propano),0.0,2019-11-04
Av-Gas          ,923.0,2019-11-04
Jet fuel A-1,543.0,2019-11-04
Nafta Pesada    ,0.0,2019-11-04
Gasolina RON 95 ,616.0,2019-10-02
Gasolina RON 91,597.0,2019-10-02
Gasolina RON 91 pescadores,0.0,2019-10-02
Diésel para uso automotriz de 50 ppm de azufre,533.0,2019-10-02
Diésel para uso automotriz de 50 ppm de azufre pescadores,0.0,2019-10-02
Diésel marino,0.0,2019-10-02
Keroseno ,459.0,2019-10-02
Búnker    ,0.0,2019-10-02
Búnker Térmico ICE,0.0,2019-10-02
IFO 380   ,0.0,2019-10-02
Asfalto ,0.0,2019-10-02
Asfalto AC-10,0.0,2019-10-02
Diésel pesado o gasoleo,0.0,2019-10-02
Emulsión asfáltica rápida (RR),0.0,2019-10-02
Emulsión asfáltica lenta (RL),0.0,2019-10-02
LPG (70-30),233.18882,2019-10-02
LPG (rico en propano),0.0,2019-10-02
Av-Gas          ,991.0,2019-10-02
Jet fuel A-1,524.0,2019-10-02
Nafta Pesada    ,0.0,2019-10-02
Gasolina RON 95 ,632.0,2019-08-28
Gasolina RON 91,609.0,2019-08-28
Gasolina RON 91 pescadores,0.0,2019-08-28
Diésel para uso automotriz de 50 ppm de azufre,526.0,2019-08-28
Diésel para uso automotriz de 50 ppm de azufre pescadores,0.0,2019-08-28
Diésel marino,0.0,2019-08-28
Keroseno ,461.0,2019-08-28
Búnker    ,0.0,2019-08-28
Búnker Térmico ICE,0.0,2019-08-28
IFO 380   ,0.0,2019-08-28
Asfalto ,0.0,2019-08-28
Diésel pesado o gasoleo,0.0,2019-08-28
Emulsión asfáltica rápida (RR),0.0,2019-08-28
Emulsión asfáltica lenta (RL),0.0,2019-08-28
LPG (70-30),233.04338,2019-08-28
LPG (rico en propano),0.0,2019-08-28
Av-Gas          ,1018.0,2019-08-28
Jet fuel A-1,526.0,2019-08-28
Nafta Pesada    ,0.0,2019-08-28
Gasolina RON 95 ,692.0,2019-08-13
Gasolina RON 91,666.0,2019-08-13
Gasolina RON 91 pescadores,0.0,2019-08-13
Diésel para uso automotriz de 50 ppm de azufre,543.0,2019-08-13
Diésel para uso automotriz de 50 ppm de azufre pescadores,0.0,2019-08-13
Diésel marino,0.0,2019-08-13
Keroseno ,479.0,2019-08-13
Búnker    ,0.0,2019-08-13
Búnker Térmico ICE,0.0,2019-08-13
IFO 380   ,0.0,2019-08-13
Asfalto ,0.0,2019-08-13
Diésel pesado o gasoleo,0.0,2019-08-13
Emulsión asfáltica rápida (RR),0.0,2019-08-13
Emulsión asfáltica lenta (RL),0.0,2019-08-13
LPG (70-30),235.66593,2019-08-13
LPG (rico en propano),0.0,2019-08-13
Av-Gas          ,1038.0,2019-08-13
Jet fuel A-1,547.0,2019-08-13
Nafta Pesada    ,0.0,2019-08-13
Gasolina RON 95 ,689.0,2019-08-05
Gasolina RON 91,663.0,2019-08-05
Gasolina RON 91 pescadores,0.0,2019-08-05
Diésel para uso automotriz de 50 ppm de azufre,542.0,2019-08-05
Diésel para uso automotriz de 50 ppm de azufre pescadores,0.0,2019-08-05
Diésel marino,0.0,2019-08-05
Keroseno ,478.0,2019-08-05
Búnker    ,0.0,2019-08-05
Búnker Térmico ICE,0.0,2019-08-05
IFO 380   ,0.0,2019-08-05
Asfalto ,0.0,2019-08-05
Diésel pesado o gasoleo,0.0,2019-08-05
Emulsión asfáltica rápida (RR),0.0,2019-08-05
Emulsión asfáltica lenta (RL),0.0,2019-08-05
LPG (70-30),235.16593,2019-08-05
LPG (rico en propano),0.0,2019-08-05
Av-Gas          ,1035.0,2019-08-05
Jet fuel A-1,546.0,2019-08-05
Nafta Pesada    ,0.0,2019-08-05
Gasolina RON 95 ,658.0,2019-07-18
Gasolina RON 91,637.0,2019-07-18
Gasolina RON 91 pescadores,0.0,2019-07-18
Diésel para uso automotriz de 50 ppm de azufre,528.0,2019-07-18
Diésel para uso automotriz de 50 ppm de azufre pescadores,0.0,2019-07-18
Diésel marino,0.0,2019-07-18
Keroseno ,460.0,2019-07-18
Búnker    ,0.0,2019-07-18
Búnker Térmico ICE,0.0,2019-07-18
IFO 380   ,0.0,2019-07-18
Asfalto ,0.0,2019-07-18
Diésel pesado o gasoleo,0.0,2019-07-18
Emulsión asfáltica rápida (RR),0.0,2019-07-18
Emulsión asfáltica lenta (RL),0.0,2019-07-18
LPG (70-30),234.44628,2019-07-18
LPG (rico en propano),0.0,2019-07-18
Av-Gas          ,1020.0,2019-07-18
Jet fuel A-1,527.0,2019-07-18
Nafta Pesada    ,0.0,2019-07-18
Gasolina RON 95 ,659.0,2019-07-03
Gasolina RON 91,638.0,2019-07-03
Gasolina RON 91 pescadores,0.0,2019-07-03
Diésel para uso automotriz de 50 ppm de azufre,527.0,2019-07-03
Diésel para uso automotriz de 50 ppm de azufre pescadores,0.0,2019-07-03
Diésel marino,0.0,2019-07-03
Keroseno ,463.0,2019-07-03
Búnker    ,0.0,2019-07-03
Búnker Térmico ICE,0.0,2019-07-03
IFO 380   ,0.0,2019-07-03
Asfalto ,0.0,2019-07-03
Diésel pesado o gasoleo,0.0,2019-07-03
Emulsión asfáltica rápida (RR),0.0,2019-07-03
Emulsión asfáltica lenta (RL),0.0,2019-07-03
LPG (70-30),234.44628,2019-07-03
LPG (rico en propano),0.0,2019-07-03
Av-Gas          ,1014.0,2019-07-03
Jet fuel A-1,531.0,2019-07-03
Nafta Pesada    ,0.0,2019-07-03
Gasolina RON 95 ,684.0,2019-06-12
Gasolina RON 91,665.0,2019-06-12
Gasolina RON 91 pescadores,0.0,2019-06-12
Diésel para uso automotriz de 50 ppm de azufre,571.0,2019-06-12
Diésel para uso automotriz de 50 ppm de azufre pescadores,0.0,2019-06-12
Diésel marino,0.0,2019-06-12
Keroseno ,498.0,2019-06-12
Búnker    ,0.0,2019-06-12
Búnker Térmico ICE,0.0,2019-06-12
IFO 380   ,0.0,2019-06-12
Asfalto ,0.0,2019-06-12
Diésel pesado o gasoleo,0.0,2019-06-12
Emulsión asfáltica rápida (RR),0.0,2019-06-12
Emulsión asfáltica lenta (RL),0.0,2019-06-12
LPG (70-30),267.26471,2019-06-12
LPG (rico en propano),0.0,2019-06-12
Av-Gas          ,977.0,2019-06-12
Jet fuel A-1,567.0,2019-06-12
Nafta Pesada    ,0.0,2019-06-12
Gasolina RON 95 ,691.0,2019-05-03
Gasolina RON 91,669.0,2019-05-03
Gasolina RON 91 pescadores,0.0,2019-05-03
Diésel para uso automotriz de 50 ppm de azufre,568.0,2019-05-03
Diésel para uso automotriz de 50 ppm de azufre pescadores,0.0,2019-05-03
Diésel marino,0.0,2019-05-03
Keroseno ,494.0,2019-05-03
Búnker    ,0.0,2019-05-03
Búnker Térmico ICE,0.0,2019-05-03
IFO 380   ,0.0,2019-05-03
Asfalto ,0.0,2019-05-03
Diésel pesado o gasoleo,0.0,2019-05-03
Emulsión asfáltica rápida (RR),0.0,2019-05-03
Emulsión asfáltica lenta (RL),0.0,2019-05-03
LPG (70-30),274.72195,2019-05-03
LPG (rico en propano),0.0,2019-05-03
Av-Gas          ,986.0,2019-05-03
Jet fuel A-1,564.0,2019-05-03
Nafta Pesada    ,0.0,2019-05-03
Gasolina RON 95 ,618.0,2019-03-29
Gasolina RON 91,602.0,2019-03-29
Gasolina RON 91 pescadores,0.0,2019-03-29
Diésel para uso automotriz de 50 ppm de azufre,542.0,2019-03-29
Diésel para uso automotriz de 50 ppm de azufre pescadores,0.0,2019-03-29
Diésel marino,0.0,2019-03-29
Keroseno ,490.0,2019-03-29
Búnker    ,0.0,2019-03-29
Búnker Térmico ICE,0.0,2019-03-29
IFO 380   ,0.0,2019-03-29
Asfalto ,0.0,2019-03-29
Diésel pesado o gasoleo,0.0,2019-03-29
Emulsión asfáltica rápida (RR),0.0,2019-03-29
Emulsión asfáltica lenta (RL),0.0,2019-03-29
LPG (70-30),287.0278,2019-03-29
LPG (rico en propano),0.0,2019-03-29
Av-Gas          ,910.0,2019-03-29
Jet fuel A-1,535.0,2019-03-29
Nafta Pesada    ,0.0,2019-03-29
Gasolina RON 95 ,581.0,2019-02-27
Gasolina RON 91,565.0,2019-02-27
Diésel para uso automotriz de 50 ppm de azufre,526.0,2019-02-27
Keroseno ,481.0,2019-02-27
LPG (70-30),286.5284,2019-02-27
Av-Gas          ,878.0,2019-02-27
Jet fuel A-1,526.0,2019-02-27
Gasolina RON 95 ,582.0,2019-02-27
Gasolina RON 91,568.0,2019-02-27
Gasolina RON 91 pescadores,0.0,2019-02-27
Diésel para uso automotriz de 50 ppm de azufre,525.0,2019-02-27
Diésel para uso automotriz de 50 ppm de azufre pescadores,0.0,2019-02-27
Diésel marino,0.0,2019-02-27
Keroseno ,460.0,2019-02-27
Búnker    ,0.0,2019-02-27
Búnker Térmico ICE,0.0,2019-02-27
IFO 380   ,0.0,2019-02-27
Asfalto ,0.0,2019-02-27
Diésel pesado o gasoleo,0.0,2019-02-27
Emulsión asfáltica rápida (RR),0.0,2019-02-27
Emulsión asfáltica lenta (RL),0.0,2019-02-27
LPG (70-30),0.0,2019-02-27
LPG (rico en propano),0.0,2019-02-27
Av-Gas          ,868.0,2019-02-27
Jet fuel A-1,530.0,2019-02-27
Nafta Pesada    ,0.0,2019-02-27
Gasolina RON 95 ,582.0,2019-02-07
Gasolina RON 91,568.0,2019-02-07
Gasolina RON 91 pescadores,0.0,2019-02-07
Diésel para uso automotriz de 50 ppm de azufre,525.0,2019-02-07
Diésel para uso automotriz de 50 ppm de azufre pescadores,0.0,2019-02-07
Diésel marino,0.0,2019-02-07
Keroseno ,460.0,2019-02-07
Búnker    ,0.0,2019-02-07
Búnker Térmico ICE,0.0,2019-02-07
IFO 380   ,0.0,2019-02-07
Asfalto ,0.0,2019-02-07
Diésel pesado o gasoleo,0.0,2019-02-07
Emulsión asfáltica rápida (RR),0.0,2019-02-07
Emulsión asfáltica lenta (RL),0.0,2019-02-07
LPG (70-30),277.19942,2019-02-07
LPG (rico en propano),0.0,2019-02-07
Av-Gas          ,868.0,2019-02-07
Jet fuel A-1,530.0,2019-02-07
Nafta Pesada    ,0.0,2019-02-07
Gasolina RON 95 ,580.0,2019-01-31
Gasolina RON 91,565.0,2019-01-31
Gasolina RON 91 pescadores,0.0,2019-01-31
Diésel para uso automotriz de 50 ppm de azufre,524.0,2019-01-31
Diésel para uso automotriz de 50 ppm de azufre pescadores,0.0,2019-01-31
Diésel marino,0.0,2019-01-31
Keroseno ,459.0,2019-01-31
Búnker    ,0.0,2019-01-31
Búnker Térmico ICE,0.0,2019-01-31
IFO 380   ,0.0,2019-01-31
Asfalto ,0.0,2019-01-31
Diésel pesado o gasoleo,0.0,2019-01-31
Emulsión asfáltica rápida (RR),0.0,2019-01-31
Emulsión asfáltica lenta (RL),0.0,2019-01-31
LPG (70-30),276.69942,2019-01-31
LPG (rico en propano),0.0,2019-01-31
Av-Gas          ,865.0,2019-01-31
Jet fuel A-1,528.0,2019-01-31
Nafta Pesada    ,0.0,2019-01-31
Gasolina RON 95 ,596.0,2019-01-09
Gasolina RON 91,581.0,2019-01-09
Gasolina RON 91 pescadores,0.0,2019-01-09
Diésel para uso automotriz de 50 ppm de azufre,534.0,2019-01-09
Diésel para uso automotriz de 50 ppm de azufre pescadores,0.0,2019-01-09
Diésel marino,0.0,2019-01-09
Keroseno ,465.0,2019-01-09
Búnker    ,0.0,2019-01-09
Búnker Térmico ICE,0.0,2019-01-09
IFO 380   ,0.0,2019-01-09
Asfalto ,0.0,2019-01-09
Diésel pesado o gasoleo,0.0,2019-01-09
Emulsión asfáltica rápida (RR),0.0,2019-01-09
Emulsión asfáltica lenta (RL),0.0,2019-01-09
LPG (70-30),286.06029,2019-01-09
LPG (rico en propano),0.0,2019-01-09
Av-Gas          ,891.0,2019-01-09
Jet fuel A-1,534.0,2019-01-09
Nafta Pesada    ,0.0,2019-01-09
Gasolina RON 95 ,637.0,2018-11-28
Gasolina RON 91,626.0,2018-11-28
Gasolina RON 91 pescadores,0.0,2018-11-28
Diésel para uso automotriz de 50 ppm de azufre,587.0,2018-11-28
Diésel para uso automotriz de 50 ppm de azufre pescadores,0.0,2018-11-28
Diésel marino,0.0,2018-11-28
Keroseno ,533.0,2018-11-28
Búnker    ,0.0,2018-11-28
Búnker Térmico ICE,0.0,2018-11-28
IFO 380   ,0.0,2018-11-28
Asfalto ,0.0,2018-11-28
Diésel pesado o gasoleo,0.0,2018-11-28
Emulsión asfáltica rápida (RR),0.0,2018-11-28
Emulsión asfáltica lenta (RL),0.0,2018-11-28
LPG (70-30),315.03882,2018-11-28
LPG (rico en propano),0.0,2018-11-28
Av-Gas          ,950.0,2018-11-28
Jet fuel A-1,599.0,2018-11-28
Nafta Pesada    ,0.0,2018-11-28
Gasolina RON 95 ,694.0,2018-11-13
Gasolina RON 91,674.0,2018-11-13
Gasolina RON 91 pescadores,0.0,2018-11-13
Diésel para uso automotriz de 50 ppm de azufre,599.0,2018-11-13
Diésel para uso automotriz de 50 ppm de azufre pescadores,0.0,2018-11-13
Diésel marino,0.0,2018-11-13
Keroseno ,543.0,2018-11-13
Búnker    ,0.0,2018-11-13
Búnker Térmico ICE,0.0,2018-11-13
IFO 380   ,0.0,2018-11-13
Asfalto ,0.0,2018-11-13
Diésel pesado o gasoleo,0.0,2018-11-13
Emulsión asfáltica rápida (RR),0.0,2018-11-13
Emulsión asfáltica lenta (RL),0.0,2018-11-13
LPG (70-30),352.8491,2018-11-13
LPG (rico en propano),0.0,2018-11-13
Av-Gas          ,978.0,2018-11-13
Jet fuel A-1,609.0,2018-11-13
Nafta Pesada    ,0.0,2018-11-13
Gasolina RON 95 ,693.0,2018-11-02
Gasolina RON 91,673.0,2018-11-02
Gasolina RON 91 pescadores,0.0,2018-11-02
Diésel para uso automotriz de 50 ppm de azufre,598.0,2018-11-02
Diésel para uso automotriz de 50 ppm de azufre pescadores,0.0,2018-11-02
Diésel marino,0.0,2018-11-02
Keroseno ,543.0,2018-11-02
Búnker    ,0.0,2018-11-02
Búnker Térmico ICE,0.0,2018-11-02
IFO 380   ,0.0,2018-11-02
Asfalto ,0.0,2018-11-02
Diésel pesado o gasoleo,0.0,2018-11-02
Emulsión asfáltica rápida (RR),0.0,2018-11-02
Emulsión asfáltica lenta (RL),0.0,2018-11-02
LPG (70-30),352.5991,2018-11-02
LPG (rico en propano),0.0,2018-11-02
Av-Gas          ,977.0,2018-11-02
Jet fuel A-1,608.0,2018-11-02
Nafta Pesada    ,0.0,2018-11-02
Gasolina RON 95 ,680.0,2018-10-03
Gasolina RON 91,663.0,2018-10-03
Gasolina RON 91 pescadores,0.0,2018-10-03
Diésel para uso automotriz de 50 ppm de azufre,586.0,2018-10-03
Diésel para uso automotriz de 50 ppm de azufre pescadores,0.0,2018-10-03
Diésel marino,0.0,2018-10-03
Keroseno ,521.0,2018-10-03
Búnker    ,0.0,2018-10-03
Búnker Térmico ICE,0.0,2018-10-03
IFO 380   ,0.0,2018-10-03
Asfalto ,0.0,2018-10-03
Diésel pesado o gasoleo,0.0,2018-10-03
Emulsión asfáltica rápida (RR),0.0,2018-10-03
Emulsión asfáltica lenta (RL),0.0,2018-10-03
LPG (70-30),350.54579,2018-10-03
LPG (rico en propano),0.0,2018-10-03
Av-Gas          ,929.0,2018-10-03
Jet fuel A-1,595.0,2018-10-03
Nafta Pesada    ,0.0,2018-10-03
Gasolina RON 95 ,681.0,2018-09-03
Gasolina RON 91,663.0,2018-09-03
Gasolina RON 91 pescadores,0.0,2018-09-03
Diésel para uso automotriz de 50 ppm de azufre,565.0,2018-09-03
Diésel para uso automotriz de 50 ppm de azufre pescadores,0.0,2018-09-03
Diésel marino,0.0,2018-09-03
Keroseno ,502.0,2018-09-03
Búnker    ,0.0,2018-09-03
Búnker Térmico ICE,0.0,2018-09-03
IFO 380   ,0.0,2018-09-03
Asfalto ,0.0,2018-09-03
Diésel pesado o gasoleo,0.0,2018-09-03
Emulsión asfáltica rápida (RR),0.0,2018-09-03
Emulsión asfáltica lenta (RL),0.0,2018-09-03
LPG (70-30),332.66303,2018-09-03
LPG (rico en propano),0.0,2018-09-03
Av-Gas          ,930.0,2018-09-03
Jet fuel A-1,576.0,2018-09-03
Nafta Pesada    ,0.0,2018-09-03
Gasolina RON 95 ,677.0,2018-08-22
Gasolina RON 91,655.0,2018-08-22
Gasolina RON 91 pescadores,0.0,2018-08-22
Diésel para uso automotriz de 50 ppm de azufre,555.0,2018-08-22
Diésel para uso automotriz de 50 ppm de azufre pescadores,0.0,2018-08-22
Diésel marino,0.0,2018-08-22
Keroseno ,502.0,2018-08-22
Búnker    ,0.0,2018-08-22
Búnker Térmico ICE,0.0,2018-08-22
IFO 380   ,0.0,2018-08-22
Asfalto ,0.0,2018-08-22
Diésel pesado o gasoleo,0.0,2018-08-22
Emulsión asfáltica rápida (RR),0.0,2018-08-22
Emulsión asfáltica lenta (RL),0.0,2018-08-22
LPG (70-30),0.0,2018-08-22
LPG (rico en propano),0.0,2018-08-22
Av-Gas          ,936.0,2018-08-22
Jet fuel A-1,570.0,2018-08-22
Nafta Pesada    ,0.0,2018-08-22
Gasolina RON 95 ,677.0,2018-08-10
Gasolina RON 91,655.0,2018-08-10
Gasolina RON 91 pescadores,0.0,2018-08-10
Diésel para uso automotriz de 50 ppm de azufre,555.0,2018-08-10
Diésel para uso automotriz de 50 ppm de azufre pescadores,0.0,2018-08-10
Diésel marino,0.0,2018-08-10
Keroseno ,502.0,2018-08-10
Búnker    ,0.0,2018-08-10
Búnker Térmico ICE,0.0,2018-08-10
IFO 380   ,0.0,2018-08-10
Asfalto ,0.0,2018-08-10
Diésel pesado o gasoleo,0.0,2018-08-10
Emulsión asfáltica rápida (RR),0.0,2018-08-10
Emulsión asfáltica lenta (RL),0.0,2018-08-10
LPG (70-30),0.0,2018-08-10
LPG (rico en propano),0.0,2018-08-10
Av-Gas          ,936.0,2018-08-10
Jet fuel A-1,570.0,2018-08-10
Nafta Pesada    ,0.0,2018-08-10
Gasolina RON 95 ,677.0,2018-08-01
Gasolina RON 91,655.0,2018-08-01
Gasolina RON 91 pescadores,0.0,2018-08-01
Diésel para uso automotriz de 50 ppm de azufre,555.0,2018-08-01
Diésel para uso automotriz de 50 ppm de azufre pescadores,0.0,2018-08-01
Diésel marino,0.0,2018-08-01
Keroseno ,502.0,2018-08-01
Búnker    ,0.0,2018-08-01
Búnker Térmico ICE,0.0,2018-08-01
IFO 380   ,0.0,2018-08-01
Asfalto ,0.0,2018-08-01
Diésel pesado o gasoleo,0.0,2018-08-01
Emulsión asfáltica rápida (RR),0.0,2018-08-01
Emulsión asfáltica lenta (RL),0.0,2018-08-01
LPG (70-30),329.15541,2018-08-01
LPG (rico en propano),0.0,2018-08-01
Av-Gas          ,936.0,2018-08-01
Jet fuel A-1,570.0,2018-08-01
Nafta Pesada    ,0.0,2018-08-01
Gasolina RON 95 ,677.0,2018-06-28
Gasolina RON 91,652.0,2018-06-28
Gasolina RON 91 pescadores,0.0,2018-06-28
Diésel para uso automotriz de 50 ppm de azufre,556.0,2018-06-28
Diésel para uso automotriz de 50 ppm de azufre pescadores,0.0,2018-06-28
Diésel marino,0.0,2018-06-28
Keroseno ,501.0,2018-06-28
Búnker    ,0.0,2018-06-28
Búnker Térmico ICE,0.0,2018-06-28
IFO 380   ,0.0,2018-06-28
Asfalto ,0.0,2018-06-28
Diésel pesado o gasoleo,0.0,2018-06-28
Emulsión asfáltica rápida (RR),0.0,2018-06-28
Emulsión asfáltica lenta (RL),0.0,2018-06-28
LPG (70-30),316.04848,2018-06-28
LPG (rico en propano),0.0,2018-06-28
Av-Gas          ,956.0,2018-06-28
Jet fuel A-1,570.0,2018-06-28
Nafta Pesada    ,0.0,2018-06-28
Gasolina RON 95 ,680.0,2018-05-31
Gasolina RON 91,653.0,2018-05-31
Gasolina RON 91 pescadores,0.0,2018-05-31
Diésel para uso automotriz de 50 ppm de azufre,562.0,2018-05-31
Diésel para uso automotriz de 50 ppm de azufre pescadores,0.0,2018-05-31
Diésel marino,0.0,2018-05-31
Keroseno ,497.0,2018-05-31
Búnker    ,0.0,2018-05-31
Búnker Térmico ICE,0.0,2018-05-31
IFO 380   ,0.0,2018-05-31
Asfalto ,0.0,2018-05-31
Diésel pesado o gasoleo,0.0,2018-05-31
Emulsión asfáltica rápida (RR),0.0,2018-05-31
Emulsión asfáltica lenta (RL),0.0,2018-05-31
LPG (70-30),312.42254,2018-05-31
LPG (rico en propano),0.0,2018-05-31
Av-Gas          ,982.0,2018-05-31
Jet fuel A-1,544.0,2018-05-31
Nafta Pesada    ,0.0,2018-05-31
Gasolina RON 95 ,662.0,2018-05-03
Gasolina RON 91,633.0,2018-05-03
Diésel para uso automotriz de 50 ppm de azufre,540.0,2018-05-03
Keroseno ,476.0,2018-05-03
LPG (70-30),291.64726,2018-05-03
Av-Gas          ,965.0,2018-05-03
Jet fuel A-1,524.0,2018-05-03
Gasolina RON 95 ,643.0,2018-05-03
Gasolina RON 91,615.0,2018-05-03
Diésel para uso automotriz de 50 ppm de azufre,531.0,2018-05-03
Keroseno ,462.0,2018-05-03
Av-Gas          ,928.0,2018-05-03
Jet fuel A-1,536.0,2018-05-03
Gasolina RON 95 ,659.0,2018-05-03
Gasolina RON 91,630.0,2018-05-03
Gasolina RON 91 pescadores,0.0,2018-05-03
Diésel para uso automotriz de 50 ppm de azufre,550.0,2018-05-03
Diésel para uso automotriz de 50 ppm de azufre pescadores,0.0,2018-05-03
Diésel marino,0.0,2018-05-03
Keroseno ,477.0,2018-05-03
Búnker    ,0.0,2018-05-03
Búnker Térmico ICE,0.0,2018-05-03
IFO 380   ,0.0,2018-05-03
Asfalto ,0.0,2018-05-03
Diésel pesado o gasoleo,0.0,2018-05-03
Emulsión asfáltica rápida (RR),0.0,2018-05-03
Emulsión asfáltica lenta (RL),0.0,2018-05-03
LPG (70-30),0.0,2018-05-03
LPG (rico en propano),0.0,2018-05-03
Av-Gas          ,945.0,2018-05-03
Jet fuel A-1,551.0,2018-05-03
Nafta Pesada    ,0.0,2018-05-03
Gasolina RON 95 ,642.0,2018-04-04
Gasolina RON 91,614.0,2018-04-04
Diésel para uso automotriz de 50 ppm de azufre,531.0,2018-04-04
Keroseno ,461.0,2018-04-04
LPG (70-30),298.68685,2018-04-04
Av-Gas          ,926.0,2018-04-04
Jet fuel A-1,534.0,2018-04-04
Gasolina RON 95 ,658.0,2018-04-04
Gasolina RON 91,629.0,2018-04-04
Diésel para uso automotriz de 50 ppm de azufre,550.0,2018-04-04
Keroseno ,477.0,2018-04-04
Búnker Térmico ICE,0.0,2018-04-04
Av-Gas          ,944.0,2018-04-04
Jet fuel A-1,550.0,2018-04-04
Gasolina RON 95 ,653.0,2018-04-04
Gasolina RON 91,624.0,2018-04-04
Gasolina RON 91 pescadores,0.0,2018-04-04
Diésel para uso automotriz de 50 ppm de azufre,546.0,2018-04-04
Diésel para uso automotriz de 50 ppm de azufre pescadores,0.0,2018-04-04
Diésel 15 ppm de azufre,536.0,2018-04-04
Diésel para generación termoeléctrica,0.0,2018-04-04
Diésel marino,0.0,2018-04-04
Keroseno ,476.0,2018-04-04
Búnker    ,0.0,2018-04-04
Búnker de bajo azufre,0.0,2018-04-04
IFO 380   ,0.0,2018-04-04
Asfalto ,0.0,2018-04-04
Diésel pesado o gasoleo,0.0,2018-04-04
Emulsión asfáltica rápida (RR),0.0,2018-04-04
Emulsión asfáltica lenta (RL),0.0,2018-04-04
LPG (70-30),0.0,2018-04-04
LPG (rico en propano),0.0,2018-04-04
Av-Gas          ,933.0,2018-04-04
Jet fuel A-1,548.0,2018-04-04
Nafta Pesada    ,0.0,2018-04-04
Gasolina RON 95 ,653.0,2018-03-01
Gasolina RON 91,624.0,2018-03-01
Diésel para uso automotriz de 50 ppm de azufre,546.0,2018-03-01
Diésel 15 ppm de azufre,536.0,2018-03-01
Keroseno ,476.0,2018-03-01
LPG (70-30),302.08632,2018-03-01
Av-Gas          ,932.0,2018-03-01
Jet fuel A-1,548.0,2018-03-01
Gasolina RON 95 ,629.0,2018-03-01
Gasolina RON 91,608.0,2018-03-01
Gasolina RON 91 pescadores,0.0,2018-03-01
Diésel para uso automotriz de 50 ppm de azufre,537.0,2018-03-01
Diésel para uso automotriz de 50 ppm de azufre pescadores,0.0,2018-03-01
Diésel 15 ppm de azufre,531.0,2018-03-01
Diésel para generación termoeléctrica,0.0,2018-03-01
Diésel marino,0.0,2018-03-01
Keroseno ,474.0,2018-03-01
Búnker    ,0.0,2018-03-01
Búnker de bajo azufre,0.0,2018-03-01
IFO 380   ,0.0,2018-03-01
Asfalto ,0.0,2018-03-01
Diésel pesado o gasoleo,0.0,2018-03-01
Emulsión asfáltica rápida (RR),0.0,2018-03-01
Emulsión asfáltica lenta (RL),0.0,2018-03-01
LPG (70-30),0.0,2018-03-01
LPG (rico en propano),0.0,2018-03-01
Av-Gas          ,906.0,2018-03-01
Jet fuel A-1,535.0,2018-03-01
Nafta Pesada    ,0.0,2018-03-01
Gasolina RON 95 ,629.0,2018-02-06
Gasolina RON 91,608.0,2018-02-06
Gasolina RON 91 pescadores,0.0,2018-02-06
Diésel para uso automotriz de 50 ppm de azufre,537.0,2018-02-06
Diésel para uso automotriz de 50 ppm de azufre pescadores,0.0,2018-02-06
Diésel 15 ppm de azufre,531.0,2018-02-06
Diésel para generación termoeléctrica,0.0,2018-02-06
Diésel marino,0.0,2018-02-06
Keroseno ,474.0,2018-02-06
Búnker    ,0.0,2018-02-06
Búnker de bajo azufre,0.0,2018-02-06
IFO 380   ,0.0,2018-02-06
Asfalto ,0.0,2018-02-06
Diésel pesado o gasoleo,0.0,2018-02-06
Emulsión asfáltica rápida (RR),0.0,2018-02-06
Emulsión asfáltica lenta (RL),0.0,2018-02-06
LPG (70-30),319.86533,2018-02-06
LPG (rico en propano),0.0,2018-02-06
Av-Gas          ,906.0,2018-02-06
Jet fuel A-1,535.0,2018-02-06
Nafta Pesada    ,0.0,2018-02-06
Gasolina RON 95 ,626.0,2018-01-31
Gasolina RON 91,605.0,2018-01-31
Gasolina RON 91 pescadores,0.0,2018-01-31
Diésel para uso automotriz de 50 ppm de azufre,535.0,2018-01-31
Diésel para uso automotriz de 50 ppm de azufre pescadores,0.0,2018-01-31
Diésel 15 ppm de azufre,529.0,2018-01-31
Diésel para generación termoeléctrica,0.0,2018-01-31
Diésel marino,0.0,2018-01-31
Keroseno ,474.0,2018-01-31
Búnker    ,0.0,2018-01-31
Búnker de bajo azufre,0.0,2018-01-31
IFO 380   ,0.0,2018-01-31
Asfalto ,0.0,2018-01-31
Diésel pesado o gasoleo,0.0,2018-01-31
Emulsión asfáltica rápida (RR),0.0,2018-01-31
Emulsión asfáltica lenta (RL),0.0,2018-01-31
LPG (70-30),319.36533,2018-01-31
LPG (rico en propano),0.0,2018-01-31
Av-Gas          ,903.0,2018-01-31
Jet fuel A-1,533.0,2018-01-31
Nafta Pesada    ,0.0,2018-01-31
Gasolina RON 95 ,604.0,2017-12-21
Gasolina RON 91,593.0,2017-12-21
Gasolina RON 91 pescadores,0.0,2017-12-21
Diésel para uso automotriz de 50 ppm de azufre,514.0,2017-12-21
Diésel para uso automotriz de 50 ppm de azufre pescadores,0.0,2017-12-21
Diésel 15 ppm de azufre,508.0,2017-12-21
Diésel para generación termoeléctrica,0.0,2017-12-21
Diésel marino,0.0,2017-12-21
Keroseno ,450.0,2017-12-21
Búnker    ,0.0,2017-12-21
Búnker de bajo azufre,0.0,2017-12-21
IFO 380   ,0.0,2017-12-21
Asfalto ,0.0,2017-12-21
Diésel pesado o gasoleo,0.0,2017-12-21
Emulsión asfáltica rápida (RR),0.0,2017-12-21
Emulsión asfáltica lenta (RL),0.0,2017-12-21
LPG (70-30),324.30619,2017-12-21
LPG (rico en propano),0.0,2017-12-21
Av-Gas          ,888.0,2017-12-21
Jet fuel A-1,509.0,2017-12-21
Nafta Pesada    ,0.0,2017-12-21
Gasolina RON 95 ,628.0,2017-11-28
Gasolina RON 91,605.0,2017-11-28
Gasolina RON 91 pescadores,0.0,2017-11-28
Diésel para uso automotriz de 50 ppm de azufre,526.0,2017-11-28
Diésel para uso automotriz de 50 ppm de azufre pescadores,0.0,2017-11-28
Diésel 15 ppm de azufre,509.0,2017-11-28
Diésel para generación termoeléctrica,0.0,2017-11-28
Diésel marino,0.0,2017-11-28
Keroseno ,443.0,2017-11-28
Búnker    ,0.0,2017-11-28
Búnker de bajo azufre,0.0,2017-11-28
IFO 380   ,0.0,2017-11-28
Asfalto ,0.0,2017-11-28
Diésel pesado o gasoleo,0.0,2017-11-28
Emulsión asfáltica rápida (RR),0.0,2017-11-28
Emulsión asfáltica lenta (RL),0.0,2017-11-28
LPG (70-30),323.2423,2017-11-28
LPG (rico en propano),0.0,2017-11-28
Av-Gas          ,900.0,2017-11-28
Jet fuel A-1,525.0,2017-11-28
Nafta Pesada    ,0.0,2017-11-28
Gasolina RON 95 ,605.0,2017-11-07
Gasolina RON 91,581.0,2017-11-07
Gasolina RON 91 pescadores,0.0,2017-11-07
Diésel para uso automotriz de 50 ppm de azufre,513.0,2017-11-07
Diésel para uso automotriz de 50 ppm de azufre pescadores,0.0,2017-11-07
Diésel 15 ppm de azufre,496.0,2017-11-07
Diésel para generación termoeléctrica,0.0,2017-11-07
Diésel marino,0.0,2017-11-07
Keroseno ,432.0,2017-11-07
Búnker    ,0.0,2017-11-07
Búnker de bajo azufre,0.0,2017-11-07
IFO 380   ,0.0,2017-11-07
Asfalto ,0.0,2017-11-07
Diésel pesado o gasoleo,0.0,2017-11-07
Emulsión asfáltica rápida (RR),0.0,2017-11-07
Emulsión asfáltica lenta (RL),0.0,2017-11-07
LPG (70-30),319.886,2017-11-07
LPG (rico en propano),0.0,2017-11-07
Av-Gas          ,887.0,2017-11-07
Jet fuel A-1,514.0,2017-11-07
Nafta Pesada    ,0.0,2017-11-07
Gasolina RON 95 ,604.0,2017-10-31
Gasolina RON 91,580.0,2017-10-31
Gasolina RON 91 pescadores,0.0,2017-10-31
Diésel para uso automotriz de 50 ppm de azufre,513.0,2017-10-31
Diésel para uso automotriz de 50 ppm de azufre pescadores,0.0,2017-10-31
Diésel 15 ppm de azufre,495.0,2017-10-31
Diésel para generación termoeléctrica,0.0,2017-10-31
Diésel marino,0.0,2017-10-31
Keroseno ,432.0,2017-10-31
Búnker    ,0.0,2017-10-31
Búnker de bajo azufre,0.0,2017-10-31
IFO 380   ,0.0,2017-10-31
Asfalto ,0.0,2017-10-31
Diésel pesado o gasoleo,0.0,2017-10-31
Emulsión asfáltica rápida (RR),0.0,2017-10-31
Emulsión asfáltica lenta (RL),0.0,2017-10-31
LPG (70-30),319.636,2017-10-31
LPG (rico en propano),0.0,2017-10-31
Av-Gas          ,887.0,2017-10-31
Jet fuel A-1,514.0,2017-10-31
Nafta Pesada    ,0.0,2017-10-31
Gasolina RON 95 ,632.0,2017-09-27
Gasolina RON 91,603.0,2017-09-27
Gasolina RON 91 pescadores,0.0,2017-09-27
Diésel para uso automotriz de 50 ppm de azufre,507.0,2017-09-27
Diésel para uso automotriz de 50 ppm de azufre pescadores,0.0,2017-09-27
Diésel 15 ppm de azufre,491.0,2017-09-27
Diésel para generación termoeléctrica,0.0,2017-09-27
Diésel marino,0.0,2017-09-27
Keroseno ,455.0,2017-09-27
Búnker    ,0.0,2017-09-27
Búnker de bajo azufre,0.0,2017-09-27
IFO 380   ,0.0,2017-09-27
Asfalto ,0.0,2017-09-27
Diésel pesado o gasoleo,0.0,2017-09-27
Emulsión asfáltica rápida (RR),0.0,2017-09-27
Emulsión asfáltica lenta (RL),0.0,2017-09-27
LPG (70-30),299.78318,2017-09-27
LPG (rico en propano),0.0,2017-09-27
Av-Gas          ,906.0,2017-09-27
Jet fuel A-1,531.0,2017-09-27
Nafta Pesada    ,0.0,2017-09-27
Gasolina RON 95 ,602.0,2017-08-30
Gasolina RON 91,576.0,2017-08-30
Gasolina RON 91 pescadores,0.0,2017-08-30
Diésel para uso automotriz de 50 ppm de azufre,492.0,2017-08-30
Diésel para uso automotriz de 50 ppm de azufre pescadores,0.0,2017-08-30
Diésel 15 ppm de azufre,477.0,2017-08-30
Diésel para generación termoeléctrica,0.0,2017-08-30
Diésel marino,0.0,2017-08-30
Keroseno ,416.0,2017-08-30
Búnker    ,0.0,2017-08-30
Búnker de bajo azufre,0.0,2017-08-30
IFO 380   ,0.0,2017-08-30
Asfalto ,0.0,2017-08-30
Diésel pesado o gasoleo,0.0,2017-08-30
Emulsión asfáltica rápida (RR),0.0,2017-08-30
Emulsión asfáltica lenta (RL),0.0,2017-08-30
LPG (70-30),289.15711,2017-08-30
LPG (rico en propano),0.0,2017-08-30
Av-Gas          ,897.0,2017-08-30
Jet fuel A-1,499.0,2017-08-30
Nafta Pesada    ,0.0,2017-08-30
Gasolina RON 95 ,577.0,2017-08-07
Gasolina RON 91,555.0,2017-08-07
Gasolina RON 91 pescadores,0.0,2017-08-07
Diésel para uso automotriz de 50 ppm de azufre,449.0,2017-08-07
Diésel para uso automotriz de 50 ppm de azufre pescadores,0.0,2017-08-07
Diésel 15 ppm de azufre,449.0,2017-08-07
Diésel para generación termoeléctrica,0.0,2017-08-07
Diésel marino,0.0,2017-08-07
Keroseno ,387.0,2017-08-07
Búnker    ,0.0,2017-08-07
Búnker de bajo azufre,0.0,2017-08-07
IFO 380   ,0.0,2017-08-07
Asfalto ,0.0,2017-08-07
Diésel pesado o gasoleo,0.0,2017-08-07
Emulsión asfáltica rápida (RR),0.0,2017-08-07
Emulsión asfáltica lenta (RL),0.0,2017-08-07
LPG (70-30),265.29008,2017-08-07
LPG (rico en propano),0.0,2017-08-07
Av-Gas          ,873.0,2017-08-07
Jet fuel A-1,459.0,2017-08-07
Nafta Pesada    ,0.0,2017-08-07
Gasolina RON 95 ,575.0,2017-08-01
Gasolina RON 91,554.0,2017-08-01
Gasolina RON 91 pescadores,0.0,2017-08-01
Diésel para uso automotriz de 50 ppm de azufre,448.0,2017-08-01
Diésel para uso automotriz de 50 ppm de azufre pescadores,0.0,2017-08-01
Diésel 15 ppm de azufre,448.0,2017-08-01
Diésel para generación termoeléctrica,0.0,2017-08-01
Diésel marino,0.0,2017-08-01
Keroseno ,387.0,2017-08-01
Búnker    ,0.0,2017-08-01
Búnker de bajo azufre,0.0,2017-08-01
IFO 380   ,0.0,2017-08-01
Asfalto ,0.0,2017-08-01
Diésel pesado o gasoleo,0.0,2017-08-01
Emulsión asfáltica rápida (RR),0.0,2017-08-01
Emulsión asfáltica lenta (RL),0.0,2017-08-01
LPG (70-30),265.04008,2017-08-01
LPG (rico en propano),0.0,2017-08-01
Av-Gas          ,872.0,2017-08-01
Jet fuel A-1,458.0,2017-08-01
Nafta Pesada    ,0.0,2017-08-01
Gasolina RON 95 ,584.0,2017-06-28
Gasolina RON 91,559.0,2017-06-28
Gasolina RON 91 pescadores,0.0,2017-06-28
Diésel para uso automotriz de 50 ppm de azufre,443.0,2017-06-28
Diésel para uso automotriz de 50 ppm de azufre pescadores,0.0,2017-06-28
Diésel 15 ppm de azufre,451.0,2017-06-28
Diésel para generación termoeléctrica,0.0,2017-06-28
Diésel marino,0.0,2017-06-28
Keroseno ,386.0,2017-06-28
Búnker    ,0.0,2017-06-28
Búnker de bajo azufre,0.0,2017-06-28
IFO 380   ,0.0,2017-06-28
Asfalto ,0.0,2017-06-28
Diésel pesado o gasoleo,0.0,2017-06-28
Emulsión asfáltica rápida (RR),0.0,2017-06-28
Emulsión asfáltica lenta (RL),0.0,2017-06-28
LPG (70-30),265.62897,2017-06-28
LPG (rico en propano),0.0,2017-06-28
Av-Gas          ,895.0,2017-06-28
Jet fuel A-1,457.0,2017-06-28
Nafta Pesada    ,0.0,2017-06-28
Gasolina RON 95 ,597.0,2017-05-30
Gasolina RON 91,569.0,2017-05-30
Gasolina RON 91 pescadores,0.0,2017-05-30
Diésel para uso automotriz de 50 ppm de azufre,450.0,2017-05-30
Diésel para uso automotriz de 50 ppm de azufre pescadores,0.0,2017-05-30
Diésel 15 ppm de azufre,448.0,2017-05-30
Diésel para generación termoeléctrica,0.0,2017-05-30
Diésel marino,0.0,2017-05-30
Keroseno ,389.0,2017-05-30
Búnker    ,0.0,2017-05-30
Búnker de bajo azufre,0.0,2017-05-30
IFO 380   ,0.0,2017-05-30
Asfalto ,0.0,2017-05-30
Diésel pesado o gasoleo,0.0,2017-05-30
Emulsión asfáltica rápida (RR),0.0,2017-05-30
Emulsión asfáltica lenta (RL),0.0,2017-05-30
LPG (70-30),266.5069,2017-05-30
LPG (rico en propano),0.0,2017-05-30
Av-Gas          ,900.0,2017-05-30
Jet fuel A-1,470.0,2017-05-30
Nafta Pesada    ,0.0,2017-05-30
Gasolina RON 95 ,622.0,2017-05-04
Gasolina RON 91,597.0,2017-05-04
Gasolina RON 91 pescadores,0.0,2017-05-04
Diésel para uso automotriz de 50 ppm de azufre,470.0,2017-05-04
Diésel para uso automotriz de 50 ppm de azufre pescadores,0.0,2017-05-04
Diésel 15 ppm de azufre,466.0,2017-05-04
Diésel para generación termoeléctrica,0.0,2017-05-04
Diésel marino,0.0,2017-05-04
Keroseno ,412.0,2017-05-04
Búnker    ,0.0,2017-05-04
Búnker de bajo azufre,0.0,2017-05-04
IFO 380   ,0.0,2017-05-04
Asfalto ,0.0,2017-05-04
Diésel pesado o gasoleo,0.0,2017-05-04
Emulsión asfáltica rápida (RR),0.0,2017-05-04
Emulsión asfáltica lenta (RL),0.0,2017-05-04
LPG (70-30),269.2512,2017-05-04
LPG (rico en propano),0.0,2017-05-04
Av-Gas          ,912.0,2017-05-04
Jet fuel A-1,493.0,2017-05-04
Nafta Pesada    ,0.0,2017-05-04
Gasolina RON 95 ,600.0,2017-03-30
Gasolina RON 91,571.0,2017-03-30
Gasolina RON 91 pescadores,0.0,2017-03-30
Diésel para uso automotriz de 50 ppm de azufre,475.0,2017-03-30
Diésel para uso automotriz de 50 ppm de azufre pescadores,0.0,2017-03-30
Diésel 15 ppm de azufre,465.0,2017-03-30
Diésel para generación termoeléctrica,0.0,2017-03-30
Diésel marino,0.0,2017-03-30
Keroseno ,408.0,2017-03-30
Búnker    ,0.0,2017-03-30
Búnker de bajo azufre,0.0,2017-03-30
IFO 380   ,0.0,2017-03-30
Asfalto ,0.0,2017-03-30
Diésel pesado o gasoleo,0.0,2017-03-30
Emulsión asfáltica rápida (RR),0.0,2017-03-30
Emulsión asfáltica lenta (RL),0.0,2017-03-30
LPG (70-30),270.65108,2017-03-30
LPG (rico en propano),0.0,2017-03-30
Av-Gas          ,894.0,2017-03-30
Jet fuel A-1,509.0,2017-03-30
Nafta Pesada    ,0.0,2017-03-30
Gasolina RON 95 ,598.0,2017-03-14
Gasolina RON 91,570.0,2017-03-14
Gasolina RON 91 pescadores,0.0,2017-03-14
Diésel para uso automotriz de 50 ppm de azufre,476.0,2017-03-14
Diésel para uso automotriz de 50 ppm de azufre pescadores,0.0,2017-03-14
Diésel 15 ppm de azufre,468.0,2017-03-14
Diésel para generación termoeléctrica,0.0,2017-03-14
Diésel marino,0.0,2017-03-14
Keroseno ,410.0,2017-03-14
Búnker    ,0.0,2017-03-14
Búnker de bajo azufre,0.0,2017-03-14
IFO 380   ,0.0,2017-03-14
Asfalto ,0.0,2017-03-14
Diésel pesado o gasoleo,0.0,2017-03-14
Emulsión asfáltica rápida (RR),0.0,2017-03-14
Emulsión asfáltica lenta (RL),0.0,2017-03-14
LPG (70-30),312.31442,2017-03-14
LPG (rico en propano),0.0,2017-03-14
Av-Gas          ,887.0,2017-03-14
Jet fuel A-1,511.0,2017-03-14
Nafta Pesada    ,0.0,2017-03-14
Gasolina súper,593.0,2017-03-01
Gasolina plus 91,567.0,2017-03-01
Gasolina plus 91 pescadores,0.0,2017-03-01
Diésel 50 ppm de azufre,484.0,2017-03-01
Diésel 50 pescadores,0.0,2017-03-01
Diésel 15,474.0,2017-03-01
Diésel térmico,0.0,2017-03-01
Diésel marino,0.0,2017-03-01
Keroseno ,401.0,2017-03-01
Búnker    ,0.0,2017-03-01
Búnker de bajo azufre,0.0,2017-03-01
IFO 380   ,0.0,2017-03-01
Asfalto ,0.0,2017-03-01
Diésel pesado ,0.0,2017-03-01
Emulsión asfáltica,0.0,2017-03-01
LPG (70-30),312.31442,2017-03-01
LPG (rico en propano),0.0,2017-03-01
Av-Gas          ,907.0,2017-03-01
Jet fuel A-1,511.0,2017-03-01
Nafta Pesada    ,0.0,2017-03-01
Gasolina súper,620.0,2017-02-06
Gasolina plus 91,591.0,2017-02-06
Gasolina plus 91 pescadores,0.0,2017-02-06
Diésel 50 ppm de azufre,489.0,2017-02-06
Diésel 50 pescadores,0.0,2017-02-06
Diésel 15,475.0,2017-02-06
Diésel térmico,0.0,2017-02-06
Diésel marino,0.0,2017-02-06
Keroseno ,398.0,2017-02-06
Búnker    ,0.0,2017-02-06
Búnker de bajo azufre,0.0,2017-02-06
IFO 380   ,0.0,2017-02-06
Asfalto ,0.0,2017-02-06
Diésel pesado ,0.0,2017-02-06
Emulsión asfáltica,0.0,2017-02-06
LPG (70-30),284.28043,2017-02-06
LPG (rico en propano),0.0,2017-02-06
Av-Gas          ,918.0,2017-02-06
Jet fuel A-1,481.0,2017-02-06
Nafta Pesada    ,0.0,2017-02-06
Gasolina súper,619.0,2017-02-02
Gasolina plus 91,590.0,2017-02-02
Gasolina plus 91 pescadores,0.0,2017-02-02
Diésel 50 ppm de azufre,489.0,2017-02-02
Diésel 50 pescadores,0.0,2017-02-02
Diésel 15,474.0,2017-02-02
Diésel térmico,0.0,2017-02-02
Diésel marino,0.0,2017-02-02
Keroseno ,398.0,2017-02-02
Búnker    ,0.0,2017-02-02
Búnker de bajo azufre,0.0,2017-02-02
IFO 380   ,0.0,2017-02-02
Asfalto ,0.0,2017-02-02
Diésel pesado ,0.0,2017-02-02
Emulsión asfáltica,0.0,2017-02-02
LPG (70-30),284.03043,2017-02-02
LPG (rico en propano),0.0,2017-02-02
Av-Gas          ,918.0,2017-02-02
Jet fuel A-1,481.0,2017-02-02
Nafta Pesada    ,0.0,2017-02-02
Gasolina súper,592.0,2017-01-05
Gasolina plus 91,562.0,2017-01-05
Gasolina plus 91 pescadores,0.0,2017-01-05
Diésel 50 ppm de azufre,475.0,2017-01-05
Diésel 50 pescadores,0.0,2017-01-05
Diésel 15,460.0,2017-01-05
Diésel térmico,0.0,2017-01-05
Diésel marino,0.0,2017-01-05
Keroseno ,381.0,2017-01-05
Búnker    ,0.0,2017-01-05
Búnker de bajo azufre,0.0,2017-01-05
IFO 380   ,0.0,2017-01-05
Asfalto ,0.0,2017-01-05
Diésel pesado ,0.0,2017-01-05
Emulsión asfáltica,0.0,2017-01-05
LPG (70-30),263.22401,2017-01-05
LPG (rico en propano),0.0,2017-01-05
Av-Gas          ,885.0,2017-01-05
Jet fuel A-1,463.0,2017-01-05
Nafta Pesada    ,0.0,2017-01-05
Gasolina súper,562.0,2016-11-28
Gasolina plus 91,525.0,2016-11-28
Gasolina plus 91 pescadores,0.0,2016-11-28
Diésel 50 ppm de azufre,427.0,2016-11-28
Diésel 50 pescadores,0.0,2016-11-28
Diésel 15,447.0,2016-11-28
Diésel térmico,0.0,2016-11-28
Diésel marino,0.0,2016-11-28
Keroseno ,369.0,2016-11-28
Búnker    ,0.0,2016-11-28
Búnker de bajo azufre,0.0,2016-11-28
IFO 380   ,0.0,2016-11-28
Asfalto ,0.0,2016-11-28
Diésel pesado ,0.0,2016-11-28
Emulsión asfáltica,0.0,2016-11-28
LPG (70-30),252.56746,2016-11-28
LPG (rico en propano),0.0,2016-11-28
Av-Gas          ,857.0,2016-11-28
Jet fuel A-1,444.0,2016-11-28
Nafta Pesada    ,0.0,2016-11-28
Gasolina súper,581.0,2016-11-24
Gasolina plus 91,555.0,2016-11-24
Gasolina plus 91 pescadores,0.0,2016-11-24
Diésel 50 ppm de azufre,468.0,2016-11-24
Diésel 50 pescadores,0.0,2016-11-24
Diésel 15,444.0,2016-11-24
Diésel térmico,0.0,2016-11-24
Diésel marino,0.0,2016-11-24
Keroseno ,369.0,2016-11-24
Búnker    ,0.0,2016-11-24
Búnker de bajo azufre,0.0,2016-11-24
IFO 380   ,0.0,2016-11-24
Asfalto ,0.0,2016-11-24
Diésel pesado ,0.0,2016-11-24
Emulsión asfáltica,0.0,2016-11-24
LPG (70-30),237.32726,2016-11-24
LPG (rico en propano),0.0,2016-11-24
Av-Gas          ,897.0,2016-11-24
Jet fuel A-1,485.0,2016-11-24
Nafta Pesada    ,0.0,2016-11-24
Gasolina súper,579.0,2016-09-28
Gasolina plus 91,554.0,2016-09-28
Gasolina plus 91 pescadores,0.0,2016-09-28
Diésel 50 ppm de azufre,467.0,2016-09-28
Diésel 50 pescadores,0.0,2016-09-28
Diésel 15,444.0,2016-09-28
Diésel térmico,0.0,2016-09-28
Diésel marino,0.0,2016-09-28
Keroseno ,368.0,2016-09-28
Búnker    ,0.0,2016-09-28
Búnker de bajo azufre,0.0,2016-09-28
IFO 380   ,0.0,2016-09-28
Asfalto ,0.0,2016-09-28
Diésel pesado ,0.0,2016-09-28
Emulsión asfáltica,0.0,2016-09-28
LPG (70-30),237.07726,2016-09-28
LPG (rico en propano),0.0,2016-09-28
Av-Gas          ,895.0,2016-09-28
Jet fuel A-1,484.0,2016-09-28
Nafta Pesada    ,0.0,2016-09-28
Gasolina súper,566.0,2016-08-31
Gasolina plus 91,541.0,2016-08-31
Gasolina plus 91 pescadores,0.0,2016-08-31
Diésel 50 ppm de azufre,443.0,2016-08-31
Diésel 50 pescadores,0.0,2016-08-31
Diésel 15,419.0,2016-08-31
Diésel térmico,0.0,2016-08-31
Diésel marino,0.0,2016-08-31
Keroseno ,344.0,2016-08-31
Búnker    ,0.0,2016-08-31
Búnker de bajo azufre,0.0,2016-08-31
IFO 380   ,0.0,2016-08-31
Asfalto ,0.0,2016-08-31
Diésel pesado ,0.0,2016-08-31
Emulsión asfáltica,0.0,2016-08-31
LPG (70-30),230.19569,2016-08-31
LPG (rico en propano),0.0,2016-08-31
Av-Gas          ,872.0,2016-08-31
Jet fuel A-1,460.0,2016-08-31
Nafta Pesada    ,0.0,2016-08-31
Gasolina súper,590.0,2016-08-05
Gasolina plus 91,563.0,2016-08-05
Gasolina plus 91 pescadores,0.0,2016-08-05
Diésel 50 ppm de azufre,448.0,2016-08-05
Diésel 50 pescadores,0.0,2016-08-05
Diésel 15,444.0,2016-08-05
Diésel térmico,0.0,2016-08-05
Diésel marino,0.0,2016-08-05
Keroseno ,369.0,2016-08-05
Búnker    ,0.0,2016-08-05
Búnker de bajo azufre,0.0,2016-08-05
IFO 380   ,0.0,2016-08-05
Asfalto ,0.0,2016-08-05
Diésel pesado ,0.0,2016-08-05
Emulsión asfáltica,0.0,2016-08-05
LPG (70-30),243.8958,2016-08-05
LPG (rico en propano),0.0,2016-08-05
Av-Gas          ,930.0,2016-08-05
Jet fuel A-1,490.0,2016-08-05
Nafta Pesada    ,0.0,2016-08-05
Gasolina súper,589.0,2016-07-29
Gasolina plus 91,562.0,2016-07-29
Gasolina plus 91 pescadores,0.0,2016-07-29
Diésel 50 ppm de azufre,447.0,2016-07-29
Diésel pescadores,0.0,2016-07-29
Diésel 15,444.0,2016-07-29
Diésel térmico,0.0,2016-07-29
Diésel marino,0.0,2016-07-29
Keroseno,369.0,2016-07-29
Búnker,0.0,2016-07-29
Búnker de bajo azufre,0.0,2016-07-29
IFO 380,0.0,2016-07-29
Asfalto,0.0,2016-07-29
Diésel pesado,0.0,2016-07-29
Emulsión asfáltica,0.0,2016-07-29
LPG (70-30),243.64762,2016-07-29
LPG (rico en propano),0.0,2016-07-29
Av-Gas,930.0,2016-07-29
Jet fuel A-1,490.0,2016-07-29
Nafta Pesada,0.0,2016-07-29
Gasolina súper,602.0,2016-06-30
Gasolina plus 91,575.0,2016-06-30
Gasolina plus 91 pescadores,0.0,2016-06-30
Diésel 50 ppm de azufre,451.0,2016-06-30
Diésel pescadores,0.0,2016-06-30
Diésel 15,447.0,2016-06-30
Diésel térmico,0.0,2016-06-30
Diésel marino,0.0,2016-06-30
Keroseno,370.0,2016-06-30
Búnker,0.0,2016-06-30
Búnker de bajo azufre,0.0,2016-06-30
IFO 380,0.0,2016-06-30
Asfalto,0.0,2016-06-30
Diésel pesado,0.0,2016-06-30
Emulsión asfáltica,0.0,2016-06-30
LPG (70-30),240.8884,2016-06-30
LPG (rico en propano),0.0,2016-06-30
Av-Gas,944.0,2016-06-30
Jet fuel A-1,491.0,2016-06-30
Nafta Pesada,0.0,2016-06-30
Gasolina súper,518.0,2016-06-02
Gasolina plus 91,498.0,2016-06-02
Gasolina plus 91 pescadores,0.0,2016-06-02
Diésel 50 ppm de azufre,380.0,2016-06-02
Diésel pescadores,0.0,2016-06-02
Diésel 15,422.0,2016-06-02
Diésel térmico,0.0,2016-06-02
Diésel marino,0.0,2016-06-02
Keroseno,343.0,2016-06-02
Búnker,0.0,2016-06-02
Búnker de bajo azufre,0.0,2016-06-02
IFO 380,0.0,2016-06-02
Asfalto,0.0,2016-06-02
Diésel pesado,0.0,2016-06-02
Emulsión asfáltica,0.0,2016-06-02
LPG (70-30),238.1158,2016-06-02
LPG (rico en propano),0.0,2016-06-02
Av-Gas,819.0,2016-06-02
Jet fuel A-1,373.0,2016-06-02
Nafta Pesada,0.0,2016-06-02
Gasolina súper,502.0,2016-05-05
Gasolina plus 91,483.0,2016-05-05
Gasolina plus 91 pescadores,0.0,2016-05-05
Diésel 50 ppm de azufre,348.0,2016-05-05
Diésel pescadores,0.0,2016-05-05
Diésel 15,388.0,2016-05-05
Diésel térmico,0.0,2016-05-05
Diésel marino,0.0,2016-05-05
Keroseno,317.0,2016-05-05
Búnker,0.0,2016-05-05
Búnker de bajo azufre,0.0,2016-05-05
IFO 380,0.0,2016-05-05
Asfalto,0.0,2016-05-05
Diésel pesado,0.0,2016-05-05
Emulsión asfáltica,0.0,2016-05-05
LPG (70-30),225.7358,2016-05-05
LPG (rico en propano),0.0,2016-05-05
Av-Gas,804.0,2016-05-05
Jet fuel A-1,347.0,2016-05-05
Nafta Pesada,0.0,2016-05-05
Gasolina súper,503.0,2016-04-28
Gasolina plus 91,484.0,2016-04-28
Gasolina plus 91 pescadores,0.0,2016-04-28
Diésel 50 ppm de azufre,349.0,2016-04-28
Diésel pescadores,0.0,2016-04-28
Diésel 15,388.0,2016-04-28
Diésel térmico,0.0,2016-04-28
Diésel marino,0.0,2016-04-28
Keroseno,317.0,2016-04-28
Búnker,0.0,2016-04-28
Búnker de bajo azufre,0.0,2016-04-28
IFO 380,0.0,2016-04-28
Asfalto,0.0,2016-04-28
Diésel pesado,0.0,2016-04-28
Emulsión asfáltica,0.0,2016-04-28
LPG (70-30),225.7358,2016-04-28
LPG (rico en propano),0.0,2016-04-28
Av-Gas,805.0,2016-04-28
Jet fuel A-1,347.0,2016-04-28
Nafta Pesada,0.0,2016-04-28
Gasolina súper,463.0,2016-04-05
Gasolina plus 91,446.0,2016-04-05
Gasolina plus 91 pescadores,0.0,2016-04-05
Diésel 50 ppm de azufre,358.0,2016-04-05
Diésel pescadores,0.0,2016-04-05
Diésel 15,391.0,2016-04-05
Diésel térmico,0.0,2016-04-05
Diésel marino,0.0,2016-04-05
Keroseno,317.0,2016-04-05
Búnker,0.0,2016-04-05
Búnker de bajo azufre,0.0,2016-04-05
IFO 380,0.0,2016-04-05
Asfalto,0.0,2016-04-05
Diésel pesado,0.0,2016-04-05
Emulsión asfáltica,0.0,2016-04-05
LPG (70-30),227.4958,2016-04-05
LPG (rico en propano),0.0,2016-04-05
Av-Gas,713.0,2016-04-05
Jet fuel A-1,402.0,2016-04-05
Nafta Pesada,0.0,2016-04-05
Gasolina súper,445.0,2016-03-02
Gasolina plus 91,424.0,2016-03-02
Diésel 50 ppm de azufre,345.0,2016-03-02
Diésel 15,378.0,2016-03-02
Keroseno,312.0,2016-03-02
LPG (70-30),216.9558,2016-03-02
Av-Gas,694.0,2016-03-02
Jet fuel A-1,398.0,2016-03-02
Gasolina súper,560.0,2016-03-02
Gasolina plus 91,540.0,2016-03-02
Gasolina plus 91 pescadores,0.0,2016-03-02
Diésel 50 ppm de azufre,453.0,2016-03-02
Diésel pescadores,0.0,2016-03-02
Diésel 15,0.0,2016-03-02
Diésel térmico,0.0,2016-03-02
Diésel marino,0.0,2016-03-02
Keroseno,373.0,2016-03-02
Búnker,0.0,2016-03-02
Búnker de bajo azufre,0.0,2016-03-02
IFO 380,0.0,2016-03-02
Asfalto,0.0,2016-03-02
Diésel pesado,0.0,2016-03-02
Emulsión asfáltica,0.0,2016-03-02
LPG (70-30),0.0,2016-03-02
LPG (rico en propano),0.0,2016-03-02
Av-Gas,897.0,2016-03-02
Jet fuel A-1,446.0,2016-03-02
Nafta Pesada,0.0,2016-03-02
Gasolina súper,559.0,2016-02-10
Gasolina plus 91,539.0,2016-02-10
Gasolina plus 91 pescadores,0.0,2016-02-10
Diésel 50 ppm de azufre,453.0,2016-02-10
Diésel pescadores,0.0,2016-02-10
Diésel 15,0.0,2016-02-10
Diésel térmico,0.0,2016-02-10
Diésel marino,0.0,2016-02-10
Keroseno,373.0,2016-02-10
Búnker,0.0,2016-02-10
Búnker de bajo azufre,0.0,2016-02-10
IFO 380,0.0,2016-02-10
Asfalto,0.0,2016-02-10
Diésel pesado,0.0,2016-02-10
Emulsión asfáltica,0.0,2016-02-10
LPG (70-30),235.6658,2016-02-10
LPG (rico en propano),0.0,2016-02-10
Av-Gas,897.0,2016-02-10
Jet fuel A-1,445.0,2016-02-10
Nafta Pesada,0.0,2016-02-10
Gasolina súper,559.0,2016-02-05
Gasolina plus 91,536.0,2016-02-05
Gasolina plus 91 pescadores,0.0,2016-02-05
Diésel 50 ppm de azufre,448.0,2016-02-05
Diésel pescadores,0.0,2016-02-05
Diésel 15,0.0,2016-02-05
Diésel térmico,0.0,2016-02-05
Diésel marino,0.0,2016-02-05
Keroseno,384.0,2016-02-05
Búnker,0.0,2016-02-05
Búnker de bajo azufre,0.0,2016-02-05
IFO 380,0.0,2016-02-05
Asfalto,0.0,2016-02-05
Diésel pesado,0.0,2016-02-05
Emulsión asfáltica,0.0,2016-02-05
LPG (70-30),235.7658,2016-02-05
LPG (rico en propano),0.0,2016-02-05
Av-Gas,679.0,2016-02-05
Jet fuel A-1,398.0,2016-02-05
Nafta liviana,0.0,2016-02-05
Nafta Pesada,0.0,2016-02-05
Gasolina súper,559.0,2015-11-06
Gasolina plus 91,536.0,2015-11-06
Gasolina plus 91 pescadores,0.0,2015-11-06
Diésel 50 ppm de azufre,449.0,2015-11-06
Diésel pescadores,0.0,2015-11-06
Diésel 15,0.0,2015-11-06
Diésel térmico,0.0,2015-11-06
Diésel marino,0.0,2015-11-06
Keroseno,384.0,2015-11-06
Búnker,0.0,2015-11-06
Búnker de bajo azufre,0.0,2015-11-06
IFO 380,0.0,2015-11-06
Asfalto,0.0,2015-11-06
Diésel pesado,0.0,2015-11-06
Emulsión asfáltica,0.0,2015-11-06
LPG (70-30),0.0,2015-11-06
LPG (rico en propano),0.0,2015-11-06
Av-Gas,679.0,2015-11-06
Jet fuel A-1,398.0,2015-11-06
Nafta liviana,0.0,2015-11-06
Nafta Pesada,0.0,2015-11-06
Gasolina súper,561.0,2015-10-28
Gasolina plus 91,538.0,2015-10-28
Gasolina plus 91 pescadores,0.0,2015-10-28
Diésel 50 ppm de azufre,450.0,2015-10-28
Diésel pescadores,0.0,2015-10-28
Diésel 15,0.0,2015-10-28
Diésel térmico,0.0,2015-10-28
Diésel marino,0.0,2015-10-28
Keroseno,385.0,2015-10-28
Búnker,0.0,2015-10-28
Búnker de bajo azufre,0.0,2015-10-28
IFO 380,0.0,2015-10-28
Asfalto,0.0,2015-10-28
Diésel pesado,0.0,2015-10-28
Emulsión asfáltica,0.0,2015-10-28
LPG (70-30),0.0,2015-10-28
LPG (rico en propano),0.0,2015-10-28
Av-Gas,681.0,2015-10-28
Jet fuel A-1,399.0,2015-10-28
Nafta liviana,0.0,2015-10-28
Nafta Pesada,0.0,2015-10-28
Gasolina súper,562.0,2015-10-21
Gasolina plus 91,538.0,2015-10-21
Gasolina plus 91 pescadores,0.0,2015-10-21
Diésel 50 ppm de azufre,457.0,2015-10-21
Diésel pescadores,0.0,2015-10-21
Diésel 15,0.0,2015-10-21
Diésel térmico,0.0,2015-10-21
Diésel marino,0.0,2015-10-21
Keroseno,387.0,2015-10-21
Búnker,0.0,2015-10-21
Búnker de bajo azufre,0.0,2015-10-21
IFO 380,0.0,2015-10-21
Asfalto,0.0,2015-10-21
Diésel pesado,0.0,2015-10-21
Emulsión asfáltica,0.0,2015-10-21
LPG (70-30),0.0,2015-10-21
LPG (rico en propano),0.0,2015-10-21
Av-Gas,686.0,2015-10-21
Jet fuel A-1,401.0,2015-10-21
Nafta liviana,0.0,2015-10-21
Nafta Pesada,0.0,2015-10-21
Gasolina súper,563.0,2015-09-30
Gasolina plus 91,540.0,2015-09-30
Gasolina plus 91 pescadores,0.0,2015-09-30
Diésel 50 ppm de azufre,458.0,2015-09-30
Diésel pescadores,0.0,2015-09-30
Diésel 15,0.0,2015-09-30
Diésel térmico,0.0,2015-09-30
Diésel marino,0.0,2015-09-30
Keroseno,388.0,2015-09-30
Búnker,0.0,2015-09-30
Búnker de bajo azufre,0.0,2015-09-30
IFO 380,0.0,2015-09-30
Asfalto,0.0,2015-09-30
Diésel pesado,0.0,2015-09-30
Emulsión asfáltica,0.0,2015-09-30
LPG (70-30),0.0,2015-09-30
LPG (rico en propano),0.0,2015-09-30
Av-Gas,689.0,2015-09-30
Jet fuel A-1,403.0,2015-09-30
Nafta liviana,0.0,2015-09-30
Nafta Pesada,0.0,2015-09-30
Gasolina súper,635.0,2015-09-02
Gasolina plus 91,603.0,2015-09-02
Gasolina plus 91 pescadores,0.0,2015-09-02
Diésel 50 ppm de azufre,451.0,2015-09-02
Diésel pescadores,0.0,2015-09-02
Diésel 15,0.0,2015-09-02
Diésel térmico,0.0,2015-09-02
Keroseno,382.0,2015-09-02
Búnker,0.0,2015-09-02
Búnker de bajo azufre,0.0,2015-09-02
IFO 380,0.0,2015-09-02
Asfalto,0.0,2015-09-02
Diésel pesado,0.0,2015-09-02
Emulsión asfáltica,0.0,2015-09-02
LPG (70-30),0.0,2015-09-02
LPG (rico en propano),0.0,2015-09-02
Av-Gas,761.0,2015-09-02
Jet fuel A-1,397.0,2015-09-02
Nafta liviana,0.0,2015-09-02
Nafta Pesada,0.0,2015-09-02
Gasolina súper,679.0,2015-08-27
Gasolina plus 91,642.0,2015-08-27
Gasolina plus 91 pescadores,0.0,2015-08-27
Diésel 50 ppm de azufre,479.0,2015-08-27
Diésel pescadores,0.0,2015-08-27
Diésel 15,0.0,2015-08-27
Diésel térmico,0.0,2015-08-27
Keroseno,408.0,2015-08-27
Búnker,0.0,2015-08-27
Búnker de bajo azufre,0.0,2015-08-27
IFO 380,0.0,2015-08-27
Asfalto,0.0,2015-08-27
Diésel pesado,0.0,2015-08-27
Emulsión asfáltica,0.0,2015-08-27
LPG (70-30),0.0,2015-08-27
LPG (rico en propano),0.0,2015-08-27
Av-Gas,764.0,2015-08-27
Jet fuel A-1,422.0,2015-08-27
Nafta liviana,0.0,2015-08-27
Nafta Pesada,0.0,2015-08-27
Gasolina súper,0.0,2015-08-10
Gasolina plus 91,0.0,2015-08-10
Diésel 50 ppm de azufre,0.0,2015-08-10
Diésel 15,0.0,2015-08-10
Diésel térmico,0.0,2015-08-10
Keroseno,0.0,2015-08-10
Búnker,0.0,2015-08-10
Búnker de bajo azufre,0.0,2015-08-10
IFO 380,0.0,2015-08-10
Asfalto,0.0,2015-08-10
Diésel pesado,0.0,2015-08-10
Emulsión asfáltica,0.0,2015-08-10
LPG (70-30),0.0,2015-08-10
LPG (rico en propano),0.0,2015-08-10
Av-Gas,0.0,2015-08-10
Jet fuel A-1,0.0,2015-08-10
Nafta liviana,0.0,2015-08-10
Nafta Pesada,0.0,2015-08-10
Gasolina súper,676.0,2015-08-06
Gasolina plus 91,639.0,2015-08-06
Gasolina plus 91 pescadores,0.0,2015-08-06
Diésel 50 ppm de azufre,477.0,2015-08-06
Diésel pescadores,0.0,2015-08-06
Diésel 15,0.0,2015-08-06
Diésel térmico,0.0,2015-08-06
Keroseno,406.0,2015-08-06
Búnker,0.0,2015-08-06
Búnker de bajo azufre,0.0,2015-08-06
IFO 380,0.0,2015-08-06
Asfalto,0.0,2015-08-06
Diésel pesado,0.0,2015-08-06
Emulsión asfáltica,0.0,2015-08-06
LPG (70-30),0.0,2015-08-06
LPG (rico en propano),0.0,2015-08-06
Av-Gas,759.0,2015-08-06
Jet fuel A-1,420.0,2015-08-06
Nafta liviana,0.0,2015-08-06
Nafta Pesada,0.0,2015-08-06
Gasolina súper,676.0,2015-07-30
Gasolina plus 91,639.0,2015-07-30
Gasolina plus 91 pescadores,0.0,2015-07-30
Diésel 50 ppm de azufre,477.0,2015-07-30
Diésel pescadores,0.0,2015-07-30
Diésel 15,0.0,2015-07-30
Diésel térmico,0.0,2015-07-30
Keroseno,406.0,2015-07-30
Búnker,0.0,2015-07-30
Búnker de bajo azufre,0.0,2015-07-30
IFO 380,0.0,2015-07-30
Asfalto,0.0,2015-07-30
Diésel pesado,0.0,2015-07-30
Emulsión asfáltica,0.0,2015-07-30
LPG (70-30),0.0,2015-07-30
LPG (rico en propano),0.0,2015-07-30
Av-Gas,759.0,2015-07-30
Jet fuel A-1,420.0,2015-07-30
Nafta liviana,0.0,2015-07-30
Nafta Pesada,0.0,2015-07-30
Gasolina súper,672.0,2015-07-02
Gasolina plus 91,636.0,2015-07-02
Gasolina plus 91 pescadores,0.0,2015-07-02
Diésel 50 ppm de azufre,498.0,2015-07-02
Diésel pescadores,0.0,2015-07-02
Diésel 15,0.0,2015-07-02
Diésel térmico,0.0,2015-07-02
Keroseno,429.0,2015-07-02
Búnker,0.0,2015-07-02
Búnker de bajo azufre,0.0,2015-07-02
IFO 380,0.0,2015-07-02
Asfalto,0.0,2015-07-02
Diésel pesado,0.0,2015-07-02
Emulsión asfáltica,0.0,2015-07-02
LPG (70-30),0.0,2015-07-02
LPG (rico en propano),0.0,2015-07-02
Av-Gas,747.0,2015-07-02
Jet fuel A-1,443.0,2015-07-02
Nafta liviana,0.0,2015-07-02
Nafta Pesada,0.0,2015-07-02
Gasolina súper,643.0,2015-05-28
Gasolina plus 91,610.0,2015-05-28
Gasolina plus 91 pescadores,0.0,2015-05-28
Diésel 50 ppm de azufre,514.0,2015-05-28
Diésel pescadores,0.0,2015-05-28
Diésel 15,0.0,2015-05-28
Diésel térmico,0.0,2015-05-28
Keroseno,441.0,2015-05-28
Búnker,0.0,2015-05-28
Búnker de bajo azufre,0.0,2015-05-28
IFO 380,0.0,2015-05-28
Asfalto,0.0,2015-05-28
Diésel pesado,0.0,2015-05-28
Emulsión asfáltica,0.0,2015-05-28
LPG (70-30),0.0,2015-05-28
LPG (rico en propano),0.0,2015-05-28
Av-Gas,819.0,2015-05-28
Jet fuel A-1,465.0,2015-05-28
Nafta liviana,0.0,2015-05-28
Nafta Pesada,0.0,2015-05-28
Gasolina súper,600.0,2015-04-29
Gasolina plus 91,575.0,2015-04-29
Gasolina plus 91 pescadores,0.0,2015-04-29
Diésel 50 ppm de azufre,478.0,2015-04-29
Diésel pescadores,0.0,2015-04-29
Diésel 15,0.0,2015-04-29
Diésel térmico,0.0,2015-04-29
Keroseno,406.0,2015-04-29
Búnker,0.0,2015-04-29
Búnker de bajo azufre,0.0,2015-04-29
IFO 380,0.0,2015-04-29
Asfalto,0.0,2015-04-29
Diésel pesado,0.0,2015-04-29
Emulsión asfáltica,0.0,2015-04-29
LPG (70-30),0.0,2015-04-29
LPG (rico en propano),0.0,2015-04-29
Av-Gas,792.0,2015-04-29
Jet fuel A-1,430.0,2015-04-29
Nafta liviana,0.0,2015-04-29
Nafta Pesada,0.0,2015-04-29
Av-Gas,756.0,2015-04-08
Gasolina súper,601.0,2015-04-08
Gasolina plus 91,574.0,2015-04-08
Gasolina plus 91 pescadores,0.0,2015-04-08
Diésel 50 ppm de azufre,500.0,2015-04-08
Diésel pescadores,0.0,2015-04-08
Diésel 15,0.0,2015-04-08
Diésel térmico,0.0,2015-04-08
Keroseno,426.0,2015-04-08
Búnker,0.0,2015-04-08
Búnker de bajo azufre,0.0,2015-04-08
IFO 380,0.0,2015-04-08
Asfalto,0.0,2015-04-08
Diésel pesado,0.0,2015-04-08
Emulsión asfáltica,0.0,2015-04-08
LPG (70-30),0.0,2015-04-08
LPG (rico en propano),0.0,2015-04-08
Av-Gas,803.0,2015-04-08
Jet fuel A-1,450.0,2015-04-08
Nafta liviana,0.0,2015-04-08
Nafta Pesada,0.0,2015-04-08
Gasolina súper,570.0,2015-03-09
Gasolina plus 91,545.0,2015-03-09
Gasolina plus 91 pescadores,0.0,2015-03-09
Diésel 50 ppm de azufre,493.0,2015-03-09
Diésel pescadores,0.0,2015-03-09
Diésel 15,0.0,2015-03-09
Diésel térmico,0.0,2015-03-09
Keroseno,423.0,2015-03-09
Búnker,0.0,2015-03-09
Búnker de bajo azufre,0.0,2015-03-09
IFO 380,0.0,2015-03-09
Asfalto,0.0,2015-03-09
Diésel pesado,0.0,2015-03-09
Emulsión asfáltica,0.0,2015-03-09
LPG (70-30),0.0,2015-03-09
LPG (rico en propano),0.0,2015-03-09
Av-Gas,757.0,2015-03-09
Jet fuel A-1,447.0,2015-03-09
Nafta liviana,0.0,2015-03-09
Nafta Pesada,0.0,2015-03-09
Gasolina súper,536.0,2015-02-05
Gasolina plus 91,503.0,2015-02-05
Gasolina plus 91 pescadores,0.0,2015-02-05
Diésel 50 ppm de azufre,474.0,2015-02-05
Diésel pescadores,0.0,2015-02-05
Diésel 15,0.0,2015-02-05
Diésel térmico,0.0,2015-02-05
Keroseno,412.0,2015-02-05
Búnker,0.0,2015-02-05
Búnker de bajo azufre,0.0,2015-02-05
IFO 380,0.0,2015-02-05
Asfalto,0.0,2015-02-05
Diésel pesado,0.0,2015-02-05
Emulsión asfáltica,0.0,2015-02-05
LPG (70-30),0.0,2015-02-05
LPG (rico en propano),0.0,2015-02-05
Av-Gas,1179.0,2015-02-05
Jet fuel A-1,436.0,2015-02-05
Nafta liviana,0.0,2015-02-05
Nafta Pesada,0.0,2015-02-05
Gasolina súper,537.0,2015-01-27
Gasolina plus 91,503.0,2015-01-27
Gasolina plus 91 pescadores,0.0,2015-01-27
Diésel 50 ppm de azufre,474.0,2015-01-27
Diésel pescadores,0.0,2015-01-27
Diésel 15,0.0,2015-01-27
Diésel térmico,0.0,2015-01-27
Keroseno,413.0,2015-01-27
Búnker,0.0,2015-01-27
Búnker de bajo azufre,0.0,2015-01-27
IFO 380,0.0,2015-01-27
Asfalto,0.0,2015-01-27
Diésel pesado,0.0,2015-01-27
Emulsión asfáltica,0.0,2015-01-27
LPG (70-30),0.0,2015-01-27
LPG (rico en propano),0.0,2015-01-27
Av-Gas,1179.0,2015-01-27
Jet fuel A-1,437.0,2015-01-27
Nafta liviana,0.0,2015-01-27
Nafta Pesada,0.0,2015-01-27
Gasolina súper,580.0,2015-01-14
Gasolina plus 91,552.0,2015-01-14
Gasolina plus 91 pescadores,0.0,2015-01-14
Diésel 50 ppm de azufre,522.0,2015-01-14
Diésel pescadores,0.0,2015-01-14
Diésel 15,0.0,2015-01-14
Diésel térmico,0.0,2015-01-14
Keroseno,465.0,2015-01-14
Búnker,0.0,2015-01-14
Búnker de bajo azufre,0.0,2015-01-14
IFO 380,0.0,2015-01-14
Asfalto,0.0,2015-01-14
Diésel pesado,0.0,2015-01-14
Emulsión asfáltica,0.0,2015-01-14
LPG (70-30),0.0,2015-01-14
LPG (rico en propano),0.0,2015-01-14
Av-Gas,1135.0,2015-01-14
Jet fuel A-1,488.0,2015-01-14
Nafta liviana,0.0,2015-01-14
Nafta Pesada,0.0,2015-01-14
Gasolina súper,689.0,2014-12-04
Gasolina plus 91,655.0,2014-12-04
Gasolina plus 91 pescadores,0.0,2014-12-04
Diésel 50 ppm de azufre,607.0,2014-12-04
Diésel pescadores,0.0,2014-12-04
Diésel 15,0.0,2014-12-04
Diésel térmico,0.0,2014-12-04
Keroseno,530.0,2014-12-04
Búnker,0.0,2014-12-04
Búnker de bajo azufre,0.0,2014-12-04
IFO 380,0.0,2014-12-04
Asfalto,0.0,2014-12-04
Diésel pesado,0.0,2014-12-04
Emulsión asfáltica,0.0,2014-12-04
LPG (70-30),0.0,2014-12-04
LPG (rico en propano),0.0,2014-12-04
Av-Gas,1075.0,2014-12-04
Jet fuel A-1,565.0,2014-12-04
Nafta liviana,0.0,2014-12-04
Nafta Pesada,0.0,2014-12-04
Gasolina súper,757.0,2014-11-07
Gasolina plus 91,720.0,2014-11-07
Gasolina plus 91 pescadores,0.0,2014-11-07
Diésel 50 ppm de azufre,636.0,2014-11-07
Diésel pescadores,0.0,2014-11-07
Diésel 15,0.0,2014-11-07
Diésel térmico,0.0,2014-11-07
Keroseno,561.0,2014-11-07
Búnker,0.0,2014-11-07
Búnker de bajo azufre,0.0,2014-11-07
IFO 380,0.0,2014-11-07
Asfalto,0.0,2014-11-07
Diésel pesado,0.0,2014-11-07
Emulsión asfáltica,0.0,2014-11-07
LPG (70-30),0.0,2014-11-07
LPG (rico en propano),0.0,2014-11-07
Av-Gas,1063.0,2014-11-07
Jet fuel A-1,596.0,2014-11-07
Nafta liviana,0.0,2014-11-07
Nafta Pesada,0.0,2014-11-07
Gasolina súper,755.0,2014-10-29
Gasolina plus 91,717.0,2014-10-29
Gasolina plus 91 pescadores,0.0,2014-10-29
Diésel 50 ppm de azufre,634.0,2014-10-29
Diésel pescadores,0.0,2014-10-29
Diésel 15,0.0,2014-10-29
Diésel térmico,0.0,2014-10-29
Keroseno,560.0,2014-10-29
Búnker,0.0,2014-10-29
Búnker de bajo azufre,0.0,2014-10-29
IFO 380,0.0,2014-10-29
Asfalto,0.0,2014-10-29
Diésel pesado,0.0,2014-10-29
Emulsión asfáltica,0.0,2014-10-29
LPG (70-30),0.0,2014-10-29
LPG (rico en propano),0.0,2014-10-29
Av-Gas,1061.0,2014-10-29
Jet fuel A-1,594.0,2014-10-29
Nafta liviana,0.0,2014-10-29
Nafta Pesada,0.0,2014-10-29
Gasolina súper,777.0,2014-10-02
Gasolina plus 91,744.0,2014-10-02
Gasolina plus 91 pescadores,0.0,2014-10-02
Diésel 50 ppm de azufre,658.0,2014-10-02
Diésel pescadores,0.0,2014-10-02
Diésel 15,0.0,2014-10-02
Diésel térmico,0.0,2014-10-02
Keroseno,594.0,2014-10-02
Búnker,0.0,2014-10-02
Búnker de bajo azufre,0.0,2014-10-02
IFO 380,0.0,2014-10-02
Asfalto,0.0,2014-10-02
Diésel pesado,0.0,2014-10-02
Emulsión asfáltica,0.0,2014-10-02
LPG (70-30),0.0,2014-10-02
LPG (rico en propano),0.0,2014-10-02
Av-Gas,1053.0,2014-10-02
Jet fuel A-1,628.0,2014-10-02
Nafta liviana,0.0,2014-10-02
Nafta Pesada,0.0,2014-10-02
Gasolina súper,779.0,2014-09-19
Gasolina plus 91,757.0,2014-09-19
Gasolina plus 91 pescadores,0.0,2014-09-19
Diésel 50 ppm de azufre,669.0,2014-09-19
Diésel pescadores,0.0,2014-09-19
Diésel 15,0.0,2014-09-19
Diésel térmico,0.0,2014-09-19
Keroseno,597.0,2014-09-19
Búnker,0.0,2014-09-19
Búnker de bajo azufre,0.0,2014-09-19
IFO 380,0.0,2014-09-19
Asfalto,0.0,2014-09-19
Diésel pesado,0.0,2014-09-19
Emulsión asfáltica,0.0,2014-09-19
LPG (70-30),0.0,2014-09-19
LPG (rico en propano),0.0,2014-09-19
Av-Gas,1052.0,2014-09-19
Jet fuel A-1,631.0,2014-09-19
Nafta liviana,0.0,2014-09-19
Nafta Pesada,0.0,2014-09-19
Nafta liviana,0.0,2014-09-10
Nafta Pesada,0.0,2014-09-10
Gasolina súper,774.0,2014-08-27
Gasolina plus 91,752.0,2014-08-27
Gasolina plus 91 pescadores,0.0,2014-08-27
Diésel 50 ppm de azufre,666.0,2014-08-27
Diésel pescadores,0.0,2014-08-27
Diésel 15,0.0,2014-08-27
Diésel térmico,0.0,2014-08-27
Keroseno,596.0,2014-08-27
Búnker,0.0,2014-08-27
Búnker de bajo azufre,0.0,2014-08-27
IFO 380,0.0,2014-08-27
Asfalto,0.0,2014-08-27
Diésel pesado,0.0,2014-08-27
Emulsión asfáltica,0.0,2014-08-27
LPG (70-30),0.0,2014-08-27
LPG (rico en propano),0.0,2014-08-27
Av-Gas,1047.0,2014-08-27
Jet fuel A-1,629.0,2014-08-27
Nafta liviana,0.0,2014-08-27
Nafta Pesada,0.0,2014-08-27
Gasolina súper,810.0,2014-07-31
Gasolina plus 91,782.0,2014-07-31
Gasolina plus 91 pescadores,0.0,2014-07-31
Diésel 50 ppm de azufre,667.0,2014-07-31
Diésel pescadores,0.0,2014-07-31
Diésel 15,0.0,2014-07-31
Diésel térmico,0.0,2014-07-31
Keroseno,591.0,2014-07-31
Búnker,0.0,2014-07-31
Búnker de bajo azufre,0.0,2014-07-31
IFO 380,0.0,2014-07-31
Asfalto,0.0,2014-07-31
Diésel pesado,0.0,2014-07-31
Emulsión asfáltica,0.0,2014-07-31
LPG (70-30),0.0,2014-07-31
LPG (rico en propano),0.0,2014-07-31
Av-Gas,1038.0,2014-07-31
Jet fuel A-1,623.0,2014-07-31
Nafta liviana,0.0,2014-07-31
Nafta Pesada,0.0,2014-07-31
Gasolina súper,816.0,2014-07-03
Gasolina plus 91,788.0,2014-07-03
Gasolina plus 91 pescadores,0.0,2014-07-03
Diésel 50 ppm de azufre,676.0,2014-07-03
Diésel pescadores,0.0,2014-07-03
Diésel 15,0.0,2014-07-03
Diésel térmico,0.0,2014-07-03
Keroseno,600.0,2014-07-03
Búnker,0.0,2014-07-03
Búnker de bajo azufre,0.0,2014-07-03
IFO 380,0.0,2014-07-03
Asfalto,0.0,2014-07-03
Diésel pesado,0.0,2014-07-03
Emulsión asfáltica,0.0,2014-07-03
LPG (70-30),0.0,2014-07-03
LPG (rico en propano),0.0,2014-07-03
Av-Gas,1062.0,2014-07-03
Jet fuel A-1,633.0,2014-07-03
Nafta liviana,0.0,2014-07-03
Nafta Pesada,0.0,2014-07-03
Gasolina súper,787.0,2014-06-12
Gasolina plus 91,761.0,2014-06-12
Diésel 50 ppm de azufre,689.0,2014-06-12
Keroseno,612.0,2014-06-12
Av-Gas,1037.0,2014-06-12
Jet fuel A-1,646.0,2014-06-12
Gasolina súper,786.0,2014-05-28
Gasolina plus 91,760.0,2014-05-28
Gasolina plus 91 pescadores,0.0,2014-05-28
Diésel 50 ppm de azufre,689.0,2014-05-28
Diésel pescadores,0.0,2014-05-28
Diésel 15,0.0,2014-05-28
Diésel térmico,0.0,2014-05-28
Keroseno,611.0,2014-05-28
Búnker,0.0,2014-05-28
Búnker de bajo azufre,0.0,2014-05-28
IFO 380,0.0,2014-05-28
Asfalto,0.0,2014-05-28
Diésel pesado,0.0,2014-05-28
Emulsión asfáltica,0.0,2014-05-28
LPG (70-30),0.0,2014-05-28
LPG (rico en propano),0.0,2014-05-28
Av-Gas,1036.0,2014-05-28
Jet fuel A-1,646.0,2014-05-28
Nafta liviana,0.0,2014-05-28
Nafta Pesada,0.0,2014-05-28
Gasolina súper,778.0,2014-05-21
Gasolina plus 91,756.0,2014-05-21
Gasolina plus 91 pescadores,0.0,2014-05-21
Diésel 50 ppm de azufre,677.0,2014-05-21
Diésel pescadores,0.0,2014-05-21
Diésel 15,0.0,2014-05-21
Diésel térmico,0.0,2014-05-21
Keroseno,602.0,2014-05-21
Búnker,0.0,2014-05-21
Búnker de bajo azufre,0.0,2014-05-21
IFO 380,0.0,2014-05-21
Asfalto,0.0,2014-05-21
Diésel pesado,0.0,2014-05-21
Emulsión asfáltica,0.0,2014-05-21
LPG (70-30),0.0,2014-05-21
LPG (rico en propano),0.0,2014-05-21
Av-Gas,1027.0,2014-05-21
Jet fuel A-1,637.0,2014-05-21
Nafta liviana,0.0,2014-05-21
Nafta Pesada,0.0,2014-05-21
Gasolina súper,773.0,2014-05-14
Gasolina plus 91,752.0,2014-05-14
Gasolina plus 91 pescadores,0.0,2014-05-14
Diésel 50 ppm de azufre,674.0,2014-05-14
Diésel pescadores,0.0,2014-05-14
Diésel 15,0.0,2014-05-14
Diésel térmico,0.0,2014-05-14
Keroseno,601.0,2014-05-14
Búnker,0.0,2014-05-14
Búnker de bajo azufre,0.0,2014-05-14
IFO 380,0.0,2014-05-14
Asfalto,0.0,2014-05-14
Diésel pesado,0.0,2014-05-14
Emulsión asfáltica,0.0,2014-05-14
LPG (70-30),0.0,2014-05-14
LPG (rico en propano),0.0,2014-05-14
Av-Gas,1022.0,2014-05-14
Jet fuel A-1,634.0,2014-05-14
Nafta liviana,0.0,2014-05-14
Nafta Pesada,0.0,2014-05-14
Gasolina súper,756.0,2014-04-04
Gasolina plus 91,723.0,2014-04-04
Diésel 50 ppm de azufre,675.0,2014-04-04
Keroseno,606.0,2014-04-04
Av-Gas,1003.0,2014-04-04
Jet fuel A-1,639.0,2014-04-04
Gasolina súper,726.0,2014-04-04
Gasolina plus 91,702.0,2014-04-04
Gasolina plus 91 pescadores,0.0,2014-04-04
Diésel 50 ppm de azufre,666.0,2014-04-04
Diésel pescadores,0.0,2014-04-04
Diésel 15,0.0,2014-04-04
Diésel térmico,0.0,2014-04-04
Keroseno,596.0,2014-04-04
Búnker,0.0,2014-04-04
Búnker de bajo azufre,0.0,2014-04-04
IFO 380,0.0,2014-04-04
Asfalto,0.0,2014-04-04
Diésel pesado,0.0,2014-04-04
Emulsión asfáltica,0.0,2014-04-04
LPG (70-30),0.0,2014-04-04
LPG (rico en propano),0.0,2014-04-04
Av-Gas,993.0,2014-04-04
Jet fuel A-1,629.0,2014-04-04
Nafta liviana,0.0,2014-04-04
Nafta Pesada,0.0,2014-04-04
Gasolina súper,711.0,2014-03-07
Gasolina plus 91,687.0,2014-03-07
Gasolina plus 91 pescadores,0.0,2014-03-07
Diésel 50 ppm de azufre,650.0,2014-03-07
Diésel pescadores,0.0,2014-03-07
Diésel 15,0.0,2014-03-07
Diésel térmico,0.0,2014-03-07
Keroseno,580.0,2014-03-07
Búnker,0.0,2014-03-07
Búnker de bajo azufre,0.0,2014-03-07
IFO 380,0.0,2014-03-07
Asfalto,0.0,2014-03-07
Diésel pesado,0.0,2014-03-07
Emulsión asfáltica,0.0,2014-03-07
LPG (70-30),0.0,2014-03-07
LPG (rico en propano),0.0,2014-03-07
L.N.G. (gas natural licuado),0.0,2014-03-07
Av-Gas,967.0,2014-03-07
Jet fuel A-1,612.0,2014-03-07
Nafta liviana,0.0,2014-03-07
Nafta Pesada,0.0,2014-03-07
Gasolina súper,685.0,2014-02-06
Gasolina plus 91,662.0,2014-02-06
Gasolina plus 91 pescadores,0.0,2014-02-06
Diésel 50 ppm de azufre,631.0,2014-02-06
Diésel pescadores,0.0,2014-02-06
Diésel 15,0.0,2014-02-06
Diésel térmico,0.0,2014-02-06
Keroseno,565.0,2014-02-06
Búnker,0.0,2014-02-06
Búnker de bajo azufre,0.0,2014-02-06
IFO 380,0.0,2014-02-06
Asfalto,0.0,2014-02-06
Diésel pesado,0.0,2014-02-06
Emulsión asfáltica,0.0,2014-02-06
LPG (70-30),0.0,2014-02-06
LPG (rico en propano),0.0,2014-02-06
L.N.G. (gas natural licuado),0.0,2014-02-06
Av-Gas,937.0,2014-02-06
Jet fuel A-1,598.0,2014-02-06
Nafta liviana,0.0,2014-02-06
Nafta Pesada,0.0,2014-02-06
Gasolina súper,672.0,2014-01-21
Gasolina plus 91,648.0,2014-01-21
Gasolina plus 91 pescadores,0.0,2014-01-21
Diésel 50 ppm de azufre,632.0,2014-01-21
Diésel pescadores,0.0,2014-01-21
Diésel térmico,0.0,2014-01-21
Diésel 15,0.0,2014-01-21
Keroseno,562.0,2014-01-21
Búnker,0.0,2014-01-21
Búnker de bajo azufre,0.0,2014-01-21
IFO 380,0.0,2014-01-21
Asfalto,0.0,2014-01-21
Diésel pesado,0.0,2014-01-21
Emulsión asfáltica,0.0,2014-01-21
LPG (70-30),0.0,2014-01-21
LPG (rico en propano),0.0,2014-01-21
L.N.G. (gas natural licuado),0.0,2014-01-21
Av-Gas,936.0,2014-01-21
Jet fuel A-1,594.0,2014-01-21
Nafta liviana,0.0,2014-01-21
Nafta Pesada,0.0,2014-01-21
Gasolina súper,667.0,2013-11-29
Gasolina plus 91,651.0,2013-11-29
Gasolina plus 91 pescadores,0.0,2013-11-29
Diésel 50 ppm de azufre,619.0,2013-11-29
Diésel pescadores,0.0,2013-11-29
Diésel térmico,0.0,2013-11-29
Diésel 15,0.0,2013-11-29
Keroseno,553.0,2013-11-29
Búnker,0.0,2013-11-29
Búnker de bajo azufre,0.0,2013-11-29
IFO 380,0.0,2013-11-29
Asfalto,0.0,2013-11-29
Diésel pesado,0.0,2013-11-29
Emulsión asfáltica,0.0,2013-11-29
LPG (70-30),0.0,2013-11-29
LPG (rico en propano),0.0,2013-11-29
L.N.G. (gas natural licuado),0.0,2013-11-29
Av-Gas,881.0,2013-11-29
Jet fuel A-1,572.0,2013-11-29
Nafta liviana,0.0,2013-11-29
Nafta Pesada,0.0,2013-11-29
Gasolina súper,693.0,2013-11-26
Gasolina plus 91,675.0,2013-11-26
Gasolina plus 91 pescadores,0.0,2013-11-26
Diésel 50 ppm de azufre,632.0,2013-11-26
Diésel pescadores,0.0,2013-11-26
Diésel térmico,0.0,2013-11-26
Keroseno,561.0,2013-11-26
Búnker,0.0,2013-11-26
Búnker de bajo azufre,0.0,2013-11-26
IFO 380,0.0,2013-11-26
Asfalto,0.0,2013-11-26
Diésel pesado,0.0,2013-11-26
Emulsión asfáltica,0.0,2013-11-26
LPG (70-30),0.0,2013-11-26
LPG (rico en propano),0.0,2013-11-26
L.N.G. (gas natural licuado),0.0,2013-11-26
Av-Gas,872.0,2013-11-26
Jet fuel A-1,579.0,2013-11-26
Nafta liviana,0.0,2013-11-26
Nafta Pesada,0.0,2013-11-26
Gasolina súper,691.0,2013-10-31
Gasolina plus 91,674.0,2013-10-31
Gasolina plus 91 pescadores,0.0,2013-10-31
Diésel 50 ppm de azufre,632.0,2013-10-31
Diésel pescadores,0.0,2013-10-31
Diésel térmico,0.0,2013-10-31
Diésel 15,0.0,2013-10-31
Keroseno,560.0,2013-10-31
Búnker,0.0,2013-10-31
Búnker de bajo azufre,0.0,2013-10-31
IFO 380,0.0,2013-10-31
Asfalto,0.0,2013-10-31
Diésel pesado,0.0,2013-10-31
Emulsión asfáltica,0.0,2013-10-31
LPG (70-30),0.0,2013-10-31
LPG (rico en propano),0.0,2013-10-31
L.N.G. (gas natural licuado),0.0,2013-10-31
Av-Gas,871.0,2013-10-31
Jet fuel A-1,579.0,2013-10-31
Nafta liviana,0.0,2013-10-31
Nafta Pesada,0.0,2013-10-31
Gasolina súper,721.0,2013-10-03
Gasolina plus 91,702.0,2013-10-03
Gasolina plus 91 pescadores,0.0,2013-10-03
Diésel 50 ppm de azufre,649.0,2013-10-03
Diésel pescadores,0.0,2013-10-03
Diésel térmico,0.0,2013-10-03
Diésel 15,0.0,2013-10-03
Keroseno,577.0,2013-10-03
Búnker,0.0,2013-10-03
Búnker de bajo azufre,0.0,2013-10-03
IFO 380,0.0,2013-10-03
Asfalto,0.0,2013-10-03
Diésel pesado,0.0,2013-10-03
Emulsión asfáltica,0.0,2013-10-03
LPG (70-30),0.0,2013-10-03
LPG (rico en propano),0.0,2013-10-03
L.N.G. (gas natural licuado),0.0,2013-10-03
Av-Gas,880.0,2013-10-03
Jet fuel A-1,596.0,2013-10-03
Nafta liviana,0.0,2013-10-03
Nafta Pesada,0.0,2013-10-03
Gasolina plus 91,729.0,2013-10-01
Diésel 50 ppm de azufre,634.0,2013-10-01
Av-Gas,888.0,2013-10-01
Jet fuel A-1,582.0,2013-10-01
Gasolina súper,752.0,2013-10-01
Gasolina plus 91,728.0,2013-10-01
Gasolina plus 91 pescadores,0.0,2013-10-01
Diésel 50 ppm de azufre,633.0,2013-10-01
Diésel pescadores,0.0,2013-10-01
Diésel térmico,0.0,2013-10-01
Keroseno,563.0,2013-10-01
Búnker,0.0,2013-10-01
Búnker de bajo azufre,0.0,2013-10-01
IFO 380,0.0,2013-10-01
Asfalto,0.0,2013-10-01
Diésel pesado,0.0,2013-10-01
Emulsión asfáltica,0.0,2013-10-01
LPG (70-30),0.0,2013-10-01
LPG (rico en propano),0.0,2013-10-01
L.N.G. (gas natural licuado),0.0,2013-10-01
Av-Gas,887.0,2013-10-01
Jet fuel A-1,581.0,2013-10-01
Nafta liviana,0.0,2013-10-01
Nafta Pesada,0.0,2013-10-01
Gasolina súper,755.0,2013-09-03
Gasolina plus 91,729.0,2013-09-03
Gasolina plus 91 pescadores,0.0,2013-09-03
Diésel 50 ppm de azufre,633.0,2013-09-03
Diésel pescadores,0.0,2013-09-03
Diésel térmico,0.0,2013-09-03
Diésel 15,0.0,2013-09-03
Keroseno,563.0,2013-09-03
Búnker,0.0,2013-09-03
Búnker de bajo azufre,0.0,2013-09-03
IFO 380,0.0,2013-09-03
Asfalto,0.0,2013-09-03
Diésel pesado,0.0,2013-09-03
Emulsión asfáltica,0.0,2013-09-03
LPG (70-30),0.0,2013-09-03
LPG (rico en propano),0.0,2013-09-03
L.N.G. (gas natural licuado),0.0,2013-09-03
Av-Gas,984.0,2013-09-03
Jet fuel A-1,589.0,2013-09-03
Nafta liviana,0.0,2013-09-03
Nafta Pesada,0.0,2013-09-03
Gasolina súper,738.0,2013-08-05
Gasolina plus 91,708.0,2013-08-05
Gasolina plus 91 pescadores,0.0,2013-08-05
Diésel 50 ppm de azufre,623.0,2013-08-05
Diésel pescadores,0.0,2013-08-05
Diésel térmico,0.0,2013-08-05
Diésel 15,0.0,2013-08-05
Keroseno,549.0,2013-08-05
Búnker,0.0,2013-08-05
Búnker de bajo azufre,0.0,2013-08-05
IFO 380,0.0,2013-08-05
Asfalto,0.0,2013-08-05
Diésel pesado,0.0,2013-08-05
Emulsión asfáltica,0.0,2013-08-05
LPG (70-30),0.0,2013-08-05
LPG (rico en propano),0.0,2013-08-05
L.N.G. (gas natural licuado),0.0,2013-08-05
Av-Gas,976.0,2013-08-05
Jet fuel A-1,576.0,2013-08-05
Nafta liviana,0.0,2013-08-05
Nafta Pesada,0.0,2013-08-05
Gasolina súper,739.0,2013-07-05
Gasolina plus 91,707.0,2013-07-05
Gasolina plus 91 pescadores,0.0,2013-07-05
Diésel 50 ppm de azufre,611.0,2013-07-05
Diésel pescadores,0.0,2013-07-05
Diésel térmico,0.0,2013-07-05
Diésel 15,0.0,2013-07-05
Keroseno,538.0,2013-07-05
Búnker,0.0,2013-07-05
Búnker de bajo azufre,0.0,2013-07-05
IFO 380,0.0,2013-07-05
Asfalto,0.0,2013-07-05
Diésel pesado,0.0,2013-07-05
Emulsión asfáltica,0.0,2013-07-05
LPG (70-30),0.0,2013-07-05
LPG (rico en propano),0.0,2013-07-05
Av-Gas,983.0,2013-07-05
Jet fuel A-1,564.0,2013-07-05
Nafta liviana,0.0,2013-07-05
Nafta Pesada,0.0,2013-07-05
Gasolina súper,742.0,2013-06-11
Gasolina plus 91,702.0,2013-06-11
Gasolina plus 91 pescadores,0.0,2013-06-11
Diésel 50 ppm de azufre,619.0,2013-06-11
Diésel pescadores,0.0,2013-06-11
Diésel térmico,0.0,2013-06-11
Keroseno,529.0,2013-06-11
Búnker,0.0,2013-06-11
Búnker de bajo azufre,0.0,2013-06-11
IFO 380,0.0,2013-06-11
Asfalto,0.0,2013-06-11
Diésel pesado,0.0,2013-06-11
Emulsión asfáltica,0.0,2013-06-11
LPG (70-30),0.0,2013-06-11
LPG (rico en propano),0.0,2013-06-11
L.N.G. (gas natural licuado),0.0,2013-06-11
Av-Gas,952.0,2013-06-11
Jet fuel A-1,570.0,2013-06-11
Nafta liviana,0.0,2013-06-11
Nafta Pesada,0.0,2013-06-11
Gasolina súper,742.0,2013-05-30
Gasolina plus 91,702.0,2013-05-30
Gasolina plus 91 pescadores,0.0,2013-05-30
Diésel 50 ppm de azufre,619.0,2013-05-30
Diésel pescadores,0.0,2013-05-30
Diésel térmico,0.0,2013-05-30
Keroseno,529.0,2013-05-30
Búnker,0.0,2013-05-30
IFO 380,0.0,2013-05-30
Asfalto,0.0,2013-05-30
Diésel pesado,0.0,2013-05-30
Emulsión asfáltica,0.0,2013-05-30
LPG (70-30),0.0,2013-05-30
LPG (rico en propano),0.0,2013-05-30
Av-Gas,952.0,2013-05-30
Jet fuel A-1,570.0,2013-05-30
Nafta liviana,0.0,2013-05-30
Nafta Pesada,0.0,2013-05-30
Gasolina súper,744.0,2013-05-20
Gasolina plus 91,705.0,2013-05-20
Gasolina plus 91 pescadores,0.0,2013-05-20
Diésel 50 ppm de azufre,641.0,2013-05-20
Diésel pescadores,0.0,2013-05-20
Diésel térmico,0.0,2013-05-20
Keroseno,560.0,2013-05-20
Búnker,0.0,2013-05-20
IFO 380,0.0,2013-05-20
Asfalto,0.0,2013-05-20
Diésel pesado,0.0,2013-05-20
Emulsión asfáltica,0.0,2013-05-20
LPG (70-30),0.0,2013-05-20
LPG (rico en propano),0.0,2013-05-20
Av-Gas,950.0,2013-05-20
Jet fuel A-1,601.0,2013-05-20
Nafta liviana,0.0,2013-05-20
Nafta Pesada,0.0,2013-05-20
Gasolina súper,739.0,2013-04-30
Gasolina plus 91,699.0,2013-04-30
Gasolina plus 91 pescadores,0.0,2013-04-30
Diésel 50 ppm de azufre,638.0,2013-04-30
Diésel pescadores,0.0,2013-04-30
Diésel térmico,0.0,2013-04-30
Keroseno,559.0,2013-04-30
Búnker,0.0,2013-04-30
IFO 380,0.0,2013-04-30
Asfalto,0.0,2013-04-30
Diésel pesado,0.0,2013-04-30
Emulsión asfáltica,0.0,2013-04-30
LPG (70-30),0.0,2013-04-30
LPG (rico en propano),0.0,2013-04-30
Av-Gas,944.0,2013-04-30
Jet fuel A-1,598.0,2013-04-30
Nafta liviana,0.0,2013-04-30
Nafta Pesada,0.0,2013-04-30
Gasolina súper,739.0,2013-04-25
Gasolina plus 91,697.0,2013-04-25
Gasolina plus 91 pescadores,0.0,2013-04-25
Diésel 50 ppm de azufre,658.0,2013-04-25
Diésel pescadores,0.0,2013-04-25
Diésel térmico,0.0,2013-04-25
Keroseno,595.0,2013-04-25
Búnker,0.0,2013-04-25
IFO 380,0.0,2013-04-25
Asfalto,0.0,2013-04-25
Diésel pesado,0.0,2013-04-25
Emulsión asfáltica,0.0,2013-04-25
LPG (70-30),0.0,2013-04-25
LPG (rico en propano),0.0,2013-04-25
Av-Gas,955.0,2013-04-25
Jet fuel A-1,634.0,2013-04-25
Nafta liviana,0.0,2013-04-25
Nafta Pesada,0.0,2013-04-25
Gasolina súper,767.0,2013-04-03
Gasolina plus 91,721.0,2013-04-03
Gasolina plus 91 pescadores,0.0,2013-04-03
Diésel 50 ppm de azufre,650.0,2013-04-03
Diésel pescadores,0.0,2013-04-03
Diésel térmico,0.0,2013-04-03
Keroseno,576.0,2013-04-03
Búnker,0.0,2013-04-03
IFO 380,0.0,2013-04-03
Asfalto,0.0,2013-04-03
Diésel pesado,0.0,2013-04-03
Emulsión asfáltica,0.0,2013-04-03
LPG (70-30),0.0,2013-04-03
LPG (rico en propano),0.0,2013-04-03
Av-Gas,962.0,2013-04-03
Jet fuel A-1,616.0,2013-04-03
Nafta liviana,0.0,2013-04-03
Nafta Pesada,0.0,2013-04-03
Gasolina súper,735.0,2013-02-28
Gasolina plus 91,693.0,2013-02-28
Gasolina plus 91 pescadores,0.0,2013-02-28
Diésel 50 ppm de azufre,656.0,2013-02-28
Diésel pescadores,0.0,2013-02-28
Diésel térmico,0.0,2013-02-28
Keroseno,594.0,2013-02-28
Búnker,0.0,2013-02-28
IFO 380,0.0,2013-02-28
Asfalto,0.0,2013-02-28
Diésel pesado,0.0,2013-02-28
Emulsión asfáltica,0.0,2013-02-28
LPG (70-30),0.0,2013-02-28
LPG (rico en propano),0.0,2013-02-28
Av-Gas,952.0,2013-02-28
Jet fuel A-1,632.0,2013-02-28
Nafta liviana,0.0,2013-02-28
Nafta Pesada,0.0,2013-02-28
Gasolina súper,718.0,2013-02-25
Gasolina plus 91,678.0,2013-02-25
Diésel 50 ppm de azufre,641.0,2013-02-25
Diésel térmico,0.0,2013-02-25
Keroseno,574.0,2013-02-25
Av-Gas,947.0,2013-02-25
Jet fuel A-1,612.0,2013-02-25
Gasolina súper,718.0,2013-02-05
Gasolina plus 91,678.0,2013-02-05
Gasolina plus 91 pescadores,0.0,2013-02-05
Diésel 50 ppm de azufre,640.0,2013-02-05
Diésel pescadores,0.0,2013-02-05
Diésel térmico,0.0,2013-02-05
Keroseno,574.0,2013-02-05
Búnker,0.0,2013-02-05
IFO 380,0.0,2013-02-05
Asfalto,0.0,2013-02-05
Diésel pesado,0.0,2013-02-05
Emulsión asfáltica,0.0,2013-02-05
LPG (70-30),0.0,2013-02-05
LPG (rico en propano),0.0,2013-02-05
Av-Gas,946.0,2013-02-05
Jet fuel A-1,612.0,2013-02-05
Nafta liviana,0.0,2013-02-05
Nafta Pesada,0.0,2013-02-05
Gasolina súper,675.0,2012-12-24
Gasolina plus 91,643.0,2012-12-24
Gasolina plus 91 pescadores,0.0,2012-12-24
Diésel 50 ppm de azufre,632.0,2012-12-24
Diésel pescadores,0.0,2012-12-24
Diésel térmico,0.0,2012-12-24
Keroseno,559.0,2012-12-24
Búnker,0.0,2012-12-24
IFO 380,0.0,2012-12-24
Asfalto,0.0,2012-12-24
Diésel pesado,0.0,2012-12-24
Emulsión asfáltica,0.0,2012-12-24
LPG (70-30),0.0,2012-12-24
LPG (rico en propano),0.0,2012-12-24
Av-Gas,943.0,2012-12-24
Jet fuel A-1,597.0,2012-12-24
Nafta liviana,0.0,2012-12-24
Nafta Pesada,0.0,2012-12-24
Gasolina súper,688.0,2012-11-23
Gasolina plus 91,665.0,2012-11-23
Gasolina plus 91 pescadores,0.0,2012-11-23
Diésel 50 ppm de azufre,640.0,2012-11-23
Diésel pescadores,0.0,2012-11-23
Diésel térmico,0.0,2012-11-23
Keroseno,559.0,2012-11-23
Búnker,0.0,2012-11-23
IFO 380,0.0,2012-11-23
Asfalto,0.0,2012-11-23
Diésel pesado,0.0,2012-11-23
Emulsión asfáltica,0.0,2012-11-23
LPG (70-30),0.0,2012-11-23
LPG (rico en propano),0.0,2012-11-23
Av-Gas,900.0,2012-11-23
Jet fuel A-1,593.0,2012-11-23
Nafta liviana,0.0,2012-11-23
Nafta Pesada,0.0,2012-11-23
Gasolina súper,769.0,2012-11-12
Gasolina plus 91,736.0,2012-11-12
Gasolina plus 91 pescadores,0.0,2012-11-12
Diésel 50 ppm de azufre,667.0,2012-11-12
Diésel pescadores,0.0,2012-11-12
Diésel térmico,0.0,2012-11-12
Keroseno,588.0,2012-11-12
Búnker,0.0,2012-11-12
IFO 380,0.0,2012-11-12
Asfalto,0.0,2012-11-12
Diésel pesado,0.0,2012-11-12
Emulsión asfáltica,0.0,2012-11-12
LPG (70-30),0.0,2012-11-12
LPG (rico en propano),0.0,2012-11-12
Av-Gas,913.0,2012-11-12
Jet fuel A-1,622.0,2012-11-12
Nafta liviana,0.0,2012-11-12
Nafta Pesada,0.0,2012-11-12
Gasolina súper,786.0,2012-10-24
Gasolina plus 91,748.0,2012-10-24
Gasolina plus 91 pescadores,0.0,2012-10-24
Diésel 50 ppm de azufre,669.0,2012-10-24
Diésel pescadores,0.0,2012-10-24
Diésel térmico,0.0,2012-10-24
Keroseno,597.0,2012-10-24
Búnker,0.0,2012-10-24
IFO 380,0.0,2012-10-24
Asfalto,0.0,2012-10-24
Diésel pesado,0.0,2012-10-24
Emulsión asfáltica,0.0,2012-10-24
LPG (70-30),0.0,2012-10-24
LPG (rico en propano),0.0,2012-10-24
Av-Gas,917.0,2012-10-24
Jet fuel A-1,631.0,2012-10-24
Nafta liviana,0.0,2012-10-24
Nafta Pesada,0.0,2012-10-24
Gasolina súper,756.0,2012-09-25
Gasolina plus 91,718.0,2012-09-25
Gasolina plus 91 pescadores,0.0,2012-09-25
Diésel 50 ppm de azufre,636.0,2012-09-25
Diésel pescadores,0.0,2012-09-25
Diésel térmico,0.0,2012-09-25
Keroseno,568.0,2012-09-25
Búnker,0.0,2012-09-25
IFO 380,0.0,2012-09-25
Asfalto,0.0,2012-09-25
Diésel pesado,0.0,2012-09-25
Emulsión asfáltica,0.0,2012-09-25
LPG (70-30),0.0,2012-09-25
LPG (rico en propano),0.0,2012-09-25
Av-Gas,897.0,2012-09-25
Jet fuel A-1,602.0,2012-09-25
Nafta liviana,0.0,2012-09-25
Nafta Pesada,0.0,2012-09-25
Gasolina súper,727.0,2012-08-31
Gasolina plus 91,684.0,2012-08-31
Gasolina plus 91 pescadores,0.0,2012-08-31
Diésel 50 ppm de azufre,611.0,2012-08-31
Diésel pescadores,0.0,2012-08-31
Diésel térmico,0.0,2012-08-31
Keroseno,538.0,2012-08-31
Búnker,0.0,2012-08-31
IFO 380,0.0,2012-08-31
Asfalto,0.0,2012-08-31
Diésel pesado,0.0,2012-08-31
Emulsión asfáltica,0.0,2012-08-31
LPG (70-30),0.0,2012-08-31
LPG (rico en propano),0.0,2012-08-31
Av-Gas,828.0,2012-08-31
Jet fuel A-1,572.0,2012-08-31
Nafta liviana,0.0,2012-08-31
Nafta Pesada,0.0,2012-08-31
Gasolina súper,723.0,2012-08-16
Gasolina plus 91,681.0,2012-08-16
Gasolina plus 91 pescadores,0.0,2012-08-16
Diésel 50 ppm de azufre,609.0,2012-08-16
Diésel pescadores,0.0,2012-08-16
Diésel térmico,0.0,2012-08-16
Keroseno,537.0,2012-08-16
Búnker,0.0,2012-08-16
IFO 380,0.0,2012-08-16
Asfalto,0.0,2012-08-16
Diésel pesado,0.0,2012-08-16
Emulsión asfáltica,0.0,2012-08-16
LPG (70-30),0.0,2012-08-16
LPG (rico en propano),0.0,2012-08-16
Av-Gas,825.0,2012-08-16
Jet fuel A-1,570.0,2012-08-16
Nafta liviana,0.0,2012-08-16
Nafta Pesada,0.0,2012-08-16
Gasolina súper,743.0,2012-07-06
Gasolina plus 91,697.0,2012-07-06
Gasolina plus 91 pescadores,0.0,2012-07-06
Diésel 50 ppm de azufre,604.0,2012-07-06
Diésel pescadores,0.0,2012-07-06
Diésel térmico,0.0,2012-07-06
Keroseno,535.0,2012-07-06
Búnker,0.0,2012-07-06
IFO 380,0.0,2012-07-06
Asfalto,0.0,2012-07-06
Diésel pesado,0.0,2012-07-06
Emulsión asfáltica,0.0,2012-07-06
LPG (70-30),0.0,2012-07-06
LPG (rico en propano),0.0,2012-07-06
Av-Gas,843.0,2012-07-06
Jet fuel A-1,568.0,2012-07-06
Nafta liviana,0.0,2012-07-06
Nafta Pesada,0.0,2012-07-06
Gasolina súper,746.0,2012-04-26
Gasolina plus 91,735.0,2012-04-26
Gasolina plus 91 pescadores,0.0,2012-04-26
Diésel 50 ppm de azufre,667.0,2012-04-26
Diésel pescadores,0.0,2012-04-26
Diésel térmico,0.0,2012-04-26
Keroseno,607.0,2012-04-26
Búnker,0.0,2012-04-26
IFO 380,0.0,2012-04-26
Asfalto,0.0,2012-04-26
Diésel pesado,0.0,2012-04-26
Emulsión asfáltica,0.0,2012-04-26
LPG (70-30),0.0,2012-04-26
LPG (rico en propano),0.0,2012-04-26
Av-Gas,820.0,2012-04-26
Jet fuel A-1,633.0,2012-04-26
Nafta liviana,0.0,2012-04-26
Nafta Pesada,0.0,2012-04-26
Gasolina súper,724.0,2012-03-21
Gasolina plus 91,706.0,2012-03-21
Diésel 50 ppm de azufre,645.0,2012-03-21
Keroseno,592.0,2012-03-21
Av-Gas,812.0,2012-03-21
Jet fuel A-1,618.0,2012-03-21
Gasolina súper,680.0,2012-03-21
Gasolina plus 91,663.0,2012-03-21
Diésel 50 ppm de azufre,598.0,2012-03-21
Keroseno,548.0,2012-03-21
Av-Gas,744.0,2012-03-21
Jet fuel A-1,572.0,2012-03-21
Gasolina súper,677.0,2012-03-21
Gasolina plus 91,660.0,2012-03-21
Diésel 50 ppm de azufre,597.0,2012-03-21
Keroseno,547.0,2012-03-21
Av-Gas,741.0,2012-03-21
Jet fuel A-1,571.0,2012-03-21
Gasolina súper,644.0,2012-03-21
Gasolina plus 91,627.0,2012-03-21
Gasolina plus 91 pescadores,0.0,2012-03-21
Diésel 50 ppm de azufre,586.0,2012-03-21
Diésel pescadores,0.0,2012-03-21
Diésel térmico,0.0,2012-03-21
Keroseno,536.0,2012-03-21
Búnker,0.0,2012-03-21
IFO 380,0.0,2012-03-21
Asfalto,0.0,2012-03-21
Diésel pesado,0.0,2012-03-21
Emulsión asfáltica,0.0,2012-03-21
LPG (70-30),0.0,2012-03-21
LPG (rico en propano),0.0,2012-03-21
Av-Gas,719.0,2012-03-21
Jet fuel A-1,559.0,2012-03-21
Nafta liviana,0.0,2012-03-21
Nafta Pesada,0.0,2012-03-21
Gasolina súper,615.0,2012-02-01
Gasolina plus 91,600.0,2012-02-01
Gasolina plus 91 pescadores,0.0,2012-02-01
Diésel 50 ppm de azufre,575.0,2012-02-01
Diésel pescadores,0.0,2012-02-01
Diésel térmico,0.0,2012-02-01
Keroseno,517.0,2012-02-01
Búnker,0.0,2012-02-01
IFO 380,0.0,2012-02-01
Asfalto,0.0,2012-02-01
Diésel pesado,0.0,2012-02-01
Emulsión asfáltica,0.0,2012-02-01
LPG (70-30),0.0,2012-02-01
LPG (rico en propano),0.0,2012-02-01
Av-Gas,703.0,2012-02-01
Jet fuel A-1,541.0,2012-02-01
Nafta liviana,0.0,2012-02-01
Nafta Pesada,0.0,2012-02-01
Gasolina súper,693.0,2011-12-26
Gasolina plus 91,662.0,2011-12-26
Diésel 50 ppm de azufre,613.0,2011-12-26
Keroseno,532.0,2011-12-26
Av-Gas,841.0,2011-12-26
Jet fuel A-1,578.0,2011-12-26
Gasolina súper,655.0,2011-12-26
Gasolina plus 91,637.0,2011-12-26
Gasolina plus 91 pescadores,0.0,2011-12-26
Diésel 50 ppm de azufre,587.0,2011-12-26
Diésel pescadores,0.0,2011-12-26
Diésel térmico,0.0,2011-12-26
Keroseno,506.0,2011-12-26
Búnker,0.0,2011-12-26
IFO 380,0.0,2011-12-26
Asfalto,0.0,2011-12-26
Diésel pesado,0.0,2011-12-26
Emulsión asfáltica,0.0,2011-12-26
LPG (70-30),0.0,2011-12-26
LPG (rico en propano),0.0,2011-12-26
Av-Gas,813.0,2011-12-26
Jet fuel A-1,551.0,2011-12-26
Nafta liviana,0.0,2011-12-26
Nafta Pesada,0.0,2011-12-26
Gasolina súper,666.0,2011-09-21
Gasolina plus 91,642.0,2011-09-21
Diésel 50 ppm de azufre,599.0,2011-09-21
Keroseno,519.0,2011-09-21
Av-Gas,832.0,2011-09-21
Jet fuel A-1,565.0,2011-09-21
Gasolina súper,709.0,2011-09-21
Gasolina plus 91,684.0,2011-09-21
Gasolina plus 91 pescadores,0.0,2011-09-21
Diésel 50 ppm de azufre,644.0,2011-09-21
Diésel pescadores,0.0,2011-09-21
Diésel térmico,0.0,2011-09-21
Keroseno,562.0,2011-09-21
Búnker,0.0,2011-09-21
IFO 380,0.0,2011-09-21
Asfalto,0.0,2011-09-21
Diésel pesado,0.0,2011-09-21
Emulsión asfáltica,0.0,2011-09-21
LPG (70-30),0.0,2011-09-21
Av-Gas,900.0,2011-09-21
Jet fuel A-1,610.0,2011-09-21
Nafta liviana,0.0,2011-09-21
Nafta Pesada,0.0,2011-09-21
Gasolina súper,709.0,2011-09-16
Gasolina plus 91,686.0,2011-09-16
Gasolina plus 91 pescadores,0.0,2011-09-16
Diésel 50 ppm de azufre,637.0,2011-09-16
Diésel pescadores,0.0,2011-09-16
Diésel térmico,0.0,2011-09-16
Keroseno,552.0,2011-09-16
Búnker,0.0,2011-09-16
IFO 380,0.0,2011-09-16
Asfalto,0.0,2011-09-16
Diésel pesado,0.0,2011-09-16
Emulsión asfáltica,0.0,2011-09-16
LPG (70-30),0.0,2011-09-16
Av-Gas,911.0,2011-09-16
Jet fuel A-1,601.0,2011-09-16
Nafta liviana,0.0,2011-09-16
Nafta Pesada,0.0,2011-09-16
Gasolina súper,706.0,2011-08-12
Gasolina plus 91,683.0,2011-08-12
Gasolina plus 91 pescadores,0.0,2011-08-12
Diésel 50 ppm de azufre,636.0,2011-08-12
Diésel pescadores,0.0,2011-08-12
Diésel térmico,0.0,2011-08-12
Keroseno,551.0,2011-08-12
Búnker,0.0,2011-08-12
IFO 380,0.0,2011-08-12
Asfalto,0.0,2011-08-12
Diésel pesado,0.0,2011-08-12
Emulsión asfáltica,0.0,2011-08-12
LPG (70-30),0.0,2011-08-12
Av-Gas,909.0,2011-08-12
Jet fuel A-1,599.0,2011-08-12
Nafta liviana,0.0,2011-08-12
Nafta Pesada,0.0,2011-08-12
Gasolina súper,712.0,2011-07-12
Gasolina plus 91,691.0,2011-07-12
Gasolina plus 91 pescadores,0.0,2011-07-12
Diésel 50 ppm de azufre,653.0,2011-07-12
Diésel pescadores,0.0,2011-07-12
Diésel térmico,0.0,2011-07-12
Keroseno,574.0,2011-07-12
Búnker,0.0,2011-07-12
IFO 380,0.0,2011-07-12
Asfalto,0.0,2011-07-12
Diésel pesado,0.0,2011-07-12
Emulsión asfáltica,0.0,2011-07-12
LPG (70-30),0.0,2011-07-12
Av-Gas,919.0,2011-07-12
Jet fuel A-1,621.0,2011-07-12
Nafta liviana,0.0,2011-07-12
Nafta Pesada,0.0,2011-07-12
Gasolina súper,740.0,2011-06-10
Gasolina plus 91,726.0,2011-06-10
Gasolina plus 91 pescadores,0.0,2011-06-10
Diésel 50 ppm de azufre,627.0,2011-06-10
Diésel pescadores,0.0,2011-06-10
Diésel térmico,0.0,2011-06-10
Keroseno,581.0,2011-06-10
Búnker,0.0,2011-06-10
IFO 380,0.0,2011-06-10
Asfalto,0.0,2011-06-10
Diésel pesado,0.0,2011-06-10
Emulsión asfáltica,0.0,2011-06-10
LPG (70-30),0.0,2011-06-10
Av-Gas,918.0,2011-06-10
Jet fuel A-1,615.0,2011-06-10
Nafta liviana,0.0,2011-06-10
Nafta Pesada,0.0,2011-06-10
Gasolina súper,712.0,2011-05-23
Gasolina plus 91,690.0,2011-05-23
Gasolina plus 91 pescadores,0.0,2011-05-23
Diésel 50 ppm de azufre,633.0,2011-05-23
Diésel pescadores,0.0,2011-05-23
Diésel térmico,0.0,2011-05-23
Keroseno,579.0,2011-05-23
Búnker,0.0,2011-05-23
IFO 380,0.0,2011-05-23
Asfalto,0.0,2011-05-23
Diésel pesado,0.0,2011-05-23
Emulsión asfáltica,0.0,2011-05-23
LPG (70-30),0.0,2011-05-23
Av-Gas,856.0,2011-05-23
Jet fuel A-1,614.0,2011-05-23
Nafta liviana,0.0,2011-05-23
Nafta Pesada,0.0,2011-05-23
Gasolina súper,709.0,2011-05-18
Gasolina plus 91,687.0,2011-05-18
Gasolina plus 91 pescadores,0.0,2011-05-18
"Diésel 0,05% S",631.0,2011-05-18
"Diésel 0,05% S pescadores",0.0,2011-05-18
Diésel térmico,0.0,2011-05-18
Keroseno,579.0,2011-05-18
Búnker,0.0,2011-05-18
IFO 380,0.0,2011-05-18
Asfalto,0.0,2011-05-18
Diésel pesado,0.0,2011-05-18
Emulsión asfáltica,0.0,2011-05-18
LPG (70-30),0.0,2011-05-18
Av-Gas,853.0,2011-05-18
Jet fuel A-1,612.0,2011-05-18
Nafta liviana,0.0,2011-05-18
Nafta Pesada,0.0,2011-05-18
Gasolina súper,681.0,2011-04-15
Gasolina plus 91,664.0,2011-04-15
Gasolina plus 91 pescadores,0.0,2011-04-15
"Diésel 0,05% S",617.0,2011-04-15
"Diésel 0,05% S pescadores",0.0,2011-04-15
Diésel térmico,0.0,2011-04-15
Keroseno,566.0,2011-04-15
Búnker,0.0,2011-04-15
IFO 380,0.0,2011-04-15
Asfalto,0.0,2011-04-15
Diésel pesado,0.0,2011-04-15
Emulsión asfáltica,0.0,2011-04-15
LPG (70-30),0.0,2011-04-15
Av-Gas,826.0,2011-04-15
Jet fuel A-1,600.0,2011-04-15
Nafta liviana,0.0,2011-04-15
Nafta Pesada,0.0,2011-04-15
Gasolina súper,627.0,2011-03-24
Gasolina plus 91,610.0,2011-03-24
Gasolina plus 91 pescadores,0.0,2011-03-24
"Diésel 0,05% S",578.0,2011-03-24
"Diésel 0,05% S pescadores",0.0,2011-03-24
Diésel térmico,0.0,2011-03-24
Keroseno,527.0,2011-03-24
Búnker,0.0,2011-03-24
IFO 380,0.0,2011-03-24
Asfalto,0.0,2011-03-24
Diésel pesado,0.0,2011-03-24
Emulsión asfáltica,0.0,2011-03-24
LPG (70-30),0.0,2011-03-24
Av-Gas,786.0,2011-03-24
Jet fuel A-1,561.0,2011-03-24
Nafta liviana,0.0,2011-03-24
Nafta Pesada,0.0,2011-03-24
Gasolina súper,624.0,2011-02-25
Gasolina plus 91,608.0,2011-02-25
Gasolina plus 91 pescadores,0.0,2011-02-25
"Diésel 0,05% S",546.0,2011-02-25
"Diésel 0,05% S pescadores",0.0,2011-02-25
Diésel térmico,0.0,2011-02-25
Keroseno,495.0,2011-02-25
Búnker,0.0,2011-02-25
IFO 380,0.0,2011-02-25
Asfalto,0.0,2011-02-25
Diésel pesado,0.0,2011-02-25
Emulsión asfáltica,0.0,2011-02-25
LPG (70-30),0.0,2011-02-25
Av-Gas,781.0,2011-02-25
Jet fuel A-1,528.0,2011-02-25
Nafta liviana,0.0,2011-02-25
Nafta Pesada,0.0,2011-02-25
Gasolina súper,621.0,2011-02-21
Gasolina plus 91,605.0,2011-02-21
Gasolina plus 91 pescadores,0.0,2011-02-21
"Diésel 0,05% S",544.0,2011-02-21
"Diésel 0,05% S pescadores",0.0,2011-02-21
Diésel térmico,0.0,2011-02-21
Keroseno,494.0,2011-02-21
Búnker,0.0,2011-02-21
IFO 380,0.0,2011-02-21
Asfalto,0.0,2011-02-21
Diésel pesado,0.0,2011-02-21
Emulsión asfáltica,0.0,2011-02-21
LPG (70-30),0.0,2011-02-21
Av-Gas,777.0,2011-02-21
Jet fuel A-1,526.0,2011-02-21
Nafta liviana,0.0,2011-02-21
Nafta Pesada,0.0,2011-02-21
Gasolina súper,608.0,2011-01-24
Gasolina plus 91,590.0,2011-01-24
Gasolina plus 91 pescadores,0.0,2011-01-24
"Diésel 0,05% S",527.0,2011-01-24
"Diésel 0,05% S pescadores",0.0,2011-01-24
Diésel térmico,0.0,2011-01-24
Keroseno,477.0,2011-01-24
Búnker,0.0,2011-01-24
IFO 380,0.0,2011-01-24
Asfalto,0.0,2011-01-24
Diésel pesado,0.0,2011-01-24
Emulsión asfáltica,0.0,2011-01-24
LPG (70-30),0.0,2011-01-24
Av-Gas,760.0,2011-01-24
Jet fuel A-1,509.0,2011-01-24
Nafta liviana,0.0,2011-01-24
Nafta Pesada,0.0,2011-01-24
Gasolina súper,601.0,2010-12-20
Gasolina plus 91,573.0,2010-12-20
Gasolina plus 91 pescadores,0.0,2010-12-20
"Diésel 0,05% S",525.0,2010-12-20
"Diésel 0,05% S pescadores",0.0,2010-12-20
Diésel térmico,0.0,2010-12-20
Keroseno,470.0,2010-12-20
Búnker,0.0,2010-12-20
IFO 380,0.0,2010-12-20
Asfalto,0.0,2010-12-20
Diésel pesado,0.0,2010-12-20
Emulsión asfáltica,0.0,2010-12-20
LPG (70-30),0.0,2010-12-20
Av-Gas,748.0,2010-12-20
Jet fuel A-1,515.0,2010-12-20
Nafta liviana,0.0,2010-12-20
Nafta Pesada,0.0,2010-12-20
Gasolina súper,590.0,2010-12-09
Gasolina plus 91,563.0,2010-12-09
Gasolina plus 91 pescadores,0.0,2010-12-09
"Diésel 0,05% S",508.0,2010-12-09
"Diésel 0,05% S pescadores",0.0,2010-12-09
Diésel térmico,0.0,2010-12-09
Keroseno,453.0,2010-12-09
Búnker,0.0,2010-12-09
IFO 380,0.0,2010-12-09
Asfalto,0.0,2010-12-09
Diésel pesado,0.0,2010-12-09
Emulsión asfáltica,0.0,2010-12-09
LPG (70-30),0.0,2010-12-09
Av-Gas,736.0,2010-12-09
Jet fuel A-1,498.0,2010-12-09
Nafta liviana,0.0,2010-12-09
Nafta Pesada,0.0,2010-12-09
Gasolina súper,589.0,2010-11-17
Gasolina plus 91,562.0,2010-11-17
Gasolina plus 91 pescadores,0.0,2010-11-17
"Diésel 0,05% S",508.0,2010-11-17
"Diésel 0,05% S pescadores",0.0,2010-11-17
Diésel térmico,0.0,2010-11-17
Keroseno,453.0,2010-11-17
Búnker,0.0,2010-11-17
IFO 380,0.0,2010-11-17
Asfalto,0.0,2010-11-17
Diésel pesado,0.0,2010-11-17
Emulsión asfáltica,0.0,2010-11-17
LPG (70-30),0.0,2010-11-17
Av-Gas,736.0,2010-11-17
Jet fuel A-1,498.0,2010-11-17
Nafta liviana,0.0,2010-11-17
Nafta Pesada,0.0,2010-11-17
Gasolina súper,573.0,2010-10-07
Gasolina plus 91,548.0,2010-10-07
Gasolina plus 91 pescadores,0.0,2010-10-07
"Diésel 0,05% S",487.0,2010-10-07
"Diésel 0,05% S pescadores",0.0,2010-10-07
Diésel térmico,0.0,2010-10-07
Keroseno,433.0,2010-10-07
Búnker,0.0,2010-10-07
IFO 380,0.0,2010-10-07
Asfalto,0.0,2010-10-07
Diésel pesado,0.0,2010-10-07
Emulsión asfáltica,0.0,2010-10-07
LPG (70-30),0.0,2010-10-07
Av-Gas,730.0,2010-10-07
Jet fuel A-1,478.0,2010-10-07
Nafta liviana,0.0,2010-10-07
Nafta Pesada,0.0,2010-10-07
Gasolina súper,587.0,2010-09-14
Gasolina plus 91,562.0,2010-09-14
Gasolina plus 91 pescadores,0.0,2010-09-14
"Diésel 0,05% S",498.0,2010-09-14
"Diésel 0,05% S pescadores",0.0,2010-09-14
Diésel térmico,0.0,2010-09-14
Keroseno,444.0,2010-09-14
Búnker,0.0,2010-09-14
IFO 380,0.0,2010-09-14
Asfalto,0.0,2010-09-14
Diésel pesado,0.0,2010-09-14
Emulsión asfáltica,0.0,2010-09-14
LPG (70-30),0.0,2010-09-14
Av-Gas,736.0,2010-09-14
Jet fuel A-1,489.0,2010-09-14
Nafta liviana,0.0,2010-09-14
Nafta Pesada,0.0,2010-09-14
Gasolina súper,588.0,2010-08-17
Gasolina plus 91,563.0,2010-08-17
Gasolina plus 91 pescadores,0.0,2010-08-17
"Diésel 0,05% S",485.0,2010-08-17
"Diésel 0,05% S pescadores",0.0,2010-08-17
Diésel térmico,0.0,2010-08-17
Keroseno,431.0,2010-08-17
Búnker,0.0,2010-08-17
IFO 380,0.0,2010-08-17
Asfalto,0.0,2010-08-17
Diésel pesado,0.0,2010-08-17
Emulsión asfáltica,0.0,2010-08-17
LPG (70-30),0.0,2010-08-17
Av-Gas,749.0,2010-08-17
Jet fuel A-1,477.0,2010-08-17
Nafta liviana,0.0,2010-08-17
Nafta Pesada,0.0,2010-08-17
Gasolina súper,587.0,2010-08-12
Gasolina plus 91,561.0,2010-08-12
Gasolina plus 91 pescadores,0.0,2010-08-12
"Diésel 0,05% S",484.0,2010-08-12
"Diésel 0,05% S pescadores",0.0,2010-08-12
Diésel térmico,0.0,2010-08-12
Keroseno,431.0,2010-08-12
Búnker,0.0,2010-08-12
IFO 380,0.0,2010-08-12
Asfalto,0.0,2010-08-12
Diésel pesado,0.0,2010-08-12
Emulsión asfáltica,0.0,2010-08-12
LPG (70-30),0.0,2010-08-12
Av-Gas,747.0,2010-08-12
Jet fuel A-1,476.0,2010-08-12
Nafta liviana,0.0,2010-08-12
Nafta Pesada,0.0,2010-08-12
Gasolina súper,604.0,2010-07-15
Gasolina plus 91,562.0,2010-07-15
Gasolina plus 91 pescadores,0.0,2010-07-15
"Diésel 0,05% S",496.0,2010-07-15
"Diésel 0,05% S pescadores",0.0,2010-07-15
Diésel térmico,0.0,2010-07-15
Keroseno,439.0,2010-07-15
Búnker,0.0,2010-07-15
IFO 380,0.0,2010-07-15
Asfalto,0.0,2010-07-15
Diésel pesado,0.0,2010-07-15
Emulsión asfáltica,0.0,2010-07-15
LPG (70-30),0.0,2010-07-15
Av-Gas,756.0,2010-07-15
Jet fuel A-1,489.0,2010-07-15
Nafta liviana,0.0,2010-07-15
Nafta Pesada,0.0,2010-07-15
Gasolina súper,618.0,2010-06-15
Gasolina plus 91,586.0,2010-06-15
Gasolina plus 91 pescadores,0.0,2010-06-15
"Diésel 0,05% S",518.0,2010-06-15
"Diésel 0,05% S pescadores",0.0,2010-06-15
Diésel térmico,0.0,2010-06-15
Keroseno,454.0,2010-06-15
Búnker,0.0,2010-06-15
IFO 380,0.0,2010-06-15
Asfalto,0.0,2010-06-15
Diésel pesado,0.0,2010-06-15
Emulsión asfáltica,0.0,2010-06-15
LPG (70-30),0.0,2010-06-15
Av-Gas,782.0,2010-06-15
Jet fuel A-1,490.0,2010-06-15
Nafta liviana,0.0,2010-06-15
Nafta Pesada,0.0,2010-06-15
Gasolina súper,623.0,2010-05-21
Gasolina plus 91,592.0,2010-05-21
Gasolina plus 91 pescadores,0.0,2010-05-21
"Diésel 0,05% S",517.0,2010-05-21
"Diésel 0,05% S pescadores",0.0,2010-05-21
Diésel térmico,0.0,2010-05-21
Keroseno,456.0,2010-05-21
Búnker,0.0,2010-05-21
IFO 380,0.0,2010-05-21
Asfalto,0.0,2010-05-21
Diésel pesado,0.0,2010-05-21
Emulsión asfáltica,0.0,2010-05-21
LPG (70-30),0.0,2010-05-21
Av-Gas,785.0,2010-05-21
Jet fuel A-1,492.0,2010-05-21
Nafta liviana,0.0,2010-05-21
Nafta Pesada,0.0,2010-05-21
Gasolina súper,618.0,2010-05-05
Gasolina plus 91,587.0,2010-05-05
Gasolina plus 91 pescadores,0.0,2010-05-05
"Diésel 0,05% S",514.0,2010-05-05
"Diésel 0,05% S pescadores",0.0,2010-05-05
Diésel térmico,0.0,2010-05-05
Keroseno,454.0,2010-05-05
Búnker,0.0,2010-05-05
IFO 380,0.0,2010-05-05
Asfalto,0.0,2010-05-05
Diésel pesado,0.0,2010-05-05
Emulsión asfáltica,0.0,2010-05-05
LPG (70-30),0.0,2010-05-05
Av-Gas,780.0,2010-05-05
Jet fuel A-1,490.0,2010-05-05
Nafta liviana,0.0,2010-05-05
Nafta Pesada,0.0,2010-05-05
Gasolina súper,628.0,2010-04-20
Gasolina plus 91,597.0,2010-04-20
Gasolina plus 91 pescadores,0.0,2010-04-20
"Diésel 0,05% S",514.0,2010-04-20
"Diésel 0,05% S pescadores",0.0,2010-04-20
Diésel térmico,0.0,2010-04-20
Keroseno,452.0,2010-04-20
Búnker,0.0,2010-04-20
IFO 380,0.0,2010-04-20
Asfalto,0.0,2010-04-20
Diésel pesado,0.0,2010-04-20
Emulsión asfáltica,0.0,2010-04-20
LPG (70-30),0.0,2010-04-20
Av-Gas,794.0,2010-04-20
Jet fuel A-1,487.0,2010-04-20
Nafta liviana,0.0,2010-04-20
Nafta Pesada,0.0,2010-04-20
Gasolina súper,593.0,2010-03-17
Gasolina plus 91,566.0,2010-03-17
Gasolina plus 91 pescadores,0.0,2010-03-17
"Diésel 0,05% S",494.0,2010-03-17
"Diésel 0,05% S pescadores",0.0,2010-03-17
Diésel térmico,0.0,2010-03-17
Keroseno,434.0,2010-03-17
Búnker,0.0,2010-03-17
IFO 380,0.0,2010-03-17
Asfalto,0.0,2010-03-17
Diésel pesado,0.0,2010-03-17
Emulsión asfáltica,0.0,2010-03-17
LPG (70-30),0.0,2010-03-17
Av-Gas,773.0,2010-03-17
Jet fuel A-1,469.0,2010-03-17
Nafta liviana,0.0,2010-03-17
Nafta Pesada,0.0,2010-03-17
Gasolina súper,625.0,2010-02-16
Gasolina plus 91,597.0,2010-02-16
"Diésel 0,05% S",533.0,2010-02-16
Av-Gas,772.0,2010-02-16
Jet fuel A-1,508.0,2010-02-16
Gasolina súper,627.0,2010-02-16
Gasolina plus 91,599.0,2010-02-16
Gasolina plus 91 pescadores,0.0,2010-02-16
"Diésel 0,05% S",534.0,2010-02-16
"Diésel 0,05% S pescadores",0.0,2010-02-16
Diésel térmico,0.0,2010-02-16
Keroseno,474.0,2010-02-16
Búnker,0.0,2010-02-16
IFO 380,0.0,2010-02-16
Asfalto,0.0,2010-02-16
Diésel pesado,0.0,2010-02-16
Emulsión asfáltica,0.0,2010-02-16
LPG (70-30),0.0,2010-02-16
Av-Gas,774.0,2010-02-16
Jet fuel A-1,509.0,2010-02-16
Nafta liviana,0.0,2010-02-16
Nafta Pesada,0.0,2010-02-16
Gasolina súper,588.0,2009-12-11
Gasolina plus 91,573.0,2009-12-11
Gasolina plus 91 pescadores,0.0,2009-12-11
"Diésel 0,05% S",511.0,2009-12-11
"Diésel 0,05% S pescadores",0.0,2009-12-11
Diésel térmico,0.0,2009-12-11
Keroseno,449.0,2009-12-11
Búnker,0.0,2009-12-11
IFO 380,0.0,2009-12-11
Asfalto,0.0,2009-12-11
Diésel pesado,0.0,2009-12-11
Emulsión asfáltica,0.0,2009-12-11
LPG (70-30),0.0,2009-12-11
Av-Gas,755.0,2009-12-11
Jet fuel A-1,479.0,2009-12-11
Nafta liviana,0.0,2009-12-11
Nafta Pesada,0.0,2009-12-11
Gasolina súper,561.0,2009-11-05
Gasolina plus 91,544.0,2009-11-05
"Diésel 0,05% S",486.0,2009-11-05
Keroseno,424.0,2009-11-05
Av-Gas,738.0,2009-11-05
Jet fuel A-1,453.0,2009-11-05
Gasolina súper,564.0,2009-11-05
Gasolina plus 91,547.0,2009-11-05
Gasolina plus 91 pescadores,0.0,2009-11-05
"Diésel 0,05% S",488.0,2009-11-05
"Diésel 0,05% S pescadores",0.0,2009-11-05
Diésel térmico,0.0,2009-11-05
Keroseno,425.0,2009-11-05
Búnker,0.0,2009-11-05
IFO 380,0.0,2009-11-05
Asfalto,0.0,2009-11-05
Diésel pesado,0.0,2009-11-05
Emulsión asfáltica,0.0,2009-11-05
LPG (70-30),0.0,2009-11-05
Av-Gas,741.0,2009-11-05
Jet fuel A-1,455.0,2009-11-05
Nafta liviana,0.0,2009-11-05
Nafta Pesada,0.0,2009-11-05
Gasolina súper,575.0,2009-10-07
Gasolina plus 91,558.0,2009-10-07
Gasolina plus 91 pescadores,0.0,2009-10-07
"Diésel 0,05% S",484.0,2009-10-07
"Diésel 0,05% S pescadores",0.0,2009-10-07
Diésel térmico,0.0,2009-10-07
Keroseno,421.0,2009-10-07
Búnker,0.0,2009-10-07
IFO 380,0.0,2009-10-07
Asfalto,0.0,2009-10-07
Diésel pesado,0.0,2009-10-07
Emulsión asfáltica,0.0,2009-10-07
LPG (70-30),0.0,2009-10-07
Av-Gas,755.0,2009-10-07
Jet fuel A-1,450.0,2009-10-07
Nafta liviana,0.0,2009-10-07
Nafta Pesada,0.0,2009-10-07
Gasolina súper,601.0,2009-09-17
Gasolina plus 91,582.0,2009-09-17
Gasolina plus 91 pescadores,0.0,2009-09-17
"Diésel 0,05% S",506.0,2009-09-17
"Diésel 0,05% S pescadores",0.0,2009-09-17
Diésel térmico,0.0,2009-09-17
Keroseno,443.0,2009-09-17
Búnker,0.0,2009-09-17
IFO 380,0.0,2009-09-17
Asfalto,0.0,2009-09-17
Diésel pesado,0.0,2009-09-17
Emulsión asfáltica,0.0,2009-09-17
LPG (70-30),0.0,2009-09-17
Av-Gas,765.0,2009-09-17
Jet fuel A-1,472.0,2009-09-17
Nafta liviana,0.0,2009-09-17
Nafta Pesada,0.0,2009-09-17
Gasolina súper,566.0,2009-08-11
Gasolina plus 91,548.0,2009-08-11
Keroseno,418.0,2009-08-11
Av-Gas,751.0,2009-08-11
Jet fuel A-1,447.0,2009-08-11
Gasolina súper,567.0,2009-08-11
Gasolina plus 91,549.0,2009-08-11
Gasolina plus 91 pescadores,0.0,2009-08-11
"Diésel 0,05% S",472.0,2009-08-11
"Diésel 0,05% S pescadores",0.0,2009-08-11
Diésel térmico,0.0,2009-08-11
Keroseno,419.0,2009-08-11
Búnker,0.0,2009-08-11
IFO 380,0.0,2009-08-11
Asfalto,0.0,2009-08-11
Diésel pesado,0.0,2009-08-11
Emulsión asfáltica,0.0,2009-08-11
LPG (70-30),0.0,2009-08-11
Av-Gas,752.0,2009-08-11
Jet fuel A-1,448.0,2009-08-11
Nafta liviana,0.0,2009-08-11
Nafta Pesada,0.0,2009-08-11
Gasolina súper,570.0,2009-07-16
Gasolina plus 91,551.0,2009-07-16
Gasolina plus 91 pescadores,0.0,2009-07-16
"Diésel 0,05% S",462.0,2009-07-16
"Diésel 0,05% S pescadores",0.0,2009-07-16
Diésel térmico,0.0,2009-07-16
Keroseno,418.0,2009-07-16
Búnker,0.0,2009-07-16
IFO 380,0.0,2009-07-16
Asfalto,0.0,2009-07-16
Diésel pesado,0.0,2009-07-16
Emulsión asfáltica,0.0,2009-07-16
LPG (70-30),0.0,2009-07-16
Av-Gas,757.0,2009-07-16
Jet fuel A-1,414.0,2009-07-16
Nafta liviana,0.0,2009-07-16
Nafta Pesada,0.0,2009-07-16
Gasolina súper,492.0,2009-06-12
Gasolina plus 91,472.0,2009-06-12
Gasolina plus 91 pescadores,0.0,2009-06-12
"Diésel 0,05% S",400.0,2009-06-12
"Diésel 0,05% S pescadores",0.0,2009-06-12
Diésel térmico,0.0,2009-06-12
Keroseno,355.0,2009-06-12
Búnker,0.0,2009-06-12
IFO 380,0.0,2009-06-12
Asfalto,0.0,2009-06-12
Diésel pesado,0.0,2009-06-12
Emulsión asfáltica,0.0,2009-06-12
LPG (70-30),0.0,2009-06-12
Av-Gas,703.0,2009-06-12
Jet fuel A-1,350.0,2009-06-12
Nafta liviana,0.0,2009-06-12
Nafta Pesada,0.0,2009-06-12
Gasolina súper,496.0,2009-05-22
Gasolina plus 91,488.0,2009-05-22
"Diésel 0,05% S",430.0,2009-05-22
Keroseno,369.0,2009-05-22
Av-Gas,691.0,2009-05-22
Jet fuel A-1,403.0,2009-05-22
Gasolina súper,450.0,2009-05-22
Gasolina plus 91,433.0,2009-05-22
"Diésel 0,05% S",353.0,2009-05-22
Keroseno,317.0,2009-05-22
Av-Gas,657.0,2009-05-22
Jet fuel A-1,311.0,2009-05-22
Gasolina súper,452.0,2009-05-22
Gasolina plus 91,435.0,2009-05-22
Gasolina plus 91 pescadores,0.0,2009-05-22
"Diésel 0,05% S",354.0,2009-05-22
"Diésel 0,05% S pescadores",0.0,2009-05-22
Diésel térmico,0.0,2009-05-22
Keroseno,318.0,2009-05-22
Búnker,0.0,2009-05-22
IFO 380,0.0,2009-05-22
Asfalto,0.0,2009-05-22
Diésel pesado,0.0,2009-05-22
Emulsión asfáltica,0.0,2009-05-22
LPG (70-30),0.0,2009-05-22
Av-Gas,659.0,2009-05-22
Jet fuel A-1,312.0,2009-05-22
Nafta liviana,0.0,2009-05-22
Nafta Pesada,0.0,2009-05-22
Gasolina súper,484.0,2009-04-14
Gasolina plus 91,474.0,2009-04-14
Gasolina plus 91 pescadores,0.0,2009-04-14
"Diésel 0,05% S",386.0,2009-04-14
"Diésel 0,05% S pescadores",0.0,2009-04-14
Diésel térmico,0.0,2009-04-14
Keroseno,333.0,2009-04-14
Búnker,0.0,2009-04-14
IFO 380,0.0,2009-04-14
Asfalto,0.0,2009-04-14
Diésel pesado,0.0,2009-04-14
Emulsión asfáltica,0.0,2009-04-14
LPG (70-30),0.0,2009-04-14
Av-Gas,690.0,2009-04-14
Jet fuel A-1,366.0,2009-04-14
Nafta liviana,0.0,2009-04-14
Nafta Pesada,0.0,2009-04-14
Gasolina súper,487.0,2009-03-19
Gasolina plus 91,474.0,2009-03-19
Gasolina plus 91 pescadores,0.0,2009-03-19
"Diésel 0,05% S",415.0,2009-03-19
"Diésel 0,05% pescadores",0.0,2009-03-19
"Diésel 0,20% S",412.0,2009-03-19
"Diésel 0,20% pescadores",0.0,2009-03-19
"Diésel 0,5% S",411.0,2009-03-19
Keroseno,357.0,2009-03-19
Búnker,0.0,2009-03-19
IFO 380,0.0,2009-03-19
Asfalto,0.0,2009-03-19
Diésel pesado,0.0,2009-03-19
Emulsión asfáltica,0.0,2009-03-19
LPG (70-30),0.0,2009-03-19
Av-Gas,680.0,2009-03-19
Jet fuel A-1,391.0,2009-03-19
Nafta liviana,0.0,2009-03-19
Nafta Pesada,0.0,2009-03-19
Gasolina súper,435.0,2009-02-20
Gasolina plus 91,429.0,2009-02-20
Gasolina plus 91 pescadores,0.0,2009-02-20
"Diésel 0,05% S",435.0,2009-02-20
"Diésel 0,05% pescadores",0.0,2009-02-20
"Diésel 0,20% S",432.0,2009-02-20
"Diésel 0,20% pescadores",0.0,2009-02-20
"Diésel 0,5% S",431.0,2009-02-20
Keroseno,393.0,2009-02-20
Búnker,0.0,2009-02-20
IFO 380,0.0,2009-02-20
Asfalto,0.0,2009-02-20
Diésel pesado,0.0,2009-02-20
Emulsión asfáltica,0.0,2009-02-20
LPG (70-30),0.0,2009-02-20
Av-Gas,630.0,2009-02-20
Jet fuel A-1,426.0,2009-02-20
Nafta liviana,0.0,2009-02-20
Nafta Pesada,0.0,2009-02-20
Gasolina súper,432.0,2009-02-12
Gasolina plus 91,426.0,2009-02-12
Gasolina plus 91 pescadores,0.0,2009-02-12
"Diésel 0,05% S",433.0,2009-02-12
"Diésel 0,05% pescadores",0.0,2009-02-12
"Diésel 0,20% S",430.0,2009-02-12
"Diésel 0,20% pescadores",0.0,2009-02-12
"Diésel 0,5% S",429.0,2009-02-12
Keroseno,392.0,2009-02-12
Búnker,0.0,2009-02-12
IFO 380,0.0,2009-02-12
Asfalto,0.0,2009-02-12
Diésel pesado,0.0,2009-02-12
Emulsión asfáltica,0.0,2009-02-12
LPG (70-30),0.0,2009-02-12
Av-Gas,627.0,2009-02-12
Jet fuel A-1,424.0,2009-02-12
Nafta liviana,0.0,2009-02-12
Nafta Pesada,0.0,2009-02-12
Gasolina súper,416.0,2009-01-19
Gasolina plus 91,408.0,2009-01-19
Gasolina plus 91 pescadores,0.0,2009-01-19
"Diésel 0,05% S",430.0,2009-01-19
"Diésel 0,05% pescadores",0.0,2009-01-19
"Diésel 0,20% S",427.0,2009-01-19
"Diésel 0,20% pescadores",0.0,2009-01-19
"Diésel 0,5% S",425.0,2009-01-19
Keroseno,381.0,2009-01-19
Búnker,0.0,2009-01-19
IFO 380,0.0,2009-01-19
Asfalto,0.0,2009-01-19
Diésel pesado,0.0,2009-01-19
Emulsión asfáltica,0.0,2009-01-19
LPG (70-30),0.0,2009-01-19
Av-Gas,639.0,2009-01-19
Jet fuel A-1,413.0,2009-01-19
Nafta liviana,0.0,2009-01-19
Nafta Pesada,0.0,2009-01-19
Gasolina súper,488.0,2008-12-11
Gasolina plus 91,474.0,2008-12-11
Gasolina plus 91 pescadores,0.0,2008-12-11
"Diésel 0,05% S",526.0,2008-12-11
"Diésel 0,05% pescadores",0.0,2008-12-11
"Diésel 0,20% S",522.0,2008-12-11
"Diésel 0,20% pescadores",0.0,2008-12-11
"Diésel 0,5% S",521.0,2008-12-11
Keroseno,477.0,2008-12-11
Búnker,0.0,2008-12-11
IFO 380,0.0,2008-12-11
Asfalto,0.0,2008-12-11
Diésel pesado,0.0,2008-12-11
Emulsión asfáltica,0.0,2008-12-11
LPG (70-30),0.0,2008-12-11
Av-Gas,481.0,2008-12-11
Jet fuel A-1,514.0,2008-12-11
Nafta liviana,0.0,2008-12-11
Nafta Pesada,0.0,2008-12-11
Gasolina súper,640.0,2008-11-24
Gasolina plus 91,624.0,2008-11-24
Gasolina plus 91 pescadores,0.0,2008-11-24
"Diésel 0,05% S",617.0,2008-11-24
"Diésel 0,05% pescadores",0.0,2008-11-24
"Diésel 0,20% S",609.0,2008-11-24
"Diésel 0,20% pescadores",0.0,2008-11-24
"Diésel 0,5% S",607.0,2008-11-24
Keroseno,569.0,2008-11-24
Búnker,0.0,2008-11-24
IFO 380,0.0,2008-11-24
Asfalto,0.0,2008-11-24
Diésel pesado,0.0,2008-11-24
Emulsión asfáltica,0.0,2008-11-24
LPG (70-30),0.0,2008-11-24
Av-Gas,625.0,2008-11-24
Jet fuel A-1,607.0,2008-11-24
Nafta liviana,0.0,2008-11-24
Nafta Pesada,0.0,2008-11-24
Gasolina súper,692.0,2008-11-21
Gasolina plus 91,670.0,2008-11-21
Gasolina plus 91 pescadores,0.0,2008-11-21
"Diésel 0,05% S",627.0,2008-11-21
"Diésel 0,05% pescadores",0.0,2008-11-21
"Diésel 0,20% S",612.0,2008-11-21
"Diésel 0,20% pescadores",0.0,2008-11-21
"Diésel 0,5% S",611.0,2008-11-21
Keroseno,613.0,2008-11-21
Búnker,0.0,2008-11-21
IFO 380,0.0,2008-11-21
Asfalto,0.0,2008-11-21
Diésel pesado,0.0,2008-11-21
Emulsión asfáltica,0.0,2008-11-21
LPG (70-30),0.0,2008-11-21
Av-Gas,786.0,2008-11-21
Jet fuel A-1,640.0,2008-11-21
Nafta liviana,0.0,2008-11-21
Nafta Pesada,0.0,2008-11-21
Gasolina súper,687.0,2008-11-05
Gasolina plus 91,665.0,2008-11-05
Gasolina plus 91 pescadores,0.0,2008-11-05
"Diésel 0,05% S",624.0,2008-11-05
"Diésel 0,05% pescadores",0.0,2008-11-05
"Diésel 0,20% S",609.0,2008-11-05
"Diésel 0,20% pescadores",0.0,2008-11-05
"Diésel 0,5% S",608.0,2008-11-05
Keroseno,612.0,2008-11-05
Búnker,0.0,2008-11-05
IFO 380,0.0,2008-11-05
Asfalto,0.0,2008-11-05
Diésel pesado,0.0,2008-11-05
Emulsión asfáltica,0.0,2008-11-05
LPG (70-30),0.0,2008-11-05
Av-Gas,781.0,2008-11-05
Jet fuel A-1,637.0,2008-11-05
Nafta liviana,0.0,2008-11-05
Nafta Pesada,0.0,2008-11-05
Gasolina súper,722.0,2008-10-13
Gasolina plus 91,708.0,2008-10-13
Gasolina plus 91 pescadores,0.0,2008-10-13
"Diésel 0,05% S",661.0,2008-10-13
"Diésel 0,05% pescadores",0.0,2008-10-13
"Diésel 0,20% S",650.0,2008-10-13
"Diésel 0,20% pescadores",0.0,2008-10-13
"Diésel 0,5% S",649.0,2008-10-13
Keroseno,628.0,2008-10-13
Búnker,0.0,2008-10-13
IFO 380,0.0,2008-10-13
Asfalto,0.0,2008-10-13
Diésel pesado,0.0,2008-10-13
Emulsión asfáltica,0.0,2008-10-13
LPG (70-30),0.0,2008-10-13
Av-Gas,814.0,2008-10-13
Jet fuel A-1,657.0,2008-10-13
Nafta liviana,0.0,2008-10-13
Nafta Pesada,0.0,2008-10-13
Gasolina súper,736.0,2008-09-10
Gasolina plus 91,721.0,2008-09-10
Gasolina plus 91 pescadores,0.0,2008-09-10
"Diésel 0,05% S",732.0,2008-09-10
"Diésel 0,05% pescadores",0.0,2008-09-10
"Diésel 0,20% S",726.0,2008-09-10
"Diésel 0,20% pescadores",0.0,2008-09-10
"Diésel 0,5% S",725.0,2008-09-10
Keroseno,694.0,2008-09-10
Búnker,0.0,2008-09-10
IFO 380,0.0,2008-09-10
Asfalto,0.0,2008-09-10
Diésel pesado,0.0,2008-09-10
Emulsión asfáltica,0.0,2008-09-10
LPG (70-30),0.0,2008-09-10
Av-Gas,829.0,2008-09-10
Jet fuel A-1,723.0,2008-09-10
Nafta liviana,0.0,2008-09-10
Nafta Pesada,0.0,2008-09-10
Gasolina súper,737.0,2008-08-29
Gasolina plus 91,726.0,2008-08-29
Gasolina plus 91 pescadores,0.0,2008-08-29
"Diésel 0,05% S",734.0,2008-08-29
"Diésel 0,05% pescadores",0.0,2008-08-29
"Diésel 0,20% S",729.0,2008-08-29
"Diésel 0,20% pescadores",0.0,2008-08-29
"Diésel 0,5% S",728.0,2008-08-29
Keroseno,694.0,2008-08-29
Búnker,0.0,2008-08-29
IFO 380,0.0,2008-08-29
Asfalto,0.0,2008-08-29
Diésel pesado,0.0,2008-08-29
Emulsión asfáltica,0.0,2008-08-29
LPG (70-30),0.0,2008-08-29
Av-Gas,820.0,2008-08-29
Jet fuel A-1,724.0,2008-08-29
Nafta liviana,0.0,2008-08-29
Nafta Pesada,0.0,2008-08-29
Gasolina súper,732.0,2008-08-12
Gasolina plus 91,721.0,2008-08-12
Gasolina plus 91 pescadores,0.0,2008-08-12
"Diésel 0,05% S",731.0,2008-08-12
"Diésel 0,05% pescadores",0.0,2008-08-12
"Diésel 0,20% S",726.0,2008-08-12
"Diésel 0,20% pescadores",0.0,2008-08-12
"Diésel 0,5% S",725.0,2008-08-12
Keroseno,693.0,2008-08-12
Búnker,0.0,2008-08-12
IFO 380,0.0,2008-08-12
Asfalto,0.0,2008-08-12
Diésel pesado,0.0,2008-08-12
Emulsión asfáltica,0.0,2008-08-12
LPG (70-30),0.0,2008-08-12
Av-Gas,815.0,2008-08-12
Jet fuel A-1,721.0,2008-08-12
Nafta liviana,0.0,2008-08-12
Nafta Pesada,0.0,2008-08-12
Gasolina súper,714.0,2008-07-14
Gasolina plus 91,702.0,2008-07-14
Gasolina plus 91 pescadores,0.0,2008-07-14
"Diésel 0,05% S",720.0,2008-07-14
"Diésel 0,05% pescadores",0.0,2008-07-14
"Diésel 0,20% S",708.0,2008-07-14
"Diésel 0,20% pescadores",0.0,2008-07-14
"Diésel 0,5% S",707.0,2008-07-14
Keroseno,673.0,2008-07-14
Búnker,0.0,2008-07-14
IFO 380,0.0,2008-07-14
Asfalto,0.0,2008-07-14
Diésel pesado,0.0,2008-07-14
Emulsión asfáltica,0.0,2008-07-14
LPG (70-30),0.0,2008-07-14
Av-Gas,797.0,2008-07-14
Jet fuel A-1,702.0,2008-07-14
Nafta liviana,0.0,2008-07-14
Nafta Pesada,0.0,2008-07-14
Gasolina súper,656.0,2008-06-09
Gasolina plus 91,644.0,2008-06-09
Gasolina plus 91 pescadores,0.0,2008-06-09
"Diésel 0,05% S",641.0,2008-06-09
"Diésel 0,05% pescadores",0.0,2008-06-09
"Diésel 0,25% S",622.0,2008-06-09
"Diésel 0,25% pescadores",0.0,2008-06-09
"Diésel 0,5% S",621.0,2008-06-09
Keroseno,599.0,2008-06-09
Búnker,0.0,2008-06-09
IFO 380,0.0,2008-06-09
Asfalto,0.0,2008-06-09
Diésel pesado,0.0,2008-06-09
Emulsión asfáltica,0.0,2008-06-09
LPG (70-30),0.0,2008-06-09
Av-Gas,707.0,2008-06-09
Jet fuel A-1,627.0,2008-06-09
Nafta liviana,0.0,2008-06-09
Nafta Pesada,0.0,2008-06-09
Gasolina súper,617.0,2008-05-16
Gasolina plus 91,600.0,2008-05-16
"Diésel 0,05% S",605.0,2008-05-16
"Diésel 0,25% S",584.0,2008-05-16
"Diésel 0,25% pescadores",0.0,2008-05-16
"Diésel 0,5% S",583.0,2008-05-16
Keroseno,557.0,2008-05-16
Av-Gas,661.0,2008-05-16
Jet fuel A-1,585.0,2008-05-16
Gasolina súper,621.0,2008-05-16
Gasolina plus 91,604.0,2008-05-16
Gasolina plus 91 pescadores,0.0,2008-05-16
"Diésel 0,05% S",607.0,2008-05-16
"Diésel 0,05% pescadores",0.0,2008-05-16
"Diésel 0,20% S",587.0,2008-05-16
"Diésel 0,20% pescadores",0.0,2008-05-16
"Diésel 0,5% S",586.0,2008-05-16
Keroseno,558.0,2008-05-16
Búnker,0.0,2008-05-16
IFO 380,0.0,2008-05-16
Asfalto,0.0,2008-05-16
Diésel pesado,0.0,2008-05-16
Emulsión asfáltica,0.0,2008-05-16
LPG (70-30),0.0,2008-05-16
Av-Gas,665.0,2008-05-16
Jet fuel A-1,587.0,2008-05-16
Nafta liviana,0.0,2008-05-16
Nafta Pesada,0.0,2008-05-16
Gasolina súper,601.0,2008-04-21
Gasolina plus 91,588.0,2008-04-21
Gasolina plus 91 pescadores,0.0,2008-04-21
"Diésel 0,05% S",579.0,2008-04-21
"Diésel 0,05% pescadores",0.0,2008-04-21
"Diésel 0,25% S",556.0,2008-04-21
"Diésel 0,25% pescadores",0.0,2008-04-21
"Diésel 0,5% S",555.0,2008-04-21
Keroseno,526.0,2008-04-21
Búnker,0.0,2008-04-21
IFO 380,0.0,2008-04-21
Asfalto,0.0,2008-04-21
Diésel pesado,0.0,2008-04-21
Emulsión asfáltica,0.0,2008-04-21
LPG (70-30),0.0,2008-04-21
Av-Gas,641.0,2008-04-21
Jet fuel A-1,553.0,2008-04-21
Nafta liviana,0.0,2008-04-21
Nafta Pesada,0.0,2008-04-21
Gasolina súper,565.0,2008-03-05
Gasolina plus 91,553.0,2008-03-05
Gasolina plus 91 pescadores,0.0,2008-03-05
"Diésel 0,05% S",517.0,2008-03-05
"Diésel 0,05% pescadores",0.0,2008-03-05
"Diésel 0,25% S",511.0,2008-03-05
"Diésel 0,25% pescadores",0.0,2008-03-05
"Diésel 0,5% S",510.0,2008-03-05
Keroseno,476.0,2008-03-05
Búnker,0.0,2008-03-05
IFO 380,0.0,2008-03-05
Asfalto,0.0,2008-03-05
Diésel pesado,0.0,2008-03-05
Emulsión asfáltica,0.0,2008-03-05
LPG (70-30),0.0,2008-03-05
Av-Gas,603.0,2008-03-05
Jet fuel A-1,504.0,2008-03-05
Nafta liviana,0.0,2008-03-05
Nafta Pesada,0.0,2008-03-05
Gasolina súper,578.0,2008-02-22
Gasolina plus 91,565.0,2008-02-22
Gasolina plus 91 pescadores,0.0,2008-02-22
"Diésel 0,05% S",531.0,2008-02-22
"Diésel 0,05% pescadores",0.0,2008-02-22
"Diésel 0,25% S",527.0,2008-02-22
"Diésel 0,25% pescadores",0.0,2008-02-22
"Diésel 0,5% S",526.0,2008-02-22
Keroseno,488.0,2008-02-22
Búnker,0.0,2008-02-22
IFO 380,0.0,2008-02-22
Asfalto,0.0,2008-02-22
Diésel pesado,0.0,2008-02-22
Emulsión asfáltica,0.0,2008-02-22
LPG (70-30),0.0,2008-02-22
Av-Gas,614.0,2008-02-22
Jet fuel A-1,516.0,2008-02-22
Nafta liviana,0.0,2008-02-22
Nafta Pesada,0.0,2008-02-22
Gasolina súper,573.0,2008-02-13
Gasolina plus 91,560.0,2008-02-13
Gasolina plus 91 pescadores,0.0,2008-02-13
"Diésel 0,05% S",528.0,2008-02-13
"Diésel 0,05% pescadores",0.0,2008-02-13
"Diésel 0,25% S",524.0,2008-02-13
"Diésel 0,25% pescadores",0.0,2008-02-13
"Diésel 0,5% S",523.0,2008-02-13
Keroseno,487.0,2008-02-13
Búnker,0.0,2008-02-13
IFO 380,0.0,2008-02-13
Asfalto,0.0,2008-02-13
Diésel pesado,0.0,2008-02-13
Emulsión asfáltica,0.0,2008-02-13
LPG (70-30),0.0,2008-02-13
Av-Gas,610.0,2008-02-13
Jet fuel A-1,513.0,2008-02-13
Nafta liviana,0.0,2008-02-13
Nafta Pesada,0.0,2008-02-13
Gasolina súper,562.0,2008-01-21
Gasolina plus 91,551.0,2008-01-21
Gasolina plus 91 pescadores,0.0,2008-01-21
"Diésel 0,05% S",528.0,2008-01-21
"Diésel 0,05% pescadores",0.0,2008-01-21
"Diésel 0,35% S",521.0,2008-01-21
"Diésel 0,35% pescadores",0.0,2008-01-21
"Diésel 0,5% S",520.0,2008-01-21
Keroseno,486.0,2008-01-21
Búnker,0.0,2008-01-21
IFO 380,0.0,2008-01-21
Asfalto,0.0,2008-01-21
Diésel pesado,0.0,2008-01-21
Emulsión asfáltica,0.0,2008-01-21
LPG (70-30),0.0,2008-01-21
Av-Gas,597.0,2008-01-21
Jet fuel A-1,512.0,2008-01-21
Nafta liviana,0.0,2008-01-21
Nafta Pesada,0.0,2008-01-21
Gasolina súper,574.0,2007-12-10
Gasolina plus 91,559.0,2007-12-10
Gasolina plus 91 pescadores,0.0,2007-12-10
Diésel ,513.0,2007-12-10
Diésel pescadores,0.0,2007-12-10
Keroseno,481.0,2007-12-10
Búnker,0.0,2007-12-10
IFO 380,0.0,2007-12-10
Asfalto,0.0,2007-12-10
Diésel pesado o gasóleo,0.0,2007-12-10
Emulsión asfáltica,0.0,2007-12-10
LPG -mezcla 70-30,0.0,2007-12-10
Av-gas,619.0,2007-12-10
Jet A- general,507.0,2007-12-10
Nafta liviana,0.0,2007-12-10
Nafta pesada,0.0,2007-12-10
Gasolina súper,552.0,2007-11-23
Gasolina plus 91,539.0,2007-11-23
Gasolina plus 91 pescadores,0.0,2007-11-23
Diésel ,488.0,2007-11-23
Diésel pescadores,0.0,2007-11-23
Keroseno,456.0,2007-11-23
Búnker,0.0,2007-11-23
IFO 380,0.0,2007-11-23
Asfalto,0.0,2007-11-23
Diésel pesado o gasóleo,0.0,2007-11-23
Emulsión asfáltica,0.0,2007-11-23
LPG -mezcla 70-30,0.0,2007-11-23
Av-gas,593.0,2007-11-23
Jet A- general,482.0,2007-11-23
Nafta liviana,0.0,2007-11-23
Nafta pesada,0.0,2007-11-23
Gasolina súper,543.0,2007-11-12
Gasolina plus 91,527.0,2007-11-12
Gasolina plus 91 pescadores,0.0,2007-11-12
Diésel ,462.0,2007-11-12
Diésel pescadores,0.0,2007-11-12
Keroseno,433.0,2007-11-12
Búnker,0.0,2007-11-12
IFO 380,0.0,2007-11-12
Asfalto,0.0,2007-11-12
Diésel pesado o gasóleo,0.0,2007-11-12
Emulsión asfáltica,0.0,2007-11-12
LPG -mezcla 70-30,0.0,2007-11-12
Av-gas,589.0,2007-11-12
Jet A- general,458.0,2007-11-12
Nafta liviana,0.0,2007-11-12
Nafta pesada,0.0,2007-11-12
Gasolina súper,548.0,2007-11-08
Gasolina plus 91,535.0,2007-11-08
Gasolina plus 91 pescadores,0.0,2007-11-08
Diésel ,486.0,2007-11-08
Diésel pescadores,0.0,2007-11-08
Keroseno,454.0,2007-11-08
Búnker,0.0,2007-11-08
IFO 380,0.0,2007-11-08
Asfalto,0.0,2007-11-08
Diésel pesado o gasóleo,0.0,2007-11-08
Emulsión asfáltica,0.0,2007-11-08
LPG -mezcla 70-30,0.0,2007-11-08
Av-gas,589.0,2007-11-08
Jet A- general,480.0,2007-11-08
Nafta liviana,0.0,2007-11-08
Nafta pesada,0.0,2007-11-08
Gasolina súper,624.0,2007-08-17
Gasolina plus 91,588.0,2007-08-17
Gasolina plus 91 pescadores,0.0,2007-08-17
Diésel ,427.0,2007-08-17
Diésel pescadores,0.0,2007-08-17
Keroseno,437.0,2007-08-17
Búnker,0.0,2007-08-17
Asfalto,0.0,2007-08-17
Diésel pesado o gasóleo,0.0,2007-08-17
Emulsión asfáltica,0.0,2007-08-17
LPG -mezcla 70-30,0.0,2007-08-17
Av-gas,702.0,2007-08-17
Jet A- general,455.0,2007-08-17
Nafta pesada,0.0,2007-08-17
Gasolina súper,620.0,2007-08-08
Gasolina plus 91,584.0,2007-08-08
Gasolina plus 91 pescadores,0.0,2007-08-08
Diésel ,424.0,2007-08-08
Diésel pescadores,0.0,2007-08-08
Keroseno,436.0,2007-08-08
Búnker,0.0,2007-08-08
Asfalto,0.0,2007-08-08
Diésel pesado o gasóleo,0.0,2007-08-08
Emulsión asfáltica,0.0,2007-08-08
LPG -mezcla 70-30,0.0,2007-08-08
Av-gas,698.0,2007-08-08
Jet A- general,453.0,2007-08-08
Nafta pesada,0.0,2007-08-08
Gasolina súper,588.0,2007-06-06
Gasolina plus 91,552.0,2007-06-06
Gasolina plus 91 pescadores,0.0,2007-06-06
Diésel ,392.0,2007-06-06
Diésel pescadores,0.0,2007-06-06
Keroseno,426.0,2007-06-06
Búnker,0.0,2007-06-06
Asfalto,0.0,2007-06-06
Diésel pesado o gasóleo,0.0,2007-06-06
Emulsión asfáltica,0.0,2007-06-06
LPG -mezcla 70-30,0.0,2007-06-06
Av-gas,645.0,2007-06-06
Jet A- general,431.0,2007-06-06
Nafta pesada,0.0,2007-06-06
Diésel ,390.0,2007-05-17
Diésel pescadores,0.0,2007-05-17
Keroseno,425.0,2007-05-17
Búnker,0.0,2007-05-17
Diésel pesado o gasóleo,0.0,2007-05-17
Jet A- general,430.0,2007-05-17
Nafta pesada,0.0,2007-05-17
LPG -mezcla 70-30,0.0,2007-05-17
Asfalto,0.0,2007-05-17
Emulsión asfáltica,0.0,2007-05-17
Gasolina súper,584.0,2007-05-17
Gasolina plus 91,549.0,2007-04-27
Gasolina plus 91 pescadores,0.0,2007-04-27
Gasolina súper,568.0,2007-04-25
Av-gas,642.0,2007-04-25
Diésel ,375.0,2007-04-25
Diésel pescadores,0.0,2007-04-25
Keroseno,403.0,2007-04-25
Jet A- general,409.0,2007-04-25
LPG -mezcla 70-30,0.0,2007-04-25
Nafta pesada,0.0,2007-04-25
Búnker,0.0,2007-04-25
Diésel pesado o gasóleo,0.0,2007-04-25
Gasolina plus 91,509.0,2007-04-13
Gasolina plus 91 pescadores,0.0,2007-04-13
Av-gas,581.0,2007-04-11
Gasolina súper,533.0,2007-04-11
Asfalto,0.0,2007-03-30
Emulsión asfáltica,0.0,2007-03-30
LPG -mezcla 70-30,0.0,2007-03-30
Gasolina súper,517.0,2007-03-22
Gasolina plus 91,493.0,2007-03-22
Gasolina plus 91 pescadores,0.0,2007-03-22
Av-gas,553.0,2007-03-22
Nafta pesada,0.0,2007-03-22
Diésel pesado o gasóleo,0.0,2007-03-15
Diésel ,362.0,2007-03-15
Diésel pescadores,0.0,2007-03-15
Keroseno,385.0,2007-03-15
Jet A- general,394.0,2007-03-15
Búnker,0.0,2007-03-15
Gasolina súper,483.0,2007-03-08
Gasolina plus 91,459.0,2007-03-08
Gasolina plus 91 pescadores,0.0,2007-03-08
Av-gas,511.0,2007-03-08
Nafta pesada,0.0,2007-03-08
Gasolina súper,466.0,2007-02-27
Gasolina plus 91,440.0,2007-02-27
Gasolina plus 91 pescadores,0.0,2007-02-27
Diésel ,349.0,2007-02-27
Diésel pescadores,0.0,2007-02-27
Keroseno,370.0,2007-02-27
Búnker,0.0,2007-02-27
Asfalto,0.0,2007-02-27
Diésel pesado o gasóleo,0.0,2007-02-27
Emulsión asfáltica,0.0,2007-02-27
LPG -mezcla 70-30,0.0,2007-02-27
Av-gas,482.0,2007-02-27
Jet A- general,380.0,2007-02-27
Nafta pesada,0.0,2007-02-27
Diésel ,347.0,2007-02-21
Av-gas,479.0,2007-02-21
Gasolina plus 91,436.0,2007-02-21
Gasolina plus 91 pescadores,0.0,2007-02-21
Keroseno,369.0,2007-02-21
Búnker,0.0,2007-02-21
Jet A- general,378.0,2007-02-21
Nafta pesada,0.0,2007-02-21
Diésel pesado o gasóleo,0.0,2007-02-21
Gasolina súper,463.0,2007-02-21
LPG -mezcla 70-30,0.0,2007-02-21
Asfalto,0.0,2007-02-21
Emulsión asfáltica,0.0,2007-02-21
Diésel pesado o gasóleo,0.0,2007-02-05
Av-gas,461.0,2007-02-05
Gasolina súper,453.0,2007-01-25
Gasolina plus 91,425.0,2007-01-25
Gasolina plus 91 pescadores,0.0,2007-01-25
Diésel ,335.0,2007-01-25
Diésel pescadores,0.0,2007-01-25
Keroseno,356.0,2007-01-25
Búnker,0.0,2007-01-25
Jet A- general,368.0,2007-01-25
Nafta pesada,0.0,2007-01-25
Diésel pesado o gasóleo,0.0,2007-01-23
Av-gas,481.0,2007-01-23
LPG -mezcla 70-30,0.0,2007-01-23
Gasolina súper,488.0,2007-01-09
Gasolina plus 91,460.0,2007-01-09
Gasolina plus 91 pescadores,0.0,2007-01-09
Diésel ,364.0,2007-01-09
Diésel pescadores,0.0,2007-01-09
Keroseno,387.0,2007-01-09
Búnker,0.0,2007-01-09
Asfalto,0.0,2007-01-09
Diésel pesado o gasóleo,0.0,2007-01-09
Emulsión asfáltica,0.0,2007-01-09
Gas Licuado de Petróleo,0.0,2007-01-09
Av-gas,505.0,2007-01-09
Jet A- general,398.0,2007-01-09
Nafta pesada,0.0,2007-01-09
Gasolina súper,516.0,2006-12-19
Gasolina plus 91,486.0,2006-12-19
Gasolina plus 91 pescadores,0.0,2006-12-19
Keroseno,395.0,2006-12-19
Jet A- general,350.0,2006-12-19
Nafta pesada,0.0,2006-12-19
Asfalto,0.0,2006-12-15
Av-gas,593.0,2006-12-13
Emulsión asfáltica,0.0,2006-12-13
Diésel pesado o gasóleo,0.0,2006-11-29
Asfalto,0.0,2006-11-16
Emulsión asfáltica,0.0,2006-11-13
Gasolina súper,504.0,2006-11-06
Gasolina plus 91,474.0,2006-11-06
Gasolina plus 91 pescadores,0.0,2006-11-06
Diésel ,346.0,2006-11-06
Diésel pescadores,0.0,2006-11-06
Keroseno,381.0,2006-11-06
Búnker,0.0,2006-11-06
Asfalto,0.0,2006-11-06
Diésel pesado o gasóleo,0.0,2006-11-06
Emulsión asfáltica,0.0,2006-11-06
LPG -mezcla 70-30,0.0,2006-11-06
Av-gas,570.0,2006-11-06
Jet A- general,338.0,2006-11-06
Nafta liviana,0.0,2006-11-06
Nafta pesada,0.0,2006-11-06
Av-gas,568.0,2006-11-03
Asfalto,0.0,2006-11-03
LPG -mezcla 70-30,0.0,2006-10-26
Emulsión asfáltica,0.0,2006-10-26
Asfalto,0.0,2006-10-09
Diésel ,342.0,2006-10-03
Diésel pescadores,0.0,2006-10-03
Diésel pesado o gasóleo,0.0,2006-10-03
LPG -mezcla 70-30,0.0,2006-10-03
Av-gas,588.0,2006-10-03
Gasolina súper,499.0,2006-10-03
Gasolina plus 91,469.0,2006-10-03
Gasolina plus 91 pescadores,0.0,2006-10-03
Keroseno,378.0,2006-10-03
Búnker,0.0,2006-10-03
Jet A- general,337.0,2006-10-03
Nafta pesada,0.0,2006-10-03
Gasolina súper,513.0,2006-09-25
Gasolina plus 91,485.0,2006-09-25
Gasolina plus 91 pescadores,0.0,2006-09-25
Keroseno,403.0,2006-09-25
Búnker,0.0,2006-09-25
Jet A- general,360.0,2006-09-25
Nafta pesada,0.0,2006-09-25
LPG -mezcla 70-30,0.0,2006-09-21
Diésel ,364.0,2006-09-21
Diésel pescadores,0.0,2006-09-21
Diésel pesado o gasóleo,0.0,2006-09-21
Gasolina súper,575.0,2006-09-14
Gasolina plus 91,550.0,2006-09-14
Gasolina plus 91 pescadores,0.0,2006-09-14
Búnker,0.0,2006-09-14
Asfalto,0.0,2006-09-14
Diésel pesado o gasóleo,0.0,2006-09-14
Emulsión asfáltica,0.0,2006-09-14
LPG -mezcla 70-30,0.0,2006-09-14
Av-gas,667.0,2006-09-14
Gasolina súper,528.0,2006-09-13
Gasolina plus 91,501.0,2006-09-13
Gasolina plus 91 pescadores,0.0,2006-09-13
Keroseno,421.0,2006-09-13
Av-gas,608.0,2006-09-13
Jet A- general,377.0,2006-09-13
Nafta pesada,0.0,2006-09-13
Búnker,0.0,2006-09-13
Gasolina súper,548.0,2006-09-06
Gasolina plus 91,520.0,2006-09-06
Gasolina plus 91 pescadores,0.0,2006-09-06
Av-gas,630.0,2006-09-06
Nafta pesada,0.0,2006-09-06
Asfalto,0.0,2006-09-06
Gasolina súper,580.0,2006-08-29
Gasolina plus 91,553.0,2006-08-29
Gasolina plus 91 pescadores,0.0,2006-08-29
Av-gas,729.0,2006-08-29
Búnker,0.0,2006-08-29
Diésel pesado o gasóleo,0.0,2006-08-29
Nafta pesada,0.0,2006-08-29
Keroseno,439.0,2006-08-17
Jet A- general,395.0,2006-08-17
Gasolina súper,592.0,2006-08-09
Gasolina plus 91,569.0,2006-08-09
Av-gas,693.0,2006-08-09
Gasolina súper,597.0,2006-08-09
Gasolina plus 91,573.0,2006-08-09
Gasolina plus 91 pescadores,0.0,2006-08-09
Diésel ,383.0,2006-08-09
Diésel pescadores,0.0,2006-08-09
Keroseno,423.0,2006-08-09
Búnker,0.0,2006-08-09
Asfalto,0.0,2006-08-09
Diésel pesado o gasóleo,0.0,2006-08-09
Emulsión asfáltica,0.0,2006-08-09
LPG -mezcla 70-30,0.0,2006-08-09
Av-gas,697.0,2006-08-09
Jet A- general,379.0,2006-08-09
Nafta pesada,0.0,2006-08-09
Nafta pesada,0.0,2006-07-25
Gasolina súper,529.0,2006-07-03
Gasolina plus 91,507.0,2006-07-03
Diésel ,346.0,2006-07-03
Keroseno,389.0,2006-07-03
Av-gas,610.0,2006-07-03
Jet A- general,343.0,2006-07-03
Gasolina súper,556.0,2006-07-03
Gasolina plus 91,534.0,2006-07-03
Gasolina plus 91 pescadores,0.0,2006-07-03
Diésel ,380.0,2006-07-03
Diésel pescadores,0.0,2006-07-03
Keroseno,422.0,2006-07-03
Búnker,0.0,2006-07-03
Asfalto,0.0,2006-07-03
Diésel pesado o gasóleo,0.0,2006-07-03
Emulsión asfáltica,0.0,2006-07-03
LPG -mezcla 70-30,0.0,2006-07-03
Jet A- general,376.0,2006-07-03
Nafta pesada,0.0,2006-07-03
Av-gas,643.0,2006-07-03
Emulsión asfáltica,0.0,2006-05-31
Nafta pesada,0.0,2006-05-31
Gasolina súper,475.0,2006-05-31
Gasolina plus 91,453.0,2006-05-31
Gasolina plus 91 pescadores,0.0,2006-05-31
Diésel ,326.0,2006-05-31
Diésel pescadores,0.0,2006-05-31
Diésel pesado o gasóleo,0.0,2006-05-31
Av-gas,517.0,2006-05-31
Asfalto,0.0,2006-05-31
LPG -mezcla 70-30,0.0,2006-05-31
Gasolina súper,526.0,2006-05-12
Gasolina plus 91,504.0,2006-05-12
Gasolina plus 91 pescadores,0.0,2006-05-12
Diésel ,344.0,2006-05-12
Keroseno,388.0,2006-05-12
Asfalto,0.0,2006-05-12
Emulsión asfáltica,0.0,2006-05-12
Av-gas,607.0,2006-05-12
Jet A- general,342.0,2006-05-12
Nafta pesada,0.0,2006-05-12
Diésel pesado o gasóleo,0.0,2006-05-12
Búnker,0.0,2006-05-12
Diésel ,330.0,2006-05-12
Diésel pescadores,0.0,2006-05-12
LPG -mezcla 70-30,0.0,2006-05-12
Av-gas,527.0,2006-05-12
Jet A- general,327.0,2006-05-12
Emulsión asfáltica,0.0,2006-03-02
Gasolina súper,463.0,2006-03-02
Gasolina plus 91,440.0,2006-03-02
Gasolina plus 91 pescadores,0.0,2006-03-02
Diésel ,313.0,2006-03-02
Diésel pescadores,0.0,2006-03-02
Asfalto,0.0,2006-03-02
Av-gas,500.0,2006-03-02
Nafta pesada,0.0,2006-03-02
Diésel pesado o gasóleo,0.0,2006-03-02
LPG -mezcla 70-30,0.0,2006-03-02
Gasolina súper,488.0,2006-02-16
Gasolina plus 91,466.0,2006-02-16
Diésel ,335.0,2006-02-16
Diésel pescadores,0.0,2006-02-16
Keroseno,373.0,2006-02-16
Emulsión asfáltica,0.0,2006-02-16
LPG -mezcla 70-30,0.0,2006-02-16
Av-gas,527.0,2006-02-16
Jet A- general,314.0,2006-02-16
Gasolina súper,484.0,2006-02-16
Gasolina plus 91,462.0,2006-02-16
Gasolina plus 91 pescadores,0.0,2006-02-16
Keroseno,372.0,2006-02-16
Búnker,0.0,2006-02-16
Asfalto,0.0,2006-02-16
Diésel pesado o gasóleo,0.0,2006-02-16
Av-gas,523.0,2006-02-16
Jet A- general,311.0,2006-02-16
Nafta pesada,0.0,2006-02-16
Asfalto,0.0,2006-01-26
Gasolina súper,457.0,2006-01-26
Gasolina plus 91,436.0,2006-01-26
Gasolina plus 91 pescadores,0.0,2006-01-26
Diésel ,319.0,2006-01-26
Diésel pescadores,0.0,2006-01-26
Keroseno,356.0,2006-01-26
Búnker,0.0,2006-01-26
Diésel pesado o gasóleo,0.0,2006-01-26
Av-gas,487.0,2006-01-26
Jet A- general,297.0,2006-01-26
Nafta pesada,0.0,2006-01-26
LPG -mezcla 70-30,0.0,2006-01-26
Gasolina súper,422.0,2005-12-21
Gasolina plus 91,402.0,2005-12-21
Gasolina plus 91 pescadores,0.0,2005-12-21
Diésel ,303.0,2005-12-21
Diésel pescadores,0.0,2005-12-21
Keroseno,334.0,2005-12-21
Búnker,0.0,2005-12-21
Diésel pesado o gasóleo,0.0,2005-12-21
Av-gas,441.0,2005-12-21
Jet A- general,282.0,2005-12-21
Nafta pesada,0.0,2005-12-21
Asfalto,0.0,2005-11-29
LPG -mezcla 70-30,0.0,2005-11-29
Diésel ,324.0,2005-11-29
Diésel pescadores,0.0,2005-11-29
Diésel pesado o gasóleo,0.0,2005-11-29
Gasolina súper,441.0,2005-11-29
Gasolina plus 91,420.0,2005-11-29
Gasolina plus 91 pescadores,0.0,2005-11-29
Keroseno,363.0,2005-11-29
Búnker,0.0,2005-11-29
Av-gas,460.0,2005-11-29
Jet A- general,310.0,2005-11-29
Nafta pesada,0.0,2005-11-29
Emulsión asfáltica,0.0,2005-11-29
Gasolina súper,461.0,2005-11-16
Gasolina plus 91,439.0,2005-11-16
Gasolina plus 91 pescadores,0.0,2005-11-16
Diésel ,339.0,2005-11-16
Diésel pescadores,0.0,2005-11-16
Keroseno,390.0,2005-11-16
Búnker,0.0,2005-11-16
Asfalto,0.0,2005-11-16
Diésel pesado o gasóleo,0.0,2005-11-16
Emulsión asfáltica,0.0,2005-11-16
LPG -mezcla 70-30,0.0,2005-11-16
Av-gas,482.0,2005-11-16
Jet A- general,336.0,2005-11-16
Nafta pesada,0.0,2005-11-16
Asfalto,0.0,2005-11-09
Gasolina súper,458.0,2005-11-08
Gasolina plus 91,436.0,2005-11-08
Gasolina plus 91 pescadores,0.0,2005-11-08
Keroseno,389.0,2005-11-08
Av-gas,478.0,2005-11-08
Jet A- general,334.0,2005-11-08
Nafta pesada,0.0,2005-11-08
Gasolina súper,504.0,2005-10-28
Gasolina plus 91,463.0,2005-10-28
Gasolina plus 91 pescadores,0.0,2005-10-28
Diésel ,337.0,2005-10-28
Diésel pescadores,0.0,2005-10-28
Diésel pesado o gasóleo,0.0,2005-10-28
Asfalto,0.0,2005-10-28
Emulsión asfáltica,0.0,2005-10-28
LPG -mezcla 70-30,0.0,2005-10-28
Av-gas,556.0,2005-10-28
Nafta pesada,0.0,2005-10-28
Keroseno,416.0,2005-10-28
Búnker,0.0,2005-10-28
Jet A- general,362.0,2005-10-28
Gasolina súper,479.0,2005-09-22
Gasolina plus 91,446.0,2005-09-22
Gasolina plus 91 pescadores,0.0,2005-09-22
Diésel ,318.0,2005-09-22
Diésel pescadores,0.0,2005-09-22
Keroseno,385.0,2005-09-22
Búnker,0.0,2005-09-22
Asfalto,0.0,2005-09-22
Diésel pesado o gasóleo,0.0,2005-09-22
Emulsión asfáltica,0.0,2005-09-22
LPG -mezcla 70-30,0.0,2005-09-22
Av-gas,504.0,2005-09-22
Jet A- general,332.0,2005-09-22
Nafta pesada,0.0,2005-09-22
Jet A- general,282.0,2005-09-06
Keroseno,318.0,2005-09-06
Búnker,0.0,2005-09-06
Gasolina súper,434.0,2005-08-18
Gasolina plus 91,406.0,2005-08-18
Gasolina plus 91 pescadores,0.0,2005-08-18
Diésel ,297.0,2005-08-18
Diésel pescadores,0.0,2005-08-18
Keroseno,306.0,2005-08-18
Búnker,0.0,2005-08-18
Asfalto,0.0,2005-08-18
Diésel pesado o gasóleo,0.0,2005-08-18
Emulsión asfáltica,0.0,2005-08-18
LPG -mezcla 70-30,0.0,2005-08-18
Av-gas,471.0,2005-08-18
Jet A- general,274.0,2005-08-18
Nafta pesada,0.0,2005-08-18
Gasolina súper,394.0,2005-07-11
Gasolina plus 91,376.0,2005-07-11
Gasolina plus 91 pescadores,0.0,2005-07-11
Diésel ,282.0,2005-07-11
Diésel pescadores,0.0,2005-07-11
Keroseno,305.0,2005-07-11
Búnker,0.0,2005-07-11
Asfalto,0.0,2005-07-11
Diésel pesado o gasóleo,0.0,2005-07-11
Emulsión asfáltica,0.0,2005-07-11
LPG -mezcla 70-30,0.0,2005-07-11
Av-gas,435.0,2005-07-11
Jet A- general,272.0,2005-07-11
Nafta pesada,0.0,2005-07-11
Gasolina súper,399.0,2005-05-19
Gasolina plus 91,381.0,2005-05-19
Gasolina plus 91 pescadores,0.0,2005-05-19
Diésel ,286.0,2005-05-19
Diésel pescadores,0.0,2005-05-19
Keroseno,305.0,2005-05-19
Búnker,0.0,2005-05-19
Asfalto,0.0,2005-05-19
Diésel pesado o gasóleo,0.0,2005-05-19
Emulsión asfáltica,0.0,2005-05-19
LPG -mezcla 70-30,0.0,2005-05-19
Av-gas,434.0,2005-05-19
Jet A- general,270.0,2005-05-19
Nafta liviana,0.0,2005-05-19
Nafta pesada,0.0,2005-05-19
Gasolina súper,424.0,2005-05-09
Gasolina plus 91,405.0,2005-05-09
Gasolina plus 91 pescadores,0.0,2005-05-09
Diésel ,305.0,2005-05-09
Diésel pescadores,0.0,2005-05-09
Keroseno,330.0,2005-05-09
Búnker,0.0,2005-05-09
Asfalto,0.0,2005-05-09
Diésel pesado o gasóleo,0.0,2005-05-09
Emulsión asfáltica,0.0,2005-05-09
LPG -mezcla 70-30,0.0,2005-05-09
Av-gas,465.0,2005-05-09
Jet A- general,289.0,2005-05-09
Nafta liviana,0.0,2005-05-09
Nafta pesada,0.0,2005-05-09
Gasolina súper,420.0,2005-04-29
Gasolina plus 91,402.0,2005-04-29
Gasolina plus 91 pescadores,0.0,2005-04-29
Diésel ,303.0,2005-04-29
Diésel pescadores,0.0,2005-04-29
Keroseno,329.0,2005-04-29
Búnker,0.0,2005-04-29
Asfalto,0.0,2005-04-29
Diésel pesado o gasóleo,0.0,2005-04-29
Emulsión asfáltica,0.0,2005-04-29
LPG -mezcla 70-30,0.0,2005-04-29
Av-gas,461.0,2005-04-29
Jet A- general,287.0,2005-04-29
Nafta liviana,0.0,2005-04-29
Nafta pesada,0.0,2005-04-29
Gasolina súper,381.0,2005-03-23
Gasolina plus 91,364.0,2005-03-23
Gasolina plus 91 pescadores,0.0,2005-03-23
Diésel ,273.0,2005-03-23
Diésel pescadores,0.0,2005-03-23
Keroseno,290.0,2005-03-23
Búnker,0.0,2005-03-23
Asfalto,0.0,2005-03-23
Diésel pesado o gasóleo,0.0,2005-03-23
Emulsión asfáltica,0.0,2005-03-23
LPG -mezcla 70-30,0.0,2005-03-23
Av-gas,412.0,2005-03-23
Jet A- general,257.0,2005-03-23
Nafta liviana,0.0,2005-03-23
Nafta pesada,0.0,2005-03-23
Gasolina súper,370.0,2005-02-03
Gasolina plus 91,353.0,2005-02-03
Gasolina plus 91 pescadores,0.0,2005-02-03
Diésel ,264.0,2005-02-03
Diésel pescadores,0.0,2005-02-03
Keroseno,279.0,2005-02-03
Búnker,0.0,2005-02-03
Asfalto,0.0,2005-02-03
Diésel pesado o gasóleo,0.0,2005-02-03
Emulsión asfáltica,0.0,2005-02-03
LPG -mezcla 70-30,0.0,2005-02-03
Av-gas,399.0,2005-02-03
Jet A- general,249.0,2005-02-03
Nafta liviana,0.0,2005-02-03
Nafta pesada,0.0,2005-02-03
Gasolina súper,355.0,2004-12-22
Gasolina plus 91,340.0,2004-12-22
Gasolina plus 91 pescadores,0.0,2004-12-22
Diésel ,254.0,2004-12-22
Diésel pescadores,0.0,2004-12-22
Keroseno,267.0,2004-12-22
Búnker,0.0,2004-12-22
Asfalto,0.0,2004-12-22
Diésel pesado o gasóleo,0.0,2004-12-22
Emulsión asfáltica,0.0,2004-12-22
LPG -mezcla 70-30,0.0,2004-12-22
Av-gas,383.0,2004-12-22
Jet A- general,239.0,2004-12-22
Nafta liviana,0.0,2004-12-22
Nafta pesada,0.0,2004-12-22
Gasolina súper,364.9,2004-11-08
Gasolina plus 91,348.8,2004-11-08
Gasolina plus 91 pescadores,0.0,2004-11-08
Diésel ,260.9,2004-11-08
Diésel pescadores,0.0,2004-11-08
Keroseno,276.7,2004-11-08
Búnker,0.0,2004-11-08
Asfalto,0.0,2004-11-08
Diésel pesado o gasóleo,0.0,2004-11-08
Emulsión asfáltica,0.0,2004-11-08
LPG -mezcla 70-30,0.0,2004-11-08
Av-gas,397.6,2004-11-08
Jet A- general,247.8,2004-11-08
Nafta liviana,0.0,2004-11-08
Nafta pesada,0.0,2004-11-08
Gasolina súper,361.4,2004-10-26
Gasolina plus 91,345.3,2004-10-26
Gasolina plus 91 pescadores,0.0,2004-10-26
Diésel ,258.9,2004-10-26
Diésel pescadores,0.0,2004-10-26
Keroseno,275.7,2004-10-26
Búnker,0.0,2004-10-26
Asfalto,0.0,2004-10-26
Diésel pesado o gasóleo,0.0,2004-10-26
Emulsión asfáltica,0.0,2004-10-26
LPG -mezcla 70-30,0.0,2004-10-26
Av-gas,394.1,2004-10-26
Jet A- general,245.8,2004-10-26
Nafta liviana,0.0,2004-10-26
Nafta pesada,0.0,2004-10-26
Gasolina súper,349.8,2004-09-13
Gasolina plus 91,334.3,2004-09-13
Gasolina plus 91 pescadores,0.0,2004-09-13
Diésel ,250.0,2004-09-13
Diésel pescadores,0.0,2004-09-13
Keroseno,264.1,2004-09-13
Búnker,0.0,2004-09-13
Asfalto,0.0,2004-09-13
Diésel pesado o gasóleo,0.0,2004-09-13
Emulsión asfáltica,0.0,2004-09-13
LPG -mezcla 70-30,0.0,2004-09-13
Av-gas,379.9,2004-09-13
Jet A- general,237.0,2004-09-13
Nafta liviana,0.0,2004-09-13
Nafta pesada,0.0,2004-09-13
Gasolina súper,326.9,2004-08-09
Gasolina plus 91,312.5,2004-08-09
Gasolina plus 91 pescadores,0.0,2004-08-09
Diésel ,232.4,2004-08-09
Diésel pescadores,0.0,2004-08-09
Keroseno,241.2,2004-08-09
Búnker,0.0,2004-08-09
Asfalto,0.0,2004-08-09
Diésel pesado o gasóleo,0.0,2004-08-09
Emulsión asfáltica,0.0,2004-08-09
LPG -mezcla 70-30,0.0,2004-08-09
Av-gas,351.9,2004-08-09
Jet A- general,219.7,2004-08-09
Nafta liviana,0.0,2004-08-09
Nafta pesada,0.0,2004-08-09
Gasolina súper,315.3,2004-07-15
Gasolina plus 91,301.4,2004-07-15
Diésel ,224.1,2004-07-15
Keroseno,231.9,2004-07-15
Av-gas,338.4,2004-07-15
Jet A- general,211.5,2004-07-15
Gasolina súper,315.0,2004-05-31
Gasolina plus 91,301.1,2004-05-31
Gasolina plus 91 pescadores,0.0,2004-05-31
Diésel ,223.8,2004-05-31
Diésel pescadores,0.0,2004-05-31
Keroseno,231.6,2004-05-31
Búnker,0.0,2004-05-31
Asfalto,0.0,2004-05-31
Diésel pesado o gasóleo,0.0,2004-05-31
Emulsión asfáltica,0.0,2004-05-31
LPG -mezcla 70-30,0.0,2004-05-31
Av-gas,338.2,2004-05-31
Jet A- general,211.3,2004-05-31
Nafta liviana,0.0,2004-05-31
Nafta pesada,0.0,2004-05-31
IFO 180,0.0,2004-05-31
IFO 380,0.0,2004-05-31
Gasolina súper,304.2,2004-05-06
Gasolina plus 91,290.9,2004-05-06
Gasolina plus 91 pescadores,0.0,2004-05-06
Diésel ,215.5,2004-05-06
Diésel pescadores,0.0,2004-05-06
Keroseno,220.8,2004-05-06
Búnker,0.0,2004-05-06
Asfalto,0.0,2004-05-06
Diésel pesado o gasóleo,0.0,2004-05-06
Emulsión asfáltica,0.0,2004-05-06
LPG -mezcla 70-30,0.0,2004-05-06
Av-gas,325.0,2004-05-06
Jet A- general,203.1,2004-05-06
Nafta liviana,0.0,2004-05-06
Nafta pesada,0.0,2004-05-06
IFO 180,0.0,2004-05-06
IFO 380,0.0,2004-05-06
Gasolina súper,301.0,2004-04-26
Gasolina plus 91,287.6,2004-04-26
Gasolina plus 91 pescadores,0.0,2004-04-26
Diésel ,213.5,2004-04-26
Diésel pescadores,0.0,2004-04-26
Keroseno,219.8,2004-04-26
Búnker,0.0,2004-04-26
Asfalto,0.0,2004-04-26
Diésel pesado o gasóleo,0.0,2004-04-26
Emulsión asfáltica,0.0,2004-04-26
LPG -mezcla 70-30,0.0,2004-04-26
Av-gas,321.8,2004-04-26
Jet A- general,201.1,2004-04-26
Nafta liviana,0.0,2004-04-26
Nafta pesada,0.0,2004-04-26
IFO 180,0.0,2004-04-26
IFO 380,0.0,2004-04-26
Gasolina súper,293.7,2004-02-24
Gasolina plus 91,280.7,2004-02-24
Gasolina plus 91 pescadores,0.0,2004-02-24
Diésel ,207.9,2004-02-24
Diésel pescadores,0.0,2004-02-24
Keroseno,212.5,2004-02-24
Búnker,0.0,2004-02-24
Asfalto,0.0,2004-02-24
Diésel pesado o gasóleo,0.0,2004-02-24
Emulsión asfáltica,0.0,2004-02-24
LPG -mezcla 70-30,0.0,2004-02-24
Av-gas,312.8,2004-02-24
Jet A- general,195.6,2004-02-24
Nafta liviana,0.0,2004-02-24
Nafta pesada,0.0,2004-02-24
IFO 180,0.0,2004-02-24
IFO 380,0.0,2004-02-24
Gasolina súper,275.9,2004-02-03
Gasolina plus 91,263.7,2004-02-03
Gasolina plus 91 pescadores,0.0,2004-02-03
Diésel ,194.0,2004-02-03
Diésel pescadores,0.0,2004-02-03
Keroseno,194.8,2004-02-03
Búnker,0.0,2004-02-03
Asfalto,0.0,2004-02-03
Diésel pesado o gasóleo,0.0,2004-02-03
Emulsión asfáltica,0.0,2004-02-03
LPG -mezcla 70-30,0.0,2004-02-03
Av-gas,292.8,2004-02-03
Jet A- general,183.2,2004-02-03
Nafta liviana,0.0,2004-02-03
Nafta pesada,0.0,2004-02-03
IFO 180,0.0,2004-02-03
IFO 380,0.0,2004-02-03
Gasolina súper,272.7,2004-01-21
Gasolina plus 91,260.7,2004-01-21
Gasolina plus 91 pescadores,0.0,2004-01-21
Diésel ,192.2,2004-01-21
Diésel pescadores,0.0,2004-01-21
Keroseno,193.8,2004-01-21
Búnker,0.0,2004-01-21
Asfalto,0.0,2004-01-21
Diésel pesado o gasóleo,0.0,2004-01-21
Emulsión asfáltica,0.0,2004-01-21
LPG -mezcla 70-30,0.0,2004-01-21
Av-gas,289.8,2004-01-21
Jet A- general,181.5,2004-01-21
Nafta liviana,0.0,2004-01-21
Nafta pesada,0.0,2004-01-21
IFO 180,0.0,2004-01-21
IFO 380,0.0,2004-01-21
Gasolina súper,266.4,2003-11-11
Gasolina plus 91,254.8,2003-11-11
Gasolina plus 91 pescadores,0.0,2003-11-11
Diésel ,187.4,2003-11-11
Diésel pescadores,0.0,2003-11-11
Keroseno,187.5,2003-11-11
Búnker,0.0,2003-11-11
Asfalto,0.0,2003-11-11
Diésel pesado o gasóleo,0.0,2003-11-11
Emulsión asfáltica,0.0,2003-11-11
LPG -mezcla 70-30,0.0,2003-11-11
Av-gas,282.2,2003-11-11
Jet A- general,176.8,2003-11-11
Nafta liviana,0.0,2003-11-11
Nafta pesada,0.0,2003-11-11
IFO 180,0.0,2003-11-11
IFO 380,0.0,2003-11-11
Gasolina súper,271.7,2003-10-10
Gasolina plus 91,259.7,2003-10-10
Gasolina plus 91 pescadores,0.0,2003-10-10
Diésel ,191.8,2003-10-10
Diésel pescadores,0.0,2003-10-10
Keroseno,193.7,2003-10-10
Búnker,0.0,2003-10-10
Asfalto,0.0,2003-10-10
Diésel pesado o gasóleo,0.0,2003-10-10
Emulsión asfáltica,0.0,2003-10-10
LPG -mezcla 70-30,0.0,2003-10-10
Av-gas,288.9,2003-10-10
Jet A- general,181.1,2003-10-10
Nafta liviana,0.0,2003-10-10
Nafta pesada,0.0,2003-10-10
IFO 180,0.0,2003-10-10
IFO 380,0.0,2003-10-10
Gasolina súper,259.9,2003-08-14
Gasolina plus 91,248.5,2003-08-14
Gasolina plus 91 pescadores,0.0,2003-08-14
Diésel ,182.8,2003-08-14
Diésel pescadores,0.0,2003-08-14
Keroseno,182.0,2003-08-14
Búnker,0.0,2003-08-14
Asfalto,0.0,2003-08-14
Diésel pesado o gasóleo,0.0,2003-08-14
Emulsión asfáltica,0.0,2003-08-14
LPG -mezcla 70-30,0.0,2003-08-14
Av-gas,274.6,2003-08-14
Jet A- general,172.2,2003-08-14
Nafta liviana,0.0,2003-08-14
Nafta pesada,0.0,2003-08-14
IFO 180,0.0,2003-08-14
IFO 380,0.0,2003-08-14
Gasolina súper,249.8,2003-06-27
Gasolina plus 91,238.9,2003-06-27
Gasolina plus 91 pescadores,0.0,2003-06-27
Diésel ,175.5,2003-06-27
Diésel pescadores,0.0,2003-06-27
Keroseno,173.7,2003-06-27
Búnker,0.0,2003-06-27
Asfalto,0.0,2003-06-27
Diésel pesado o gasóleo,0.0,2003-06-27
Emulsión asfáltica,0.0,2003-06-27
LPG -mezcla 70-30,0.0,2003-06-27
Av-gas,262.8,2003-06-27
Jet A- general,165.0,2003-06-27
Nafta liviana,0.0,2003-06-27
Nafta pesada,0.0,2003-06-27
IFO 180,0.0,2003-06-27
IFO 380,0.0,2003-06-27
Gasolina súper,238.6,2003-05-21
Gasolina plus 91,228.2,2003-05-21
Gasolina plus 91 pescadores,0.0,2003-05-21
Diésel ,166.9,2003-05-21
Diésel pescadores,0.0,2003-05-21
Keroseno,162.5,2003-05-21
Búnker,0.0,2003-05-21
Asfalto,0.0,2003-05-21
Diésel pesado o gasóleo,0.0,2003-05-21
Emulsión asfáltica,0.0,2003-05-21
LPG -mezcla 70-30,0.0,2003-05-21
Av-gas,249.1,2003-05-21
Jet A- general,156.5,2003-05-21
Nafta liviana,0.0,2003-05-21
Nafta pesada,0.0,2003-05-21
IFO 180,0.0,2003-05-21
IFO 380,0.0,2003-05-21
Gasolina súper,244.5,2003-04-23
Gasolina plus 91,233.8,2003-04-23
Gasolina plus 91 pescadores,0.0,2003-04-23
Diésel ,171.3,2003-04-23
Diésel pescadores,0.0,2003-04-23
Keroseno,172.5,2003-04-23
Búnker,0.0,2003-04-23
Asfalto,0.0,2003-04-23
Diésel pesado o gasóleo,0.0,2003-04-23
Emulsión asfáltica,0.0,2003-04-23
LPG -mezcla 70-30,0.0,2003-04-23
Av-gas,260.0,2003-04-23
Jet A- general,163.3,2003-04-23
Nafta liviana,0.0,2003-04-23
Nafta pesada,0.0,2003-04-23
IFO 180,0.0,2003-04-23
IFO 380,0.0,2003-04-23
Gasolina súper,276.0,2003-03-20
Gasolina plus 91,263.6,2003-03-20
Gasolina plus 91 pescadores,0.0,2003-03-20
Diésel ,195.3,2003-03-20
Diésel pescadores,0.0,2003-03-20
Keroseno,204.6,2003-03-20
Búnker,0.0,2003-03-20
Asfalto,0.0,2003-03-20
Diésel pesado o gasóleo,0.0,2003-03-20
Emulsión asfáltica,0.0,2003-03-20
LPG -mezcla 70-30,0.0,2003-03-20
Av-gas,299.2,2003-03-20
Jet A- general,187.5,2003-03-20
Nafta liviana,0.0,2003-03-20
Nafta pesada,0.0,2003-03-20
Gasolina súper,263.4,2003-02-17
Gasolina plus 91,251.7,2003-02-17
Gasolina plus 91 pescadores,0.0,2003-02-17
Diésel ,185.7,2003-02-17
Diésel pescadores,0.0,2003-02-17
Keroseno,191.7,2003-02-17
Búnker,0.0,2003-02-17
Asfalto,0.0,2003-02-17
Diésel pesado o gasóleo,0.0,2003-02-17
Emulsión asfáltica,0.0,2003-02-17
LPG -mezcla 70-30,0.0,2003-02-17
Av-gas,283.5,2003-02-17
Jet A- general,177.8,2003-02-17
Nafta liviana,0.0,2003-02-17
Nafta pesada,0.0,2003-02-17
Gasolina súper,235.5,2003-01-17
Gasolina plus 91,225.4,2003-01-17
Gasolina plus 91 pescadores,0.0,2003-01-17
Diésel ,164.9,2003-01-17
Diésel pescadores,0.0,2003-01-17
Keroseno,165.1,2003-01-17
Búnker,0.0,2003-01-17
Asfalto,0.0,2003-01-17
Diésel pesado o gasóleo,0.0,2003-01-17
Emulsión asfáltica,0.0,2003-01-17
LPG -mezcla 70-30,0.0,2003-01-17
Av-gas,249.6,2003-01-17
Jet A- general,156.7,2003-01-17
Nafta liviana,0.0,2003-01-17
Nafta pesada,0.0,2003-01-17
Gasolina súper,228.6,2002-12-03
Gasolina plus 91,218.9,2002-12-03
Gasolina plus 91 pescadores,0.0,2002-12-03
Diésel ,159.6,2002-12-03
Diésel pescadores,0.0,2002-12-03
Keroseno,158.1,2002-12-03
Búnker,0.0,2002-12-03
Asfalto,0.0,2002-12-03
Diésel pesado o gasóleo,0.0,2002-12-03
Emulsión asfáltica,0.0,2002-12-03
LPG -mezcla 70-30,0.0,2002-12-03
Av-gas,241.0,2002-12-03
Jet A- general,151.5,2002-12-03
Nafta liviana,0.0,2002-12-03
Nafta pesada,0.0,2002-12-03
Gasolina súper,239.1,2002-11-04
Gasolina plus 91,228.7,2002-11-04
Diésel ,167.1,2002-11-04
Keroseno,168.8,2002-11-04
Av-gas,256.8,2002-11-04
Jet A- general,161.2,2002-11-04
Gasolina súper,236.1,2002-11-04
Gasolina plus 91,225.9,2002-11-04
Gasolina plus 91 pescadores,0.0,2002-11-04
Diésel ,165.3,2002-11-04
Diésel pescadores,0.0,2002-11-04
Keroseno,168.1,2002-11-04
Búnker,0.0,2002-11-04
Asfalto,0.0,2002-11-04
Diésel pesado o gasóleo,0.0,2002-11-04
Emulsión asfáltica,0.0,2002-11-04
LPG -mezcla 70-30,0.0,2002-11-04
Av-gas,254.0,2002-11-04
Jet A- general,159.4,2002-11-04
Nafta liviana,0.0,2002-11-04
Nafta pesada,0.0,2002-11-04
Gasolina súper,225.1,2002-09-19
Gasolina plus 91,215.5,2002-09-19
Gasolina plus 91 pescadores,0.0,2002-09-19
Diésel ,157.0,2002-09-19
Diésel pescadores,0.0,2002-09-19
Keroseno,156.9,2002-09-19
Búnker,0.0,2002-09-19
Asfalto,0.0,2002-09-19
Diésel pesado o gasóleo,0.0,2002-09-19
Emulsión asfáltica,0.0,2002-09-19
LPG -mezcla 70-30,0.0,2002-09-19
Av-gas,240.4,2002-09-19
Jet A- general,151.0,2002-09-19
Nafta liviana,0.0,2002-09-19
Nafta pesada,0.0,2002-09-19
Gasolina súper,220.4,2002-08-05
Gasolina plus 91,211.1,2002-08-05
Gasolina plus 91 pescadores,0.0,2002-08-05
Diésel ,153.4,2002-08-05
Diésel pescadores,0.0,2002-08-05
Keroseno,152.1,2002-08-05
Búnker,0.0,2002-08-05
Asfalto,0.0,2002-08-05
Diésel pesado o gasóleo,0.0,2002-08-05
Emulsión asfáltica,0.0,2002-08-05
LPG -mezcla 70-30,0.0,2002-08-05
Av-gas,231.2,2002-08-05
Jet A- general,144.1,2002-08-05
Nafta liviana,0.0,2002-08-05
Nafta pesada,0.0,2002-08-05
Gasolina súper,213.3,2002-05-13
Gasolina plus 91,204.501,2002-05-13
Gasolina plus 91 pescadores,0.0,2002-05-13
Diésel ,148.4,2002-05-13
Diésel pescadores,0.0,2002-05-13
Keroseno,145.9,2002-05-13
Búnker,0.0,2002-05-13
Asfalto,0.0,2002-05-13
Diésel pesado o gasóleo,0.0,2002-05-13
Emulsión asfáltica,0.0,2002-05-13
LPG -mezcla 70-30,0.0,2002-05-13
Av-gas,223.0,2002-05-13
Jet A- general,139.0,2002-05-13
Nafta liviana,0.0,2002-05-13
Nafta pesada,0.0,2002-05-13
Gasolina súper,211.1,2002-04-22
Gasolina plus 91,202.5,2002-04-22
Gasolina plus 91 pescadores,0.0,2002-04-22
Diésel ,147.1,2002-04-22
Diésel pescadores,0.0,2002-04-22
Keroseno,145.4,2002-04-22
Búnker,0.0,2002-04-22
Asfalto,0.0,2002-04-22
Diésel pesado o gasóleo,0.0,2002-04-22
Emulsión asfáltica,0.0,2002-04-22
LPG -mezcla 70-30,0.0,2002-04-22
Av-gas,221.0,2002-04-22
Jet A- general,137.8,2002-04-22
Nafta liviana,0.0,2002-04-22
Nafta pesada,0.0,2002-04-22
Gasolina súper,192.0,2002-04-03
Gasolina plus 91,184.4,2002-04-03
Gasolina plus 91 pescadores,0.0,2002-04-03
Diésel ,132.6,2002-04-03
Diésel pescadores,0.0,2002-04-03
Keroseno,126.0,2002-04-03
Búnker,0.0,2002-04-03
Asfalto,0.0,2002-04-03
Diésel pesado o gasóleo,0.0,2002-04-03
Emulsión asfáltica,0.0,2002-04-03
LPG -mezcla 70-30,0.0,2002-04-03
Av-gas,197.2,2002-04-03
Jet A- general,123.1,2002-04-03
Nafta liviana,0.0,2002-04-03
Nafta pesada,0.0,2002-04-03
Gasolina súper,189.3,2002-03-15
Gasolina plus 91,181.8,2002-03-15
Gasolina plus 91 pescadores,0.0,2002-03-15
Diésel ,130.5,2002-03-15
Diésel pescadores,0.0,2002-03-15
Keroseno,123.2,2002-03-15
Búnker,0.0,2002-03-15
Asfalto,0.0,2002-03-15
Diésel pesado o gasóleo,0.0,2002-03-15
Emulsión asfáltica,0.0,2002-03-15
LPG -mezcla 70-30,0.0,2002-03-15
Av-gas,193.8,2002-03-15
Jet A- general,121.0,2002-03-15
Nafta liviana,0.0,2002-03-15
Nafta pesada,0.0,2002-03-15
Gasolina súper,184.1,2002-02-12
Gasolina plus 91,176.9,2002-02-12
Gasolina plus 91 pescadores,0.0,2002-02-12
Diésel ,126.5,2002-02-12
Diésel pescadores,0.0,2002-02-12
Keroseno,117.9,2002-02-12
Búnker,0.0,2002-02-12
Asfalto,0.0,2002-02-12
Diésel pesado o gasóleo,0.0,2002-02-12
Emulsión asfáltica,0.0,2002-02-12
LPG -mezcla 70-30,0.0,2002-02-12
Av-gas,187.3,2002-02-12
Jet A- general,117.0,2002-02-12
Nafta liviana,0.0,2002-02-12
Nafta pesada,0.0,2002-02-12
Gasolina súper,181.3,2002-02-06
Gasolina plus 91,174.3,2002-02-06
Gasolina plus 91 pescadores,0.0,2002-02-06
Diésel ,124.5,2002-02-06
Diésel pescadores,0.0,2002-02-06
Keroseno,116.4,2002-02-06
Búnker,0.0,2002-02-06
Asfalto,0.0,2002-02-06
Diésel pesado o gasóleo,0.0,2002-02-06
Emulsión asfáltica,0.0,2002-02-06
LPG -mezcla 70-30,0.0,2002-02-06
Av-gas,185.0,2002-02-06
Jet A- general,115.5,2002-02-06
Nafta liviana,0.0,2002-02-06
Nafta pesada,0.0,2002-02-06
Gasolina súper,175.1,2002-01-03
Gasolina plus 91,168.5,2002-01-03
Diésel ,119.7,2002-01-03
Keroseno,110.1,2002-01-03
Búnker,0.0,2002-01-03
Asfalto,0.0,2002-01-03
Diésel pesado o gasóleo,0.0,2002-01-03
Emulsión asfáltica,0.0,2002-01-03
LPG -mezcla 70-30,0.0,2002-01-03
Av-gas,177.3,2002-01-03
Jet A- general,110.7,2002-01-03
Nafta liviana,0.0,2002-01-03
Nafta pesada,0.0,2002-01-03
Gasolina súper,178.4,2001-12-04
Gasolina plus 91,171.6,2001-12-04
Diésel ,122.3,2001-12-04
Keroseno,113.5,2001-12-04
Búnker,0.0,2001-12-04
Asfalto,0.0,2001-12-04
Diésel pesado o gasóleo,0.0,2001-12-04
Emulsión asfáltica,0.0,2001-12-04
LPG -mezcla 70-30,0.0,2001-12-04
Av-gas,181.5,2001-12-04
Jet A- general,113.3,2001-12-04
Nafta liviana,0.0,2001-12-04
Nafta pesada,0.0,2001-12-04
Gasolina súper,197.4,2001-11-05
Gasolina plus 91,189.6,2001-11-05
Diésel ,136.7,2001-11-05
Keroseno,132.8,2001-11-05
Av-gas,205.1,2001-11-05
Jet A- general,127.8,2001-11-05
Gasolina súper,185.3,2001-11-05
Gasolina plus 91,178.1,2001-11-05
Diésel ,127.5,2001-11-05
Keroseno,120.4,2001-11-05
Búnker,0.0,2001-11-05
Asfalto,0.0,2001-11-05
Diésel pesado o gasóleo,0.0,2001-11-05
Emulsión asfáltica,0.0,2001-11-05
LPG -mezcla 70-30,0.0,2001-11-05
Av-gas,190.0,2001-11-05
Jet A- general,118.5,2001-11-05
Nafta liviana,0.0,2001-11-05
Nafta pesada,0.0,2001-11-05
Gasolina súper,195.6,2001-10-10
Gasolina plus 91,187.8,2001-10-10
Diésel ,135.7,2001-10-10
Keroseno,132.3,2001-10-10
Búnker,0.0,2001-10-10
Asfalto,0.0,2001-10-10
Diésel pesado o gasóleo,0.0,2001-10-10
Emulsión asfáltica,0.0,2001-10-10
LPG -mezcla 70-30,0.0,2001-10-10
Av-gas,203.3,2001-10-10
Jet A- general,126.8,2001-10-10
Nafta liviana,0.0,2001-10-10
Nafta pesada,0.0,2001-10-10
Gasolina súper,200.3,2001-09-12
Gasolina plus 91,192.3,2001-09-12
Diésel ,139.3,2001-09-12
Keroseno,137.1,2001-09-12
Búnker,0.0,2001-09-12
Asfalto,0.0,2001-09-12
Diésel pesado o gasóleo,0.0,2001-09-12
Emulsión asfáltica,0.0,2001-09-12
LPG -mezcla 70-30,0.0,2001-09-12
Av-gas,209.2,2001-09-12
Jet A- general,130.5,2001-09-12
Nafta liviana,0.0,2001-09-12
Nafta pesada,0.0,2001-09-12
Gasolina súper,194.5,2001-08-07
Gasolina plus 91,186.8,2001-08-07
Diésel ,134.9,2001-08-07
Keroseno,131.1,2001-08-07
Búnker,0.0,2001-08-07
Asfalto,0.0,2001-08-07
Diésel pesado o gasóleo,0.0,2001-08-07
Emulsión asfáltica,0.0,2001-08-07
LPG -mezcla 70-30,0.0,2001-08-07
Av-gas,201.9,2001-08-07
Jet A- general,126.0,2001-08-07
Nafta liviana,0.0,2001-08-07
Nafta pesada,0.0,2001-08-07
Gasolina súper,195.2,2001-07-31
Gasolina plus 91,187.1,2001-07-31
Gasolina plus 91 pescadores,0.0,2001-07-31
Diésel ,136.6,2001-07-31
Diésel pescadores,0.0,2001-07-31
Keroseno,136.7,2001-07-31
Búnker,0.0,2001-07-31
Asfalto,0.0,2001-07-31
Diésel pesado o gasóleo,0.0,2001-07-31
Emulsión asfáltica,0.0,2001-07-31
LPG -mezcla 70-30,0.0,2001-07-31
Av-gas,204.7,2001-07-31
Jet A- general,127.8,2001-07-31
Nafta liviana,0.0,2001-07-31
Nafta pesada,0.0,2001-07-31
Gasolina súper,207.8,2001-07-10
Gasolina plus 91,198.0,2001-07-10
Diésel ,145.4,2001-07-10
Keroseno,130.8,2001-07-10
Búnker,0.0,2001-07-10
Asfalto,0.0,2001-07-10
Diésel pesado o gasóleo,0.0,2001-07-10
Emulsión asfáltica,0.0,2001-07-10
LPG -mezcla 70-30,0.0,2001-07-10
Av-gas,217.8,2001-07-10
Jet A- general,128.1,2001-07-10
Nafta liviana,0.0,2001-07-10
Nafta pesada,0.0,2001-07-10
Gasolina súper,207.8,2001-04-30
Gasolina plus 91,198.0,2001-04-30
Diésel ,145.4,2001-04-30
Keroseno,133.4,2001-04-30
Búnker,0.0,2001-04-30
Asfalto,0.0,2001-04-30
Diésel pesado o gasóleo,0.0,2001-04-30
Emulsión asfáltica,0.0,2001-04-30
LPG -mezcla 70-30,0.0,2001-04-30
Av-gas,220.5,2001-04-30
Jet A- general,129.1,2001-04-30
Nafta liviana,0.0,2001-04-30
Nafta pesada,0.0,2001-04-30
Gasolina súper,196.3,2001-04-02
Gasolina plus 91,187.0,2001-04-02
Diésel ,135.0,2001-04-02
Keroseno,123.0,2001-04-02
Av-gas,206.9,2001-04-02
Jet A- general,118.9,2001-04-02
Gasolina súper,201.6,2001-04-02
Gasolina plus 91,192.3,2001-04-02
Diésel ,140.4,2001-04-02
Keroseno,126.1,2001-04-02
Búnker,0.0,2001-04-02
Asfalto,0.0,2001-04-02
Diésel pesado o gasóleo,0.0,2001-04-02
Emulsión asfáltica,0.0,2001-04-02
LPG -mezcla 70-30,0.0,2001-04-02
Av-gas,211.6,2001-04-02
Jet A- general,122.9,2001-04-02
Nafta liviana,0.0,2001-04-02
Nafta pesada,0.0,2001-04-02
Gasolina súper,209.1,2001-03-05
Gasolina plus 91,199.0,2001-03-05
Diésel ,145.4,2001-03-05
Keroseno,134.5,2001-03-05
Av-gas,223.1,2001-03-05
Jet A- general,129.5,2001-03-05
Gasolina súper,204.8,2001-03-05
Gasolina plus 91,194.7,2001-03-05
Diésel ,141.1,2001-03-05
Keroseno,130.7,2001-03-05
Búnker,0.0,2001-03-05
Asfalto,0.0,2001-03-05
Diésel pesado o gasóleo,0.0,2001-03-05
Emulsión asfáltica,0.0,2001-03-05
LPG -mezcla 70-30,0.0,2001-03-05
Av-gas,222.6,2001-03-05
Jet A- general,129.0,2001-03-05
Nafta liviana,0.0,2001-03-05
Nafta pesada,0.0,2001-03-05
Gasolina súper,211.9,2001-02-06
Gasolina plus 91,201.4,2001-02-06
Diésel ,146.4,2001-02-06
Keroseno,137.0,2001-02-06
Búnker,0.0,2001-02-06
Asfalto,0.0,2001-02-06
Diésel pesado o gasóleo,0.0,2001-02-06
Emulsión asfáltica,0.0,2001-02-06
LPG -mezcla 70-30,0.0,2001-02-06
Av-gas,231.6,2001-02-06
Jet A- general,134.8,2001-02-06
Nafta liviana,0.0,2001-02-06
Nafta pesada,0.0,2001-02-06
Gasolina súper,197.0,2001-01-08
Gasolina plus 91,187.4,2001-01-08
Diésel ,135.3,2001-01-08
Keroseno,123.8,2001-01-08
Búnker,0.0,2001-01-08
Asfalto,0.0,2001-01-08
Diésel pesado o gasóleo,0.0,2001-01-08
Emulsión asfáltica,0.0,2001-01-08
LPG -mezcla 70-30,0.0,2001-01-08
Av-gas,212.8,2001-01-08
Jet A- general,122.6,2001-01-08
Nafta liviana,0.0,2001-01-08
Nafta pesada,0.0,2001-01-08
Gasolina súper,207.8,2000-12-18
Gasolina plus 91,197.6,2000-12-18
Diésel ,143.4,2000-12-18
Keroseno,133.4,2000-12-18
Búnker,0.0,2000-12-18
Asfalto,0.0,2000-12-18
Diésel pesado o gasóleo,0.0,2000-12-18
Emulsión asfáltica,0.0,2000-12-18
LPG -mezcla 70-30,0.0,2000-12-18
Av-gas,226.5,2000-12-18
Jet A- general,131.5,2000-12-18
Nafta liviana,0.0,2000-12-18
Nafta pesada,0.0,2000-12-18
Gasolina súper,214.6,2000-11-24
Gasolina plus 91,204.0,2000-11-24
Diésel ,148.4,2000-11-24
Keroseno,139.4,2000-11-24
Búnker,0.0,2000-11-24
Asfalto,0.0,2000-11-24
Diésel pesado o gasóleo,0.0,2000-11-24
Emulsión asfáltica,0.0,2000-11-24
LPG -mezcla 70-30,0.0,2000-11-24
Av-gas,235.0,2000-11-24
Jet A- general,137.0,2000-11-24
Nafta liviana,0.0,2000-11-24
Nafta pesada,0.0,2000-11-24
Gasolina súper,204.5,2000-09-08
Gasolina plus 91,194.5,2000-09-08
Diésel ,139.6,2000-09-08
Keroseno,126.7,2000-09-08
Búnker,0.0,2000-09-08
Asfalto,0.0,2000-09-08
Diésel pesado o gasóleo,0.0,2000-09-08
Emulsión asfáltica,0.0,2000-09-08
LPG -mezcla 70-30,0.0,2000-09-08
Av-gas,220.7,2000-09-08
Jet A- general,126.3,2000-09-08
Nafta liviana,0.0,2000-09-08
Nafta pesada,0.0,2000-09-08
Gasolina súper,195.6,2000-06-01
Gasolina plus 91,186.1,2000-06-01
Diésel ,133.9,2000-06-01
Keroseno,121.4,2000-06-01
Búnker,0.0,2000-06-01
Asfalto,0.0,2000-06-01
Diésel pesado o gasóleo,0.0,2000-06-01
Emulsión asfáltica,0.0,2000-06-01
LPG -mezcla 70-30,0.0,2000-06-01
Av-gas,210.5,2000-06-01
Jet A- general,120.7,2000-06-01
Nafta liviana,0.0,2000-06-01
Nafta pesada,0.0,2000-06-01
Gasolina súper,185.1,2000-04-12
Gasolina plus 91,176.0,2000-04-12
Diésel ,126.5,2000-04-12
Keroseno,114.7,2000-04-12
Búnker,0.0,2000-04-12
Asfalto,0.0,2000-04-12
Diésel pesado o gasóleo,0.0,2000-04-12
Emulsión asfáltica,0.0,2000-04-12
LPG -mezcla 70-30,0.0,2000-04-12
Av-gas,200.4,2000-04-12
Jet A- general,115.1,2000-04-12
Nafta liviana,0.0,2000-04-12
Nafta pesada,0.0,2000-04-12
Gasolina súper,193.2,2000-03-02
Gasolina plus 91,183.7,2000-03-02
Diésel ,130.0,2000-03-02
Keroseno,119.5,2000-03-02
Búnker,0.0,2000-03-02
Asfalto,0.0,2000-03-02
Diésel pesado o gasóleo,0.0,2000-03-02
Emulsión asfáltica,0.0,2000-03-02
LPG -mezcla 70-30,0.0,2000-03-02
Av-gas,209.7,2000-03-02
Jet A- general,120.2,2000-03-02
Nafta liviana,0.0,2000-03-02
Nafta pesada,0.0,2000-03-02
Gasolina súper,176.9,2000-02-03
Gasolina plus 91,168.2,2000-02-03
Diésel ,119.6,2000-02-03
Keroseno,109.8,2000-02-03
Búnker,0.0,2000-02-03
Asfalto,0.0,2000-02-03
Diésel pesado o gasóleo,0.0,2000-02-03
Emulsión asfáltica,0.0,2000-02-03
LPG -mezcla 70-30,0.0,2000-02-03
Av-gas,191.1,2000-02-03
Jet A- general,109.9,2000-02-03
Nafta liviana,0.0,2000-02-03
Nafta pesada,0.0,2000-02-03
