Fecha,ProductoID,NombreProducto,Categoria,EsImportado,UnidadMedida,Provincia,Canton,Distrito,PrecioColones,PrecioBaseReferencia,FactorCanasta
2021-05-01,1,Arroz grano entero 80%,Cereales,0,Kilogramo,San Jose,San Jose,Carmen,842.61,820,1.0260506048859923
2021-05-01,1,Arroz grano entero 80%,Cereales,0,Kilogramo,Alajuela,Alajuela,Alajuela,831.75,820,1.0047446678962588
2021-05-01,1,Arroz grano entero 80%,Cereales,0,Kilogramo,Cartago,Cartago,Oriental,812.49,820,1.0020259074814306
2021-05-01,1,Arroz grano entero 80%,Cereales,0,Kilogramo,Heredia,Heredia,Heredia,793.43,820,0.9794579866044328
2021-05-01,1,Arroz grano entero 80%,Cereales,0,Kilogramo,Limon,Limon,Limon,814.47,820,1.003119769154171
2021-05-01,2,Frijoles negros primera calidad,Leguminosas,0,Gramos,San Jose,San Jose,Carmen,1455.49,1450,1.0020704655392243
2021-05-01,2,Frijoles negros primera calidad,Leguminosas,0,Gramos,Alajuela,Alajuela,Alajuela,1518.83,1450,1.0437985186856769
2021-05-01,2,Frijoles negros primera calidad,Leguminosas,0,Gramos,Cartago,Cartago,Oriental,1490.32,1450,1.0324761810440408
2021-05-01,2,Frijoles negros primera calidad,Leguminosas,0,Gramos,Heredia,Heredia,Heredia,1430.62,1450,0.9858689782100999
2021-05-01,2,Frijoles negros primera calidad,Leguminosas,0,Gramos,Limon,Limon,Limon,1416.06,1450,0.9815145449343415
2021-05-01,3,Leche fluida corta duracion,Lacteos,0,Mililitros,San Jose,San Jose,Carmen,828.82,850,0.980343286542302
2021-05-01,3,Leche fluida corta duracion,Lacteos,0,Mililitros,Alajuela,Alajuela,Alajuela,812.36,850,0.950287874049771
2021-05-01,3,Leche fluida corta duracion,Lacteos,0,Mililitros,Cartago,Cartago,Oriental,898.85,850,1.0490098792847737
2021-05-01,3,Leche fluida corta duracion,Lacteos,0,Mililitros,Heredia,Heredia,Heredia,849.27,850,1.0000319980408194
2021-05-01,3,Leche fluida corta duracion,Lacteos,0,Mililitros,Limon,Limon,Limon,868.7,850,1.0214673345493668
2021-05-01,4,Tomate,Vegetales,0,Kilogramo,San Jose,San Jose,Carmen,1533.07,1500,1.0287099820271621
2021-05-01,4,Tomate,Vegetales,0,Kilogramo,Alajuela,Alajuela,Alajuela,1550.75,1500,1.0328095003356739
2021-05-01,4,Tomate,Vegetales,0,Kilogramo,Cartago,Cartago,Oriental,1548.75,1500,1.0295038238489933
2021-05-01,4,Tomate,Vegetales,0,Kilogramo,Heredia,Heredia,Heredia,1523.84,1500,1.0096130364394282
2021-05-01,4,Tomate,Vegetales,0,Kilogramo,Limon,Limon,Limon,1544.61,1500,1.0358809794719428
2021-05-01,5,Aceite vegetal,Grasas,1,Mililitros,San Jose,San Jose,Carmen,1512.33,1450,1.0411685250870781
2021-05-01,5,Aceite vegetal,Grasas,1,Mililitros,Alajuela,Alajuela,Alajuela,1481.33,1450,1.0265090485557775
2021-05-01,5,Aceite vegetal,Grasas,1,Mililitros,Cartago,Cartago,Oriental,1435.61,1450,0.9958972004202045
2021-05-01,5,Aceite vegetal,Grasas,1,Mililitros,Heredia,Heredia,Heredia,1481.7,1450,1.024390631820296
2021-05-01,5,Aceite vegetal,Grasas,1,Mililitros,Limon,Limon,Limon,1489.4,1450,1.0292915870037442
2021-06-01,1,Arroz grano entero 80%,Cereales,0,Kilogramo,San Jose,San Jose,Carmen,818.08,820,0.9871906678989765
2021-06-01,1,Arroz grano entero 80%,Cereales,0,Kilogramo,Alajuela,Alajuela,Alajuela,852.69,820,1.032187267236865
2021-06-01,1,Arroz grano entero 80%,Cereales,0,Kilogramo,Cartago,Cartago,Oriental,789.58,820,0.9743676162427558
2021-06-01,1,Arroz grano entero 80%,Cereales,0,Kilogramo,Heredia,Heredia,Heredia,849.82,820,1.0383911387341982
2021-06-01,1,Arroz grano entero 80%,Cereales,0,Kilogramo,Limon,Limon,Limon,794.39,820,0.9620123536580488
2021-06-01,2,Frijoles negros primera calidad,Leguminosas,0,Gramos,San Jose,San Jose,Carmen,1525.56,1450,1.0466391070755852
2021-06-01,2,Frijoles negros primera calidad,Leguminosas,0,Gramos,Alajuela,Alajuela,Alajuela,1475.02,1450,1.0165031615918636
2021-06-01,2,Frijoles negros primera calidad,Leguminosas,0,Gramos,Cartago,Cartago,Oriental,1501.24,1450,1.03897694658465
2021-06-01,2,Frijoles negros primera calidad,Leguminosas,0,Gramos,Heredia,Heredia,Heredia,1469.49,1450,1.0068298663524973
2021-06-01,2,Frijoles negros primera calidad,Leguminosas,0,Gramos,Limon,Limon,Limon,1391.63,1450,0.9664036862689789
2021-06-01,3,Leche fluida corta duracion,Lacteos,0,Mililitros,San Jose,San Jose,Carmen,810.73,850,0.9614371531820041
2021-06-01,3,Leche fluida corta duracion,Lacteos,0,Mililitros,Alajuela,Alajuela,Alajuela,858.3,850,1.0118671674009807
2021-06-01,3,Leche fluida corta duracion,Lacteos,0,Mililitros,Cartago,Cartago,Oriental,886.75,850,1.0383781734701016
2021-06-01,3,Leche fluida corta duracion,Lacteos,0,Mililitros,Heredia,Heredia,Heredia,857.11,850,1.0176421254430865
2021-06-01,3,Leche fluida corta duracion,Lacteos,0,Mililitros,Limon,Limon,Limon,827.4,850,0.9838765857094393
2021-06-01,4,Tomate,Vegetales,0,Kilogramo,San Jose,San Jose,Carmen,1501.59,1500,0.9967702961181507
2021-06-01,4,Tomate,Vegetales,0,Kilogramo,Alajuela,Alajuela,Alajuela,1486.55,1500,0.985134540348065
2021-06-01,4,Tomate,Vegetales,0,Kilogramo,Cartago,Cartago,Oriental,1527.49,1500,1.0143756563749564
2021-06-01,4,Tomate,Vegetales,0,Kilogramo,Heredia,Heredia,Heredia,1546.58,1500,1.0255985002048529
2021-06-01,4,Tomate,Vegetales,0,Kilogramo,Limon,Limon,Limon,1522.06,1500,1.0202839144671023
2021-06-01,5,Aceite vegetal,Grasas,1,Mililitros,San Jose,San Jose,Carmen,1458.64,1450,1.0095646893524284
2021-06-01,5,Aceite vegetal,Grasas,1,Mililitros,Alajuela,Alajuela,Alajuela,1404.54,1450,0.9633343159189439
2021-06-01,5,Aceite vegetal,Grasas,1,Mililitros,Cartago,Cartago,Oriental,1463.6,1450,1.0077404263890246
2021-06-01,5,Aceite vegetal,Grasas,1,Mililitros,Heredia,Heredia,Heredia,1412.8,1450,0.9781194829532656
2021-06-01,5,Aceite vegetal,Grasas,1,Mililitros,Limon,Limon,Limon,1473.59,1450,1.0135121629494428
2021-07-01,1,Arroz grano entero 80%,Cereales,0,Kilogramo,San Jose,San Jose,Carmen,846.87,820,1.0323098697160469
2021-07-01,1,Arroz grano entero 80%,Cereales,0,Kilogramo,Alajuela,Alajuela,Alajuela,826.7,820,1.0035937571524773
2021-07-01,1,Arroz grano entero 80%,Cereales,0,Kilogramo,Cartago,Cartago,Oriental,833.91,820,1.0263170903206462
2021-07-01,1,Arroz grano entero 80%,Cereales,0,Kilogramo,Heredia,Heredia,Heredia,833.75,820,1.0119190104108813
2021-07-01,1,Arroz grano entero 80%,Cereales,0,Kilogramo,Limon,Limon,Limon,797.39,820,0.9843889737218916
2021-07-01,2,Frijoles negros primera calidad,Leguminosas,0,Gramos,San Jose,San Jose,Carmen,1376.57,1450,0.952652530328913
2021-07-01,2,Frijoles negros primera calidad,Leguminosas,0,Gramos,Alajuela,Alajuela,Alajuela,1444.15,1450,0.9948733581314022
2021-07-01,2,Frijoles negros primera calidad,Leguminosas,0,Gramos,Cartago,Cartago,Oriental,1446.71,1450,1.001011039401996
2021-07-01,2,Frijoles negros primera calidad,Leguminosas,0,Gramos,Heredia,Heredia,Heredia,1449.87,1450,1.0035438245269384
2021-07-01,2,Frijoles negros primera calidad,Leguminosas,0,Gramos,Limon,Limon,Limon,1400.44,1450,0.963410051294285
2021-07-01,3,Leche fluida corta duracion,Lacteos,0,Mililitros,San Jose,San Jose,Carmen,837.64,850,0.9834131465007234
2021-07-01,3,Leche fluida corta duracion,Lacteos,0,Mililitros,Alajuela,Alajuela,Alajuela,866.24,850,1.0138727318380576
2021-07-01,3,Leche fluida corta duracion,Lacteos,0,Mililitros,Cartago,Cartago,Oriental,883.79,850,1.0454554765479236
2021-07-01,3,Leche fluida corta duracion,Lacteos,0,Mililitros,Heredia,Heredia,Heredia,864.04,850,1.0220643563036813
2021-07-01,3,Leche fluida corta duracion,Lacteos,0,Mililitros,Limon,Limon,Limon,811.6,850,0.9657119889564957
2021-07-01,4,Tomate,Vegetales,0,Kilogramo,San Jose,San Jose,Carmen,1556.37,1500,1.0346052106842576
2021-07-01,4,Tomate,Vegetales,0,Kilogramo,Alajuela,Alajuela,Alajuela,1576.31,1500,1.0476709383500122
2021-07-01,4,Tomate,Vegetales,0,Kilogramo,Cartago,Cartago,Oriental,1576.77,1500,1.0446732837520736
2021-07-01,4,Tomate,Vegetales,0,Kilogramo,Heredia,Heredia,Heredia,1482.53,1500,0.9858657709758071
2021-07-01,4,Tomate,Vegetales,0,Kilogramo,Limon,Limon,Limon,1459.9,1500,0.9777351582511374
2021-07-01,5,Aceite vegetal,Grasas,1,Mililitros,San Jose,San Jose,Carmen,1447.98,1450,0.9936391212600472
2021-07-01,5,Aceite vegetal,Grasas,1,Mililitros,Alajuela,Alajuela,Alajuela,1485.19,1450,1.028005484441722
2021-07-01,5,Aceite vegetal,Grasas,1,Mililitros,Cartago,Cartago,Oriental,1381.46,1450,0.9527651899599072
2021-07-01,5,Aceite vegetal,Grasas,1,Mililitros,Heredia,Heredia,Heredia,1395.74,1450,0.9644378520377827
2021-07-01,5,Aceite vegetal,Grasas,1,Mililitros,Limon,Limon,Limon,1464.3,1450,1.00524336779909
2021-08-01,1,Arroz grano entero 80%,Cereales,0,Kilogramo,San Jose,San Jose,Carmen,791.72,820,0.9542153639732558
2021-08-01,1,Arroz grano entero 80%,Cereales,0,Kilogramo,Alajuela,Alajuela,Alajuela,845.49,820,1.031907532470098
2021-08-01,1,Arroz grano entero 80%,Cereales,0,Kilogramo,Cartago,Cartago,Oriental,859.85,820,1.04416815405818
2021-08-01,1,Arroz grano entero 80%,Cereales,0,Kilogramo,Heredia,Heredia,Heredia,860.16,820,1.0481662661281999
2021-08-01,1,Arroz grano entero 80%,Cereales,0,Kilogramo,Limon,Limon,Limon,828.83,820,1.0043646105371595
2021-08-01,2,Frijoles negros primera calidad,Leguminosas,0,Gramos,San Jose,San Jose,Carmen,1490.89,1450,1.0235119609294823
2021-08-01,2,Frijoles negros primera calidad,Leguminosas,0,Gramos,Alajuela,Alajuela,Alajuela,1466.62,1450,1.013589501776821
2021-08-01,2,Frijoles negros primera calidad,Leguminosas,0,Gramos,Cartago,Cartago,Oriental,1441.69,1450,0.9938477798789127
2021-08-01,2,Frijoles negros primera calidad,Leguminosas,0,Gramos,Heredia,Heredia,Heredia,1396.92,1450,0.9676521515334234
2021-08-01,2,Frijoles negros primera calidad,Leguminosas,0,Gramos,Limon,Limon,Limon,1392.97,1450,0.9664209932578454
2021-08-01,3,Leche fluida corta duracion,Lacteos,0,Mililitros,San Jose,San Jose,Carmen,831.09,850,0.9703085439323806
2021-08-01,3,Leche fluida corta duracion,Lacteos,0,Mililitros,Alajuela,Alajuela,Alajuela,826.17,850,0.9725013180133805
2021-08-01,3,Leche fluida corta duracion,Lacteos,0,Mililitros,Cartago,Cartago,Oriental,890.7,850,1.0422577757144227
2021-08-01,3,Leche fluida corta duracion,Lacteos,0,Mililitros,Heredia,Heredia,Heredia,887.16,850,1.0371690696087728
2021-08-01,3,Leche fluida corta duracion,Lacteos,0,Mililitros,Limon,Limon,Limon,899.12,850,1.0481259732156665
2021-08-01,4,Tomate,Vegetales,0,Kilogramo,San Jose,San Jose,Carmen,1497.66,1500,0.9934228609427578
2021-08-01,4,Tomate,Vegetales,0,Kilogramo,Alajuela,Alajuela,Alajuela,1426.65,1500,0.9506973602126727
2021-08-01,4,Tomate,Vegetales,0,Kilogramo,Cartago,Cartago,Oriental,1488.09,1500,0.9916407852144398
2021-08-01,4,Tomate,Vegetales,0,Kilogramo,Heredia,Heredia,Heredia,1557.54,1500,1.042050777315307
2021-08-01,4,Tomate,Vegetales,0,Kilogramo,Limon,Limon,Limon,1472.26,1500,0.9775291903401121
2021-08-01,5,Aceite vegetal,Grasas,1,Mililitros,San Jose,San Jose,Carmen,1479.24,1450,1.0145469154310578
2021-08-01,5,Aceite vegetal,Grasas,1,Mililitros,Alajuela,Alajuela,Alajuela,1407.22,1450,0.9715349898293382
2021-08-01,5,Aceite vegetal,Grasas,1,Mililitros,Cartago,Cartago,Oriental,1445.49,1450,0.9917425360257517
2021-08-01,5,Aceite vegetal,Grasas,1,Mililitros,Heredia,Heredia,Heredia,1453.47,1450,0.9996941835530371
2021-08-01,5,Aceite vegetal,Grasas,1,Mililitros,Limon,Limon,Limon,1380.05,1450,0.9559631060585083
2021-09-01,1,Arroz grano entero 80%,Cereales,0,Kilogramo,San Jose,San Jose,Carmen,862.43,820,1.0397606438336362
2021-09-01,1,Arroz grano entero 80%,Cereales,0,Kilogramo,Alajuela,Alajuela,Alajuela,856.75,820,1.0401416551345197
2021-09-01,1,Arroz grano entero 80%,Cereales,0,Kilogramo,Cartago,Cartago,Oriental,807.92,820,0.9790223408889491
2021-09-01,1,Arroz grano entero 80%,Cereales,0,Kilogramo,Heredia,Heredia,Heredia,827.04,820,0.9998348082500867
2021-09-01,1,Arroz grano entero 80%,Cereales,0,Kilogramo,Limon,Limon,Limon,847.27,820,1.042126321127571
2021-09-01,2,Frijoles negros primera calidad,Leguminosas,0,Gramos,San Jose,San Jose,Carmen,1499.86,1450,1.0386211053311722
2021-09-01,2,Frijoles negros primera calidad,Leguminosas,0,Gramos,Alajuela,Alajuela,Alajuela,1393.74,1450,0.9595622785560658
2021-09-01,2,Frijoles negros primera calidad,Leguminosas,0,Gramos,Cartago,Cartago,Oriental,1490.53,1450,1.0279747541241775
2021-09-01,2,Frijoles negros primera calidad,Leguminosas,0,Gramos,Heredia,Heredia,Heredia,1466.68,1450,1.0052196927368777
2021-09-01,2,Frijoles negros primera calidad,Leguminosas,0,Gramos,Limon,Limon,Limon,1456.27,1450,1.0027239420432992
2021-09-01,3,Leche fluida corta duracion,Lacteos,0,Mililitros,San Jose,San Jose,Carmen,822.77,850,0.9577769702813869
2021-09-01,3,Leche fluida corta duracion,Lacteos,0,Mililitros,Alajuela,Alajuela,Alajuela,892.48,850,1.0489617886794707
2021-09-01,3,Leche fluida corta duracion,Lacteos,0,Mililitros,Cartago,Cartago,Oriental,853.96,850,1.0018117925242764
2021-09-01,3,Leche fluida corta duracion,Lacteos,0,Mililitros,Heredia,Heredia,Heredia,834.03,850,0.969563109213064
2021-09-01,3,Leche fluida corta duracion,Lacteos,0,Mililitros,Limon,Limon,Limon,872.37,850,1.014996843130463
2021-09-01,4,Tomate,Vegetales,0,Kilogramo,San Jose,San Jose,Carmen,1543.89,1500,1.0294770108573992
2021-09-01,4,Tomate,Vegetales,0,Kilogramo,Alajuela,Alajuela,Alajuela,1479.48,1500,0.9883157828580209
2021-09-01,4,Tomate,Vegetales,0,Kilogramo,Cartago,Cartago,Oriental,1441.53,1500,0.9640452152767269
2021-09-01,4,Tomate,Vegetales,0,Kilogramo,Heredia,Heredia,Heredia,1565.2,1500,1.0441009772305843
2021-09-01,4,Tomate,Vegetales,0,Kilogramo,Limon,Limon,Limon,1527.65,1500,1.0214999911779066
2021-09-01,5,Aceite vegetal,Grasas,1,Mililitros,San Jose,San Jose,Carmen,1422.5,1450,0.9828224432859077
2021-09-01,5,Aceite vegetal,Grasas,1,Mililitros,Alajuela,Alajuela,Alajuela,1465.89,1450,1.006451307630792
2021-09-01,5,Aceite vegetal,Grasas,1,Mililitros,Cartago,Cartago,Oriental,1474.95,1450,1.012579596992839
2021-09-01,5,Aceite vegetal,Grasas,1,Mililitros,Heredia,Heredia,Heredia,1517.48,1450,1.0406026930377519
2021-09-01,5,Aceite vegetal,Grasas,1,Mililitros,Limon,Limon,Limon,1393.64,1450,0.9642892602107097
2021-10-01,1,Arroz grano entero 80%,Cereales,0,Kilogramo,San Jose,San Jose,Carmen,860.14,820,1.0428690088982546
2021-10-01,1,Arroz grano entero 80%,Cereales,0,Kilogramo,Alajuela,Alajuela,Alajuela,811.89,820,0.9932034278153634
2021-10-01,1,Arroz grano entero 80%,Cereales,0,Kilogramo,Cartago,Cartago,Oriental,849.86,820,1.0471453131066988
2021-10-01,1,Arroz grano entero 80%,Cereales,0,Kilogramo,Heredia,Heredia,Heredia,807.71,820,0.9931526015544482
2021-10-01,1,Arroz grano entero 80%,Cereales,0,Kilogramo,Limon,Limon,Limon,795.52,820,0.982190405493327
2021-10-01,2,Frijoles negros primera calidad,Leguminosas,0,Gramos,San Jose,San Jose,Carmen,1439.58,1450,0.9870286949857565
2021-10-01,2,Frijoles negros primera calidad,Leguminosas,0,Gramos,Alajuela,Alajuela,Alajuela,1504.27,1450,1.0387865946803374
2021-10-01,2,Frijoles negros primera calidad,Leguminosas,0,Gramos,Cartago,Cartago,Oriental,1457.68,1450,1.000474739040607
2021-10-01,2,Frijoles negros primera calidad,Leguminosas,0,Gramos,Heredia,Heredia,Heredia,1388.53,1450,0.9554581265205813
2021-10-01,2,Frijoles negros primera calidad,Leguminosas,0,Gramos,Limon,Limon,Limon,1461.0,1450,1.0112183980759504
2021-10-01,3,Leche fluida corta duracion,Lacteos,0,Mililitros,San Jose,San Jose,Carmen,867.64,850,1.0127988406950743
2021-10-01,3,Leche fluida corta duracion,Lacteos,0,Mililitros,Alajuela,Alajuela,Alajuela,839.15,850,0.9938255728214422
2021-10-01,3,Leche fluida corta duracion,Lacteos,0,Mililitros,Cartago,Cartago,Oriental,837.58,850,0.9848337989889371
2021-10-01,3,Leche fluida corta duracion,Lacteos,0,Mililitros,Heredia,Heredia,Heredia,850.93,850,0.9949278244107295
2021-10-01,3,Leche fluida corta duracion,Lacteos,0,Mililitros,Limon,Limon,Limon,849.58,850,0.9980480997030625
2021-10-01,4,Tomate,Vegetales,0,Kilogramo,San Jose,San Jose,Carmen,1430.45,1500,0.9573457449517351
2021-10-01,4,Tomate,Vegetales,0,Kilogramo,Alajuela,Alajuela,Alajuela,1543.78,1500,1.0294277123180966
2021-10-01,4,Tomate,Vegetales,0,Kilogramo,Cartago,Cartago,Oriental,1473.81,1500,0.9799985389084193
2021-10-01,4,Tomate,Vegetales,0,Kilogramo,Heredia,Heredia,Heredia,1563.6,1500,1.0431946376218224
2021-10-01,4,Tomate,Vegetales,0,Kilogramo,Limon,Limon,Limon,1546.88,1500,1.0254257184653732
2021-10-01,5,Aceite vegetal,Grasas,1,Mililitros,San Jose,San Jose,Carmen,1515.92,1450,1.0450600404016532
2021-10-01,5,Aceite vegetal,Grasas,1,Mililitros,Alajuela,Alajuela,Alajuela,1480.44,1450,1.0202769379835805
2021-10-01,5,Aceite vegetal,Grasas,1,Mililitros,Cartago,Cartago,Oriental,1440.27,1450,0.9939714041964245
2021-10-01,5,Aceite vegetal,Grasas,1,Mililitros,Heredia,Heredia,Heredia,1385.26,1450,0.9532176852669404
2021-10-01,5,Aceite vegetal,Grasas,1,Mililitros,Limon,Limon,Limon,1479.09,1450,1.0149075769036628
2021-11-01,1,Arroz grano entero 80%,Cereales,0,Kilogramo,San Jose,San Jose,Carmen,784.36,820,0.9545057697514232
2021-11-01,1,Arroz grano entero 80%,Cereales,0,Kilogramo,Alajuela,Alajuela,Alajuela,791.45,820,0.9688435750444166
2021-11-01,1,Arroz grano entero 80%,Cereales,0,Kilogramo,Cartago,Cartago,Oriental,837.89,820,1.020371804318547
2021-11-01,1,Arroz grano entero 80%,Cereales,0,Kilogramo,Heredia,Heredia,Heredia,861.14,820,1.0415477745122463
2021-11-01,1,Arroz grano entero 80%,Cereales,0,Kilogramo,Limon,Limon,Limon,860.21,820,1.0379584253129261
2021-11-01,2,Frijoles negros primera calidad,Leguminosas,0,Gramos,San Jose,San Jose,Carmen,1433.83,1450,0.9924779667156658
2021-11-01,2,Frijoles negros primera calidad,Leguminosas,0,Gramos,Alajuela,Alajuela,Alajuela,1503.89,1450,1.0338757448794662
2021-11-01,2,Frijoles negros primera calidad,Leguminosas,0,Gramos,Cartago,Cartago,Oriental,1452.6,1450,0.9949883947216869
2021-11-01,2,Frijoles negros primera calidad,Leguminosas,0,Gramos,Heredia,Heredia,Heredia,1508.04,1450,1.0440468428886909
2021-11-01,2,Frijoles negros primera calidad,Leguminosas,0,Gramos,Limon,Limon,Limon,1478.37,1450,1.0166091614265194
2021-11-01,3,Leche fluida corta duracion,Lacteos,0,Mililitros,San Jose,San Jose,Carmen,875.81,850,1.0332604647705432
2021-11-01,3,Leche fluida corta duracion,Lacteos,0,Mililitros,Alajuela,Alajuela,Alajuela,853.32,850,1.014544519131672
2021-11-01,3,Leche fluida corta duracion,Lacteos,0,Mililitros,Cartago,Cartago,Oriental,891.43,850,1.041619112930209
2021-11-01,3,Leche fluida corta duracion,Lacteos,0,Mililitros,Heredia,Heredia,Heredia,818.08,850,0.9514504213919309
2021-11-01,3,Leche fluida corta duracion,Lacteos,0,Mililitros,Limon,Limon,Limon,888.34,850,1.040649149283924
2021-11-01,4,Tomate,Vegetales,0,Kilogramo,San Jose,San Jose,Carmen,1505.96,1500,1.006092239891916
2021-11-01,4,Tomate,Vegetales,0,Kilogramo,Alajuela,Alajuela,Alajuela,1510.94,1500,1.0009320458558373
2021-11-01,4,Tomate,Vegetales,0,Kilogramo,Cartago,Cartago,Oriental,1475.39,1500,0.9853518900077962
2021-11-01,4,Tomate,Vegetales,0,Kilogramo,Heredia,Heredia,Heredia,1503.44,1500,1.0000376861737268
2021-11-01,4,Tomate,Vegetales,0,Kilogramo,Limon,Limon,Limon,1502.1,1500,1.0061089510947836
2021-11-01,5,Aceite vegetal,Grasas,1,Mililitros,San Jose,San Jose,Carmen,1488.61,1450,1.020112781480554
2021-11-01,5,Aceite vegetal,Grasas,1,Mililitros,Alajuela,Alajuela,Alajuela,1383.3,1450,0.9542674668169251
2021-11-01,5,Aceite vegetal,Grasas,1,Mililitros,Cartago,Cartago,Oriental,1498.69,1450,1.0276871327955763
2021-11-01,5,Aceite vegetal,Grasas,1,Mililitros,Heredia,Heredia,Heredia,1496.17,1450,1.0301136500141372
2021-11-01,5,Aceite vegetal,Grasas,1,Mililitros,Limon,Limon,Limon,1500.46,1450,1.029634868460449
2021-12-01,1,Arroz grano entero 80%,Cereales,0,Kilogramo,San Jose,San Jose,Carmen,858.46,820,1.0373127729479712
2021-12-01,1,Arroz grano entero 80%,Cereales,0,Kilogramo,Alajuela,Alajuela,Alajuela,855.55,820,1.03718716772225
2021-12-01,1,Arroz grano entero 80%,Cereales,0,Kilogramo,Cartago,Cartago,Oriental,784.9,820,0.9679015306945722
2021-12-01,1,Arroz grano entero 80%,Cereales,0,Kilogramo,Heredia,Heredia,Heredia,790.79,820,0.9745256872941188
2021-12-01,1,Arroz grano entero 80%,Cereales,0,Kilogramo,Limon,Limon,Limon,851.01,820,1.0447869371451588
2021-12-01,2,Frijoles negros primera calidad,Leguminosas,0,Gramos,San Jose,San Jose,Carmen,1386.94,1450,0.9559654347398285
2021-12-01,2,Frijoles negros primera calidad,Leguminosas,0,Gramos,Alajuela,Alajuela,Alajuela,1512.92,1450,1.0453614442283545
2021-12-01,2,Frijoles negros primera calidad,Leguminosas,0,Gramos,Cartago,Cartago,Oriental,1400.79,1450,0.9597051030455019
2021-12-01,2,Frijoles negros primera calidad,Leguminosas,0,Gramos,Heredia,Heredia,Heredia,1461.29,1450,1.0042402116470894
2021-12-01,2,Frijoles negros primera calidad,Leguminosas,0,Gramos,Limon,Limon,Limon,1406.76,1450,0.9770624765764879
2021-12-01,3,Leche fluida corta duracion,Lacteos,0,Mililitros,San Jose,San Jose,Carmen,824.35,850,0.9796222208002872
2021-12-01,3,Leche fluida corta duracion,Lacteos,0,Mililitros,Alajuela,Alajuela,Alajuela,802.98,850,0.9560217518355922
2021-12-01,3,Leche fluida corta duracion,Lacteos,0,Mililitros,Cartago,Cartago,Oriental,825.32,850,0.9758876439124765
2021-12-01,3,Leche fluida corta duracion,Lacteos,0,Mililitros,Heredia,Heredia,Heredia,848.28,850,0.9958981819979928
2021-12-01,3,Leche fluida corta duracion,Lacteos,0,Mililitros,Limon,Limon,Limon,830.03,850,0.975036006547964
2021-12-01,4,Tomate,Vegetales,0,Kilogramo,San Jose,San Jose,Carmen,1444.36,1500,0.9694492401918458
2021-12-01,4,Tomate,Vegetales,0,Kilogramo,Alajuela,Alajuela,Alajuela,1442.08,1500,0.9632379424865619
2021-12-01,4,Tomate,Vegetales,0,Kilogramo,Cartago,Cartago,Oriental,1535.11,1500,1.0211426287433716
2021-12-01,4,Tomate,Vegetales,0,Kilogramo,Heredia,Heredia,Heredia,1456.17,1500,0.9707942257601873
2021-12-01,4,Tomate,Vegetales,0,Kilogramo,Limon,Limon,Limon,1490.69,1500,1.0001461372474107
2021-12-01,5,Aceite vegetal,Grasas,1,Mililitros,San Jose,San Jose,Carmen,1451.57,1450,0.9961725814811921
2021-12-01,5,Aceite vegetal,Grasas,1,Mililitros,Alajuela,Alajuela,Alajuela,1469.82,1450,1.0127019633703562
2021-12-01,5,Aceite vegetal,Grasas,1,Mililitros,Cartago,Cartago,Oriental,1396.3,1450,0.9652146143270421
2021-12-01,5,Aceite vegetal,Grasas,1,Mililitros,Heredia,Heredia,Heredia,1529.36,1450,1.0495840609406215
2021-12-01,5,Aceite vegetal,Grasas,1,Mililitros,Limon,Limon,Limon,1458.69,1450,1.011710213010385
2022-01-01,1,Arroz grano entero 80%,Cereales,0,Kilogramo,San Jose,San Jose,Carmen,804.89,820,0.9815777340663357
2022-01-01,1,Arroz grano entero 80%,Cereales,0,Kilogramo,Alajuela,Alajuela,Alajuela,815.87,820,0.99476352018099
2022-01-01,1,Arroz grano entero 80%,Cereales,0,Kilogramo,Cartago,Cartago,Oriental,838.5,820,1.013111920783775
2022-01-01,1,Arroz grano entero 80%,Cereales,0,Kilogramo,Heredia,Heredia,Heredia,802.66,820,0.9734855502094207
2022-01-01,1,Arroz grano entero 80%,Cereales,0,Kilogramo,Limon,Limon,Limon,794.64,820,0.9648216543750153
2022-01-01,2,Frijoles negros primera calidad,Leguminosas,0,Gramos,San Jose,San Jose,Carmen,1381.56,1450,0.9574506674742792
2022-01-01,2,Frijoles negros primera calidad,Leguminosas,0,Gramos,Alajuela,Alajuela,Alajuela,1515.89,1450,1.0443721785564641
2022-01-01,2,Frijoles negros primera calidad,Leguminosas,0,Gramos,Cartago,Cartago,Oriental,1380.7,1450,0.9522377197986083
2022-01-01,2,Frijoles negros primera calidad,Leguminosas,0,Gramos,Heredia,Heredia,Heredia,1432.71,1450,0.987632710202048
2022-01-01,2,Frijoles negros primera calidad,Leguminosas,0,Gramos,Limon,Limon,Limon,1412.35,1450,0.9701815208005516
2022-01-01,3,Leche fluida corta duracion,Lacteos,0,Mililitros,San Jose,San Jose,Carmen,860.61,850,1.0142446399880196
2022-01-01,3,Leche fluida corta duracion,Lacteos,0,Mililitros,Alajuela,Alajuela,Alajuela,844.05,850,0.9837448537792092
2022-01-01,3,Leche fluida corta duracion,Lacteos,0,Mililitros,Cartago,Cartago,Oriental,843.68,850,1.0015567198557256
2022-01-01,3,Leche fluida corta duracion,Lacteos,0,Mililitros,Heredia,Heredia,Heredia,830.42,850,0.9877161028099313
2022-01-01,3,Leche fluida corta duracion,Lacteos,0,Mililitros,Limon,Limon,Limon,841.99,850,0.9826255304655294
2022-01-01,4,Tomate,Vegetales,0,Kilogramo,San Jose,San Jose,Carmen,1463.57,1500,0.9772807030753798
2022-01-01,4,Tomate,Vegetales,0,Kilogramo,Alajuela,Alajuela,Alajuela,1457.79,1500,0.9730629718919659
2022-01-01,4,Tomate,Vegetales,0,Kilogramo,Cartago,Cartago,Oriental,1466.9,1500,0.9787927775970395
2022-01-01,4,Tomate,Vegetales,0,Kilogramo,Heredia,Heredia,Heredia,1564.76,1500,1.0409063353097334
2022-01-01,4,Tomate,Vegetales,0,Kilogramo,Limon,Limon,Limon,1536.73,1500,1.0273566837183412
2022-01-01,5,Aceite vegetal,Grasas,1,Mililitros,San Jose,San Jose,Carmen,1413.38,1450,0.9681462158891173
2022-01-01,5,Aceite vegetal,Grasas,1,Mililitros,Alajuela,Alajuela,Alajuela,1494.27,1450,1.0243030937576485
2022-01-01,5,Aceite vegetal,Grasas,1,Mililitros,Cartago,Cartago,Oriental,1507.47,1450,1.0369344289673317
2022-01-01,5,Aceite vegetal,Grasas,1,Mililitros,Heredia,Heredia,Heredia,1461.24,1450,1.0084577095198177
2022-01-01,5,Aceite vegetal,Grasas,1,Mililitros,Limon,Limon,Limon,1491.11,1450,1.029515349024885
2022-02-01,1,Arroz grano entero 80%,Cereales,0,Kilogramo,San Jose,San Jose,Carmen,792.91,820,0.9584787582530696
2022-02-01,1,Arroz grano entero 80%,Cereales,0,Kilogramo,Alajuela,Alajuela,Alajuela,816.39,820,0.9994220853494924
2022-02-01,1,Arroz grano entero 80%,Cereales,0,Kilogramo,Cartago,Cartago,Oriental,814.34,820,0.988604124535017
2022-02-01,1,Arroz grano entero 80%,Cereales,0,Kilogramo,Heredia,Heredia,Heredia,792.14,820,0.9713888111781918
2022-02-01,1,Arroz grano entero 80%,Cereales,0,Kilogramo,Limon,Limon,Limon,848.41,820,1.0371045568874835
2022-02-01,2,Frijoles negros primera calidad,Leguminosas,0,Gramos,San Jose,San Jose,Carmen,1496.01,1450,1.0312029095829744
2022-02-01,2,Frijoles negros primera calidad,Leguminosas,0,Gramos,Alajuela,Alajuela,Alajuela,1378.5,1450,0.9541504537866192
2022-02-01,2,Frijoles negros primera calidad,Leguminosas,0,Gramos,Cartago,Cartago,Oriental,1456.21,1450,1.0095166009080543
2022-02-01,2,Frijoles negros primera calidad,Leguminosas,0,Gramos,Heredia,Heredia,Heredia,1405.7,1450,0.9652630694107031
2022-02-01,2,Frijoles negros primera calidad,Leguminosas,0,Gramos,Limon,Limon,Limon,1407.34,1450,0.9703178415864004
2022-02-01,3,Leche fluida corta duracion,Lacteos,0,Mililitros,San Jose,San Jose,Carmen,826.2,850,0.9697787204831833
2022-02-01,3,Leche fluida corta duracion,Lacteos,0,Mililitros,Alajuela,Alajuela,Alajuela,838.31,850,0.9762396738075296
2022-02-01,3,Leche fluida corta duracion,Lacteos,0,Mililitros,Cartago,Cartago,Oriental,895.83,850,1.0474487762360967
2022-02-01,3,Leche fluida corta duracion,Lacteos,0,Mililitros,Heredia,Heredia,Heredia,879.58,850,1.0408702155614746
2022-02-01,3,Leche fluida corta duracion,Lacteos,0,Mililitros,Limon,Limon,Limon,845.53,850,0.9976473111063442
2022-02-01,4,Tomate,Vegetales,0,Kilogramo,San Jose,San Jose,Carmen,1569.62,1500,1.0402384181350632
2022-02-01,4,Tomate,Vegetales,0,Kilogramo,Alajuela,Alajuela,Alajuela,1520.16,1500,1.0115777584081154
2022-02-01,4,Tomate,Vegetales,0,Kilogramo,Cartago,Cartago,Oriental,1433.61,1500,0.9554127884322331
2022-02-01,4,Tomate,Vegetales,0,Kilogramo,Heredia,Heredia,Heredia,1540.86,1500,1.0326459330398057
2022-02-01,4,Tomate,Vegetales,0,Kilogramo,Limon,Limon,Limon,1453.86,1500,0.9657196938434645
2022-02-01,5,Aceite vegetal,Grasas,1,Mililitros,San Jose,San Jose,Carmen,1491.46,1450,1.0280361709097137
2022-02-01,5,Aceite vegetal,Grasas,1,Mililitros,Alajuela,Alajuela,Alajuela,1389.86,1450,0.9529818702472908
2022-02-01,5,Aceite vegetal,Grasas,1,Mililitros,Cartago,Cartago,Oriental,1383.44,1450,0.9529001751498785
2022-02-01,5,Aceite vegetal,Grasas,1,Mililitros,Heredia,Heredia,Heredia,1476.97,1450,1.0130429618078407
2022-02-01,5,Aceite vegetal,Grasas,1,Mililitros,Limon,Limon,Limon,1401.72,1450,0.9668281990622982
2022-03-01,1,Arroz grano entero 80%,Cereales,0,Kilogramo,San Jose,San Jose,Carmen,860.77,820,1.0460906453221996
2022-03-01,1,Arroz grano entero 80%,Cereales,0,Kilogramo,Alajuela,Alajuela,Alajuela,805.15,820,0.9727755464673264
2022-03-01,1,Arroz grano entero 80%,Cereales,0,Kilogramo,Cartago,Cartago,Oriental,829.08,820,1.0047511031761005
2022-03-01,1,Arroz grano entero 80%,Cereales,0,Kilogramo,Heredia,Heredia,Heredia,798.8,820,0.9862266571677986
2022-03-01,1,Arroz grano entero 80%,Cereales,0,Kilogramo,Limon,Limon,Limon,829.3,820,1.0183413314686631
2022-03-01,2,Frijoles negros primera calidad,Leguminosas,0,Gramos,San Jose,San Jose,Carmen,1474.44,1450,1.0209378556818174
2022-03-01,2,Frijoles negros primera calidad,Leguminosas,0,Gramos,Alajuela,Alajuela,Alajuela,1440.27,1450,0.9934519452958428
2022-03-01,2,Frijoles negros primera calidad,Leguminosas,0,Gramos,Cartago,Cartago,Oriental,1453.77,1450,1.009408812214438
2022-03-01,2,Frijoles negros primera calidad,Leguminosas,0,Gramos,Heredia,Heredia,Heredia,1509.93,1450,1.0365587819272943
2022-03-01,2,Frijoles negros primera calidad,Leguminosas,0,Gramos,Limon,Limon,Limon,1423.01,1450,0.9762961506304025
2022-03-01,3,Leche fluida corta duracion,Lacteos,0,Mililitros,San Jose,San Jose,Carmen,808.99,850,0.9510229595455196
2022-03-01,3,Leche fluida corta duracion,Lacteos,0,Mililitros,Alajuela,Alajuela,Alajuela,810.12,850,0.9591114873107328
2022-03-01,3,Leche fluida corta duracion,Lacteos,0,Mililitros,Cartago,Cartago,Oriental,844.42,850,0.9968144308415982
2022-03-01,3,Leche fluida corta duracion,Lacteos,0,Mililitros,Heredia,Heredia,Heredia,825.5,850,0.9691894087228904
2022-03-01,3,Leche fluida corta duracion,Lacteos,0,Mililitros,Limon,Limon,Limon,873.66,850,1.0230466425845115
2022-03-01,4,Tomate,Vegetales,0,Kilogramo,San Jose,San Jose,Carmen,1553.66,1500,1.035904471626777
2022-03-01,4,Tomate,Vegetales,0,Kilogramo,Alajuela,Alajuela,Alajuela,1534.56,1500,1.0213990289196564
2022-03-01,4,Tomate,Vegetales,0,Kilogramo,Cartago,Cartago,Oriental,1547.43,1500,1.0260108524279856
2022-03-01,4,Tomate,Vegetales,0,Kilogramo,Heredia,Heredia,Heredia,1572.39,1500,1.0481059669071615
2022-03-01,4,Tomate,Vegetales,0,Kilogramo,Limon,Limon,Limon,1444.93,1500,0.968594625413237
2022-03-01,5,Aceite vegetal,Grasas,1,Mililitros,San Jose,San Jose,Carmen,1458.35,1450,1.0122956190954866
2022-03-01,5,Aceite vegetal,Grasas,1,Mililitros,Alajuela,Alajuela,Alajuela,1460.18,1450,1.0135371506681357
2022-03-01,5,Aceite vegetal,Grasas,1,Mililitros,Cartago,Cartago,Oriental,1418.65,1450,0.9817246363869402
2022-03-01,5,Aceite vegetal,Grasas,1,Mililitros,Heredia,Heredia,Heredia,1467.79,1450,1.0124370229022366
2022-03-01,5,Aceite vegetal,Grasas,1,Mililitros,Limon,Limon,Limon,1527.24,1450,1.0474761902685688
2022-04-01,1,Arroz grano entero 80%,Cereales,0,Kilogramo,San Jose,San Jose,Carmen,836.71,820,1.0160393116656323
2022-04-01,1,Arroz grano entero 80%,Cereales,0,Kilogramo,Alajuela,Alajuela,Alajuela,780.32,820,0.9567374754884357
2022-04-01,1,Arroz grano entero 80%,Cereales,0,Kilogramo,Cartago,Cartago,Oriental,850.47,820,1.0421278652853112
2022-04-01,1,Arroz grano entero 80%,Cereales,0,Kilogramo,Heredia,Heredia,Heredia,797.96,820,0.9633705680913407
2022-04-01,1,Arroz grano entero 80%,Cereales,0,Kilogramo,Limon,Limon,Limon,840.82,820,1.037375146497405
2022-04-01,2,Frijoles negros primera calidad,Leguminosas,0,Gramos,San Jose,San Jose,Carmen,1491.17,1450,1.028229120014349
2022-04-01,2,Frijoles negros primera calidad,Leguminosas,0,Gramos,Alajuela,Alajuela,Alajuela,1464.64,1450,1.0165901514941595
2022-04-01,2,Frijoles negros primera calidad,Leguminosas,0,Gramos,Cartago,Cartago,Oriental,1408.72,1450,0.9764544192946172
2022-04-01,2,Frijoles negros primera calidad,Leguminosas,0,Gramos,Heredia,Heredia,Heredia,1515.67,1450,1.0406000654416478
2022-04-01,2,Frijoles negros primera calidad,Leguminosas,0,Gramos,Limon,Limon,Limon,1412.05,1450,0.978562729914147
2022-04-01,3,Leche fluida corta duracion,Lacteos,0,Mililitros,San Jose,San Jose,Carmen,834.94,850,0.9817981718909905
2022-04-01,3,Leche fluida corta duracion,Lacteos,0,Mililitros,Alajuela,Alajuela,Alajuela,841.22,850,0.9955321888332785
2022-04-01,3,Leche fluida corta duracion,Lacteos,0,Mililitros,Cartago,Cartago,Oriental,822.43,850,0.9712502334858526
2022-04-01,3,Leche fluida corta duracion,Lacteos,0,Mililitros,Heredia,Heredia,Heredia,884.25,850,1.0435868163778614
2022-04-01,3,Leche fluida corta duracion,Lacteos,0,Mililitros,Limon,Limon,Limon,860.59,850,1.0104505877603336
2022-04-01,4,Tomate,Vegetales,0,Kilogramo,San Jose,San Jose,Carmen,1459.35,1500,0.9700097234097198
2022-04-01,4,Tomate,Vegetales,0,Kilogramo,Alajuela,Alajuela,Alajuela,1448.45,1500,0.9671211986198549
2022-04-01,4,Tomate,Vegetales,0,Kilogramo,Cartago,Cartago,Oriental,1438.12,1500,0.9563896208781744
2022-04-01,4,Tomate,Vegetales,0,Kilogramo,Heredia,Heredia,Heredia,1439.53,1500,0.9530734810222242
2022-04-01,4,Tomate,Vegetales,0,Kilogramo,Limon,Limon,Limon,1489.02,1500,0.9929792833079104
2022-04-01,5,Aceite vegetal,Grasas,1,Mililitros,San Jose,San Jose,Carmen,1408.44,1450,0.9665898931244751
2022-04-01,5,Aceite vegetal,Grasas,1,Mililitros,Alajuela,Alajuela,Alajuela,1469.03,1450,1.011009448864435
2022-04-01,5,Aceite vegetal,Grasas,1,Mililitros,Cartago,Cartago,Oriental,1394.42,1450,0.9603884355434041
2022-04-01,5,Aceite vegetal,Grasas,1,Mililitros,Heredia,Heredia,Heredia,1490.97,1450,1.030437888625359
2022-04-01,5,Aceite vegetal,Grasas,1,Mililitros,Limon,Limon,Limon,1393.48,1450,0.9572181069099251
2022-05-01,1,Arroz grano entero 80%,Cereales,0,Kilogramo,San Jose,San Jose,Carmen,785.14,820,0.9652918840052034
2022-05-01,1,Arroz grano entero 80%,Cereales,0,Kilogramo,Alajuela,Alajuela,Alajuela,789.24,820,0.9632551766607904
2022-05-01,1,Arroz grano entero 80%,Cereales,0,Kilogramo,Cartago,Cartago,Oriental,839.7,820,1.0137377209998906
2022-05-01,1,Arroz grano entero 80%,Cereales,0,Kilogramo,Heredia,Heredia,Heredia,821.74,820,1.0083911074016756
2022-05-01,1,Arroz grano entero 80%,Cereales,0,Kilogramo,Limon,Limon,Limon,792.32,820,0.9743144212510214
2022-05-01,2,Frijoles negros primera calidad,Leguminosas,0,Gramos,San Jose,San Jose,Carmen,1468.3,1450,1.0099375461475852
2022-05-01,2,Frijoles negros primera calidad,Leguminosas,0,Gramos,Alajuela,Alajuela,Alajuela,1380.9,1450,0.9520316110856143
2022-05-01,2,Frijoles negros primera calidad,Leguminosas,0,Gramos,Cartago,Cartago,Oriental,1513.08,1450,1.0475248689190648
2022-05-01,2,Frijoles negros primera calidad,Leguminosas,0,Gramos,Heredia,Heredia,Heredia,1403.22,1450,0.971554311553479
2022-05-01,2,Frijoles negros primera calidad,Leguminosas,0,Gramos,Limon,Limon,Limon,1503.73,1450,1.0429802373426507
2022-05-01,3,Leche fluida corta duracion,Lacteos,0,Mililitros,San Jose,San Jose,Carmen,837.96,850,0.9865578309964245
2022-05-01,3,Leche fluida corta duracion,Lacteos,0,Mililitros,Alajuela,Alajuela,Alajuela,881.79,850,1.043788381369787
2022-05-01,3,Leche fluida corta duracion,Lacteos,0,Mililitros,Cartago,Cartago,Oriental,854.2,850,1.0019481895245446
2022-05-01,3,Leche fluida corta duracion,Lacteos,0,Mililitros,Heredia,Heredia,Heredia,830.11,850,0.9674887598737236
2022-05-01,3,Leche fluida corta duracion,Lacteos,0,Mililitros,Limon,Limon,Limon,802.18,850,0.9534969558669429
2022-05-01,4,Tomate,Vegetales,0,Kilogramo,San Jose,San Jose,Carmen,1525.77,1500,1.0181462980301887
2022-05-01,4,Tomate,Vegetales,0,Kilogramo,Alajuela,Alajuela,Alajuela,1439.99,1500,0.9560329391678077
2022-05-01,4,Tomate,Vegetales,0,Kilogramo,Cartago,Cartago,Oriental,1504.21,1500,1.008409384122804
2022-05-01,4,Tomate,Vegetales,0,Kilogramo,Heredia,Heredia,Heredia,1451.18,1500,0.9701865094878213
2022-05-01,4,Tomate,Vegetales,0,Kilogramo,Limon,Limon,Limon,1474.07,1500,0.9836539785878513
2022-05-01,5,Aceite vegetal,Grasas,1,Mililitros,San Jose,San Jose,Carmen,1515.1,1450,1.0423266190383564
2022-05-01,5,Aceite vegetal,Grasas,1,Mililitros,Alajuela,Alajuela,Alajuela,1496.91,1450,1.0277763269020532
2022-05-01,5,Aceite vegetal,Grasas,1,Mililitros,Cartago,Cartago,Oriental,1515.48,1450,1.048379808894208
2022-05-01,5,Aceite vegetal,Grasas,1,Mililitros,Heredia,Heredia,Heredia,1488.04,1450,1.0202288902999292
2022-05-01,5,Aceite vegetal,Grasas,1,Mililitros,Limon,Limon,Limon,1455.41,1450,1.0035147805033977
2022-06-01,1,Arroz grano entero 80%,Cereales,0,Kilogramo,San Jose,San Jose,Carmen,802.95,820,0.9749156937525908
2022-06-01,1,Arroz grano entero 80%,Cereales,0,Kilogramo,Alajuela,Alajuela,Alajuela,854.57,820,1.03284955556718
2022-06-01,1,Arroz grano entero 80%,Cereales,0,Kilogramo,Cartago,Cartago,Oriental,855.13,820,1.0339701245627926
2022-06-01,1,Arroz grano entero 80%,Cereales,0,Kilogramo,Heredia,Heredia,Heredia,827.27,820,1.0088571270433624
2022-06-01,1,Arroz grano entero 80%,Cereales,0,Kilogramo,Limon,Limon,Limon,810.91,820,0.9952907011605353
2022-06-01,2,Frijoles negros primera calidad,Leguminosas,0,Gramos,San Jose,San Jose,Carmen,1450.96,1450,1.0028307380020558
2022-06-01,2,Frijoles negros primera calidad,Leguminosas,0,Gramos,Alajuela,Alajuela,Alajuela,1513.12,1450,1.0486329221478032
2022-06-01,2,Frijoles negros primera calidad,Leguminosas,0,Gramos,Cartago,Cartago,Oriental,1420.51,1450,0.9859167815486013
2022-06-01,2,Frijoles negros primera calidad,Leguminosas,0,Gramos,Heredia,Heredia,Heredia,1462.17,1450,1.0038794937783218
2022-06-01,2,Frijoles negros primera calidad,Leguminosas,0,Gramos,Limon,Limon,Limon,1386.45,1450,0.9613315164757266
2022-06-01,3,Leche fluida corta duracion,Lacteos,0,Mililitros,San Jose,San Jose,Carmen,815.8,850,0.9678891787862723
2022-06-01,3,Leche fluida corta duracion,Lacteos,0,Mililitros,Alajuela,Alajuela,Alajuela,868.06,850,1.019854189062113
2022-06-01,3,Leche fluida corta duracion,Lacteos,0,Mililitros,Cartago,Cartago,Oriental,851.2,850,1.00890908315176
2022-06-01,3,Leche fluida corta duracion,Lacteos,0,Mililitros,Heredia,Heredia,Heredia,862.33,850,1.0171000053951427
2022-06-01,3,Leche fluida corta duracion,Lacteos,0,Mililitros,Limon,Limon,Limon,814.04,850,0.9642724389079164
2022-06-01,4,Tomate,Vegetales,0,Kilogramo,San Jose,San Jose,Carmen,1438.69,1500,0.9595870457072193
2022-06-01,4,Tomate,Vegetales,0,Kilogramo,Alajuela,Alajuela,Alajuela,1533.41,1500,1.0236240924809055
2022-06-01,4,Tomate,Vegetales,0,Kilogramo,Cartago,Cartago,Oriental,1497.2,1500,0.9967179643351727
2022-06-01,4,Tomate,Vegetales,0,Kilogramo,Heredia,Heredia,Heredia,1510.9,1500,1.0105376994816477
2022-06-01,4,Tomate,Vegetales,0,Kilogramo,Limon,Limon,Limon,1439.68,1500,0.9622224144723581
2022-06-01,5,Aceite vegetal,Grasas,1,Mililitros,San Jose,San Jose,Carmen,1411.96,1450,0.9801113911302965
2022-06-01,5,Aceite vegetal,Grasas,1,Mililitros,Alajuela,Alajuela,Alajuela,1487.26,1450,1.0242075605326524
2022-06-01,5,Aceite vegetal,Grasas,1,Mililitros,Cartago,Cartago,Oriental,1515.97,1450,1.041622910241481
2022-06-01,5,Aceite vegetal,Grasas,1,Mililitros,Heredia,Heredia,Heredia,1491.15,1450,1.0232998034919674
2022-06-01,5,Aceite vegetal,Grasas,1,Mililitros,Limon,Limon,Limon,1495.51,1450,1.0329287271751124
2022-07-01,1,Arroz grano entero 80%,Cereales,0,Kilogramo,San Jose,San Jose,Carmen,777.04,820,0.950557796351791
2022-07-01,1,Arroz grano entero 80%,Cereales,0,Kilogramo,Alajuela,Alajuela,Alajuela,842.27,820,1.0369213812948992
2022-07-01,1,Arroz grano entero 80%,Cereales,0,Kilogramo,Cartago,Cartago,Oriental,809.19,820,0.9830305451077529
2022-07-01,1,Arroz grano entero 80%,Cereales,0,Kilogramo,Heredia,Heredia,Heredia,857.63,820,1.0377735736204077
2022-07-01,1,Arroz grano entero 80%,Cereales,0,Kilogramo,Limon,Limon,Limon,817.66,820,0.9880736520561791
2022-07-01,2,Frijoles negros primera calidad,Leguminosas,0,Gramos,San Jose,San Jose,Carmen,1436.43,1450,0.9866215988357677
2022-07-01,2,Frijoles negros primera calidad,Leguminosas,0,Gramos,Alajuela,Alajuela,Alajuela,1481.31,1450,1.0204034390540908
2022-07-01,2,Frijoles negros primera calidad,Leguminosas,0,Gramos,Cartago,Cartago,Oriental,1443.13,1450,0.9946923743478461
2022-07-01,2,Frijoles negros primera calidad,Leguminosas,0,Gramos,Heredia,Heredia,Heredia,1502.05,1450,1.0411479678480258
2022-07-01,2,Frijoles negros primera calidad,Leguminosas,0,Gramos,Limon,Limon,Limon,1483.01,1450,1.0253487804176884
2022-07-01,3,Leche fluida corta duracion,Lacteos,0,Mililitros,San Jose,San Jose,Carmen,874.36,850,1.03725916562228
2022-07-01,3,Leche fluida corta duracion,Lacteos,0,Mililitros,Alajuela,Alajuela,Alajuela,834.1,850,0.9742586611775786
2022-07-01,3,Leche fluida corta duracion,Lacteos,0,Mililitros,Cartago,Cartago,Oriental,878.06,850,1.032007725511356
2022-07-01,3,Leche fluida corta duracion,Lacteos,0,Mililitros,Heredia,Heredia,Heredia,821.44,850,0.9705006624833783
2022-07-01,3,Leche fluida corta duracion,Lacteos,0,Mililitros,Limon,Limon,Limon,823.3,850,0.9730920564307745
2022-07-01,4,Tomate,Vegetales,0,Kilogramo,San Jose,San Jose,Carmen,1492.4,1500,0.9884936560337559
2022-07-01,4,Tomate,Vegetales,0,Kilogramo,Alajuela,Alajuela,Alajuela,1545.71,1500,1.0328754227946066
2022-07-01,4,Tomate,Vegetales,0,Kilogramo,Cartago,Cartago,Oriental,1481.76,1500,0.9907677510642201
2022-07-01,4,Tomate,Vegetales,0,Kilogramo,Heredia,Heredia,Heredia,1442.68,1500,0.9587271782391741
2022-07-01,4,Tomate,Vegetales,0,Kilogramo,Limon,Limon,Limon,1498.62,1500,1.0026206814791343
2022-07-01,5,Aceite vegetal,Grasas,1,Mililitros,San Jose,San Jose,Carmen,1487.36,1450,1.0237123753859732
2022-07-01,5,Aceite vegetal,Grasas,1,Mililitros,Alajuela,Alajuela,Alajuela,1477.81,1450,1.0137470819288263
2022-07-01,5,Aceite vegetal,Grasas,1,Mililitros,Cartago,Cartago,Oriental,1425.35,1450,0.9860801572106077
2022-07-01,5,Aceite vegetal,Grasas,1,Mililitros,Heredia,Heredia,Heredia,1412.79,1450,0.9795862901913359
2022-07-01,5,Aceite vegetal,Grasas,1,Mililitros,Limon,Limon,Limon,1501.01,1450,1.0316792693880374
2022-08-01,1,Arroz grano entero 80%,Cereales,0,Kilogramo,San Jose,San Jose,Carmen,797.1,820,0.9752781734422029
2022-08-01,1,Arroz grano entero 80%,Cereales,0,Kilogramo,Alajuela,Alajuela,Alajuela,846.45,820,1.0284357226863277
2022-08-01,1,Arroz grano entero 80%,Cereales,0,Kilogramo,Cartago,Cartago,Oriental,822.24,820,1.0120909708738848
2022-08-01,1,Arroz grano entero 80%,Cereales,0,Kilogramo,Heredia,Heredia,Heredia,804.47,820,0.9708232542253654
2022-08-01,1,Arroz grano entero 80%,Cereales,0,Kilogramo,Limon,Limon,Limon,843.67,820,1.026216719627095
2022-08-01,2,Frijoles negros primera calidad,Leguminosas,0,Gramos,San Jose,San Jose,Carmen,1384.34,1450,0.9518143232235605
2022-08-01,2,Frijoles negros primera calidad,Leguminosas,0,Gramos,Alajuela,Alajuela,Alajuela,1494.95,1450,1.0270774257756368
2022-08-01,2,Frijoles negros primera calidad,Leguminosas,0,Gramos,Cartago,Cartago,Oriental,1449.06,1450,0.9929818040232546
2022-08-01,2,Frijoles negros primera calidad,Leguminosas,0,Gramos,Heredia,Heredia,Heredia,1438.82,1450,0.9936790167352738
2022-08-01,2,Frijoles negros primera calidad,Leguminosas,0,Gramos,Limon,Limon,Limon,1497.58,1450,1.0372827459772243
2022-08-01,3,Leche fluida corta duracion,Lacteos,0,Mililitros,San Jose,San Jose,Carmen,847.87,850,0.9891654040338494
2022-08-01,3,Leche fluida corta duracion,Lacteos,0,Mililitros,Alajuela,Alajuela,Alajuela,884.1,850,1.0445588622561228
2022-08-01,3,Leche fluida corta duracion,Lacteos,0,Mililitros,Cartago,Cartago,Oriental,877.1,850,1.021491067796347
2022-08-01,3,Leche fluida corta duracion,Lacteos,0,Mililitros,Heredia,Heredia,Heredia,833.04,850,0.9800994258741772
2022-08-01,3,Leche fluida corta duracion,Lacteos,0,Mililitros,Limon,Limon,Limon,891.93,850,1.0440628078278584
2022-08-01,4,Tomate,Vegetales,0,Kilogramo,San Jose,San Jose,Carmen,1511.58,1500,1.0091112325422325
2022-08-01,4,Tomate,Vegetales,0,Kilogramo,Alajuela,Alajuela,Alajuela,1457.41,1500,0.9671422311827006
2022-08-01,4,Tomate,Vegetales,0,Kilogramo,Cartago,Cartago,Oriental,1426.73,1500,0.9526268952910534
2022-08-01,4,Tomate,Vegetales,0,Kilogramo,Heredia,Heredia,Heredia,1499.99,1500,0.9958809367234053
2022-08-01,4,Tomate,Vegetales,0,Kilogramo,Limon,Limon,Limon,1543.63,1500,1.0327333341364824
2022-08-01,5,Aceite vegetal,Grasas,1,Mililitros,San Jose,San Jose,Carmen,1417.13,1450,0.9751122834137317
2022-08-01,5,Aceite vegetal,Grasas,1,Mililitros,Alajuela,Alajuela,Alajuela,1396.91,1450,0.9580557341894359
2022-08-01,5,Aceite vegetal,Grasas,1,Mililitros,Cartago,Cartago,Oriental,1453.55,1450,1.0020251480911215
2022-08-01,5,Aceite vegetal,Grasas,1,Mililitros,Heredia,Heredia,Heredia,1441.48,1450,0.9904140005747828
2022-08-01,5,Aceite vegetal,Grasas,1,Mililitros,Limon,Limon,Limon,1399.99,1450,0.9660804329119359
2022-09-01,1,Arroz grano entero 80%,Cereales,0,Kilogramo,San Jose,San Jose,Carmen,817.9,820,0.9900167241936068
2022-09-01,1,Arroz grano entero 80%,Cereales,0,Kilogramo,Alajuela,Alajuela,Alajuela,809.5,820,0.983297078708677
2022-09-01,1,Arroz grano entero 80%,Cereales,0,Kilogramo,Cartago,Cartago,Oriental,830.79,820,1.0038835228195333
2022-09-01,1,Arroz grano entero 80%,Cereales,0,Kilogramo,Heredia,Heredia,Heredia,834.26,820,1.0137132836236198
2022-09-01,1,Arroz grano entero 80%,Cereales,0,Kilogramo,Limon,Limon,Limon,779.04,820,0.9547041814928336
2022-09-01,2,Frijoles negros primera calidad,Leguminosas,0,Gramos,San Jose,San Jose,Carmen,1490.99,1450,1.0231861239737812
2022-09-01,2,Frijoles negros primera calidad,Leguminosas,0,Gramos,Alajuela,Alajuela,Alajuela,1426.18,1450,0.9790689990038736
2022-09-01,2,Frijoles negros primera calidad,Leguminosas,0,Gramos,Cartago,Cartago,Oriental,1485.6,1450,1.0189611772746263
2022-09-01,2,Frijoles negros primera calidad,Leguminosas,0,Gramos,Heredia,Heredia,Heredia,1410.91,1450,0.9720372973688396
2022-09-01,2,Frijoles negros primera calidad,Leguminosas,0,Gramos,Limon,Limon,Limon,1475.13,1450,1.0205447322976264
2022-09-01,3,Leche fluida corta duracion,Lacteos,0,Mililitros,San Jose,San Jose,Carmen,858.2,850,1.0162818008434715
2022-09-01,3,Leche fluida corta duracion,Lacteos,0,Mililitros,Alajuela,Alajuela,Alajuela,834.16,850,0.9924701018322292
2022-09-01,3,Leche fluida corta duracion,Lacteos,0,Mililitros,Cartago,Cartago,Oriental,825.19,850,0.9781410471661148
2022-09-01,3,Leche fluida corta duracion,Lacteos,0,Mililitros,Heredia,Heredia,Heredia,864.03,850,1.0138225052344332
2022-09-01,3,Leche fluida corta duracion,Lacteos,0,Mililitros,Limon,Limon,Limon,817.65,850,0.9570359463215561
2022-09-01,4,Tomate,Vegetales,0,Kilogramo,San Jose,San Jose,Carmen,1501.59,1500,0.995868880535348
2022-09-01,4,Tomate,Vegetales,0,Kilogramo,Alajuela,Alajuela,Alajuela,1556.54,1500,1.0404101251660085
2022-09-01,4,Tomate,Vegetales,0,Kilogramo,Cartago,Cartago,Oriental,1462.95,1500,0.9784948876899575
2022-09-01,4,Tomate,Vegetales,0,Kilogramo,Heredia,Heredia,Heredia,1446.57,1500,0.9596588699622034
2022-09-01,4,Tomate,Vegetales,0,Kilogramo,Limon,Limon,Limon,1514.88,1500,1.006397943154078
2022-09-01,5,Aceite vegetal,Grasas,1,Mililitros,San Jose,San Jose,Carmen,1473.2,1450,1.0138908373047812
2022-09-01,5,Aceite vegetal,Grasas,1,Mililitros,Alajuela,Alajuela,Alajuela,1453.0,1450,0.9952925729442487
2022-09-01,5,Aceite vegetal,Grasas,1,Mililitros,Cartago,Cartago,Oriental,1435.72,1450,0.9874931807859461
2022-09-01,5,Aceite vegetal,Grasas,1,Mililitros,Heredia,Heredia,Heredia,1388.32,1450,0.9536303139405584
2022-09-01,5,Aceite vegetal,Grasas,1,Mililitros,Limon,Limon,Limon,1476.38,1450,1.0122926893282205
2022-10-01,1,Arroz grano entero 80%,Cereales,0,Kilogramo,San Jose,San Jose,Carmen,813.5,820,0.9992058245739124
2022-10-01,1,Arroz grano entero 80%,Cereales,0,Kilogramo,Alajuela,Alajuela,Alajuela,843.54,820,1.0404738112556795
2022-10-01,1,Arroz grano entero 80%,Cereales,0,Kilogramo,Cartago,Cartago,Oriental,827.38,820,1.01319449849025
2022-10-01,1,Arroz grano entero 80%,Cereales,0,Kilogramo,Heredia,Heredia,Heredia,792.74,820,0.9702586690588906
2022-10-01,1,Arroz grano entero 80%,Cereales,0,Kilogramo,Limon,Limon,Limon,834.28,820,1.0245348520933695
2022-10-01,2,Frijoles negros primera calidad,Leguminosas,0,Gramos,San Jose,San Jose,Carmen,1504.95,1450,1.0380637343087618
2022-10-01,2,Frijoles negros primera calidad,Leguminosas,0,Gramos,Alajuela,Alajuela,Alajuela,1450.85,1450,1.0038991539811983
2022-10-01,2,Frijoles negros primera calidad,Leguminosas,0,Gramos,Cartago,Cartago,Oriental,1442.23,1450,0.9971422276371397
2022-10-01,2,Frijoles negros primera calidad,Leguminosas,0,Gramos,Heredia,Heredia,Heredia,1518.62,1450,1.0423522573207231
2022-10-01,2,Frijoles negros primera calidad,Leguminosas,0,Gramos,Limon,Limon,Limon,1494.8,1450,1.0323124695181405
2022-10-01,3,Leche fluida corta duracion,Lacteos,0,Mililitros,San Jose,San Jose,Carmen,831.87,850,0.9846026748908729
2022-10-01,3,Leche fluida corta duracion,Lacteos,0,Mililitros,Alajuela,Alajuela,Alajuela,885.19,850,1.0383979006478978
2022-10-01,3,Leche fluida corta duracion,Lacteos,0,Mililitros,Cartago,Cartago,Oriental,821.78,850,0.9686076677884733
2022-10-01,3,Leche fluida corta duracion,Lacteos,0,Mililitros,Heredia,Heredia,Heredia,833.44,850,0.9769250572012148
2022-10-01,3,Leche fluida corta duracion,Lacteos,0,Mililitros,Limon,Limon,Limon,879.22,850,1.0360285678198549
2022-10-01,4,Tomate,Vegetales,0,Kilogramo,San Jose,San Jose,Carmen,1503.37,1500,1.0038197052005378
2022-10-01,4,Tomate,Vegetales,0,Kilogramo,Alajuela,Alajuela,Alajuela,1461.45,1500,0.980945320919011
2022-10-01,4,Tomate,Vegetales,0,Kilogramo,Cartago,Cartago,Oriental,1439.54,1500,0.9595497163016722
2022-10-01,4,Tomate,Vegetales,0,Kilogramo,Heredia,Heredia,Heredia,1569.12,1500,1.0447907085992645
2022-10-01,4,Tomate,Vegetales,0,Kilogramo,Limon,Limon,Limon,1527.48,1500,1.0207096027598725
2022-10-01,5,Aceite vegetal,Grasas,1,Mililitros,San Jose,San Jose,Carmen,1452.29,1450,1.0062643522930477
2022-10-01,5,Aceite vegetal,Grasas,1,Mililitros,Alajuela,Alajuela,Alajuela,1500.13,1450,1.0341768791476034
2022-10-01,5,Aceite vegetal,Grasas,1,Mililitros,Cartago,Cartago,Oriental,1454.92,1450,1.0099168832300356
2022-10-01,5,Aceite vegetal,Grasas,1,Mililitros,Heredia,Heredia,Heredia,1462.74,1450,1.009229332028395
2022-10-01,5,Aceite vegetal,Grasas,1,Mililitros,Limon,Limon,Limon,1462.2,1450,1.0091245217200018
2022-11-01,1,Arroz grano entero 80%,Cereales,0,Kilogramo,San Jose,San Jose,Carmen,781.2,820,0.9502014961526497
2022-11-01,1,Arroz grano entero 80%,Cereales,0,Kilogramo,Alajuela,Alajuela,Alajuela,822.31,820,0.9921956851961152
2022-11-01,1,Arroz grano entero 80%,Cereales,0,Kilogramo,Cartago,Cartago,Oriental,814.35,820,0.9822231061766419
2022-11-01,1,Arroz grano entero 80%,Cereales,0,Kilogramo,Heredia,Heredia,Heredia,802.69,820,0.9865296357031331
2022-11-01,1,Arroz grano entero 80%,Cereales,0,Kilogramo,Limon,Limon,Limon,827.61,820,1.0018116512239625
2022-11-01,2,Frijoles negros primera calidad,Leguminosas,0,Gramos,San Jose,San Jose,Carmen,1397.76,1450,0.9649977600598271
2022-11-01,2,Frijoles negros primera calidad,Leguminosas,0,Gramos,Alajuela,Alajuela,Alajuela,1475.91,1450,1.011550845584801
2022-11-01,2,Frijoles negros primera calidad,Leguminosas,0,Gramos,Cartago,Cartago,Oriental,1502.4,1450,1.0355352121916728
2022-11-01,2,Frijoles negros primera calidad,Leguminosas,0,Gramos,Heredia,Heredia,Heredia,1441.34,1450,0.9893458116184184
2022-11-01,2,Frijoles negros primera calidad,Leguminosas,0,Gramos,Limon,Limon,Limon,1500.57,1450,1.0319054059801793
2022-11-01,3,Leche fluida corta duracion,Lacteos,0,Mililitros,San Jose,San Jose,Carmen,834.13,850,0.9858740574976809
2022-11-01,3,Leche fluida corta duracion,Lacteos,0,Mililitros,Alajuela,Alajuela,Alajuela,827.03,850,0.9643681172605368
2022-11-01,3,Leche fluida corta duracion,Lacteos,0,Mililitros,Cartago,Cartago,Oriental,825.66,850,0.9762099027234565
2022-11-01,3,Leche fluida corta duracion,Lacteos,0,Mililitros,Heredia,Heredia,Heredia,836.73,850,0.9888119296951671
2022-11-01,3,Leche fluida corta duracion,Lacteos,0,Mililitros,Limon,Limon,Limon,818.77,850,0.9645701636000202
2022-11-01,4,Tomate,Vegetales,0,Kilogramo,San Jose,San Jose,Carmen,1574.69,1500,1.0493994364139858
2022-11-01,4,Tomate,Vegetales,0,Kilogramo,Alajuela,Alajuela,Alajuela,1463.45,1500,0.9804864770689755
2022-11-01,4,Tomate,Vegetales,0,Kilogramo,Cartago,Cartago,Oriental,1539.92,1500,1.0264181002351
2022-11-01,4,Tomate,Vegetales,0,Kilogramo,Heredia,Heredia,Heredia,1427.25,1500,0.9549792223537734
2022-11-01,4,Tomate,Vegetales,0,Kilogramo,Limon,Limon,Limon,1470.34,1500,0.975604389436969
2022-11-01,5,Aceite vegetal,Grasas,1,Mililitros,San Jose,San Jose,Carmen,1399.7,1450,0.9605458580862865
2022-11-01,5,Aceite vegetal,Grasas,1,Mililitros,Alajuela,Alajuela,Alajuela,1466.87,1450,1.0136958167129333
2022-11-01,5,Aceite vegetal,Grasas,1,Mililitros,Cartago,Cartago,Oriental,1455.67,1450,1.0058647750681675
2022-11-01,5,Aceite vegetal,Grasas,1,Mililitros,Heredia,Heredia,Heredia,1416.41,1450,0.9709218953020381
2022-11-01,5,Aceite vegetal,Grasas,1,Mililitros,Limon,Limon,Limon,1415.8,1450,0.975322384073962
2022-12-01,1,Arroz grano entero 80%,Cereales,0,Kilogramo,San Jose,San Jose,Carmen,849.14,820,1.0393359666743425
2022-12-01,1,Arroz grano entero 80%,Cereales,0,Kilogramo,Alajuela,Alajuela,Alajuela,830.24,820,1.0011714919489991
2022-12-01,1,Arroz grano entero 80%,Cereales,0,Kilogramo,Cartago,Cartago,Oriental,845.95,820,1.025572206877197
2022-12-01,1,Arroz grano entero 80%,Cereales,0,Kilogramo,Heredia,Heredia,Heredia,805.45,820,0.976287990191179
2022-12-01,1,Arroz grano entero 80%,Cereales,0,Kilogramo,Limon,Limon,Limon,797.0,820,0.9638947436218009
2022-12-01,2,Frijoles negros primera calidad,Leguminosas,0,Gramos,San Jose,San Jose,Carmen,1477.15,1450,1.0144341234876968
2022-12-01,2,Frijoles negros primera calidad,Leguminosas,0,Gramos,Alajuela,Alajuela,Alajuela,1415.68,1450,0.9722537661291145
2022-12-01,2,Frijoles negros primera calidad,Leguminosas,0,Gramos,Cartago,Cartago,Oriental,1382.39,1450,0.9565444138855246
2022-12-01,2,Frijoles negros primera calidad,Leguminosas,0,Gramos,Heredia,Heredia,Heredia,1475.22,1450,1.0116933360004394
2022-12-01,2,Frijoles negros primera calidad,Leguminosas,0,Gramos,Limon,Limon,Limon,1467.45,1450,1.0081705267301446
2022-12-01,3,Leche fluida corta duracion,Lacteos,0,Mililitros,San Jose,San Jose,Carmen,808.07,850,0.9614901686100024
2022-12-01,3,Leche fluida corta duracion,Lacteos,0,Mililitros,Alajuela,Alajuela,Alajuela,803.91,850,0.9513413198458833
2022-12-01,3,Leche fluida corta duracion,Lacteos,0,Mililitros,Cartago,Cartago,Oriental,848.83,850,1.0042057867701941
2022-12-01,3,Leche fluida corta duracion,Lacteos,0,Mililitros,Heredia,Heredia,Heredia,827.0,850,0.9831582180088779
2022-12-01,3,Leche fluida corta duracion,Lacteos,0,Mililitros,Limon,Limon,Limon,886.09,850,1.0455744538213416
2022-12-01,4,Tomate,Vegetales,0,Kilogramo,San Jose,San Jose,Carmen,1507.13,1500,1.0044472225948322
2022-12-01,4,Tomate,Vegetales,0,Kilogramo,Alajuela,Alajuela,Alajuela,1510.38,1500,1.0076756609808672
2022-12-01,4,Tomate,Vegetales,0,Kilogramo,Cartago,Cartago,Oriental,1535.53,1500,1.0300691489500593
2022-12-01,4,Tomate,Vegetales,0,Kilogramo,Heredia,Heredia,Heredia,1479.95,1500,0.988638304205871
2022-12-01,4,Tomate,Vegetales,0,Kilogramo,Limon,Limon,Limon,1443.94,1500,0.9581678703717356
2022-12-01,5,Aceite vegetal,Grasas,1,Mililitros,San Jose,San Jose,Carmen,1455.19,1450,0.9990628323497014
2022-12-01,5,Aceite vegetal,Grasas,1,Mililitros,Alajuela,Alajuela,Alajuela,1422.64,1450,0.9869612637050582
2022-12-01,5,Aceite vegetal,Grasas,1,Mililitros,Cartago,Cartago,Oriental,1509.44,1450,1.0457142916839475
2022-12-01,5,Aceite vegetal,Grasas,1,Mililitros,Heredia,Heredia,Heredia,1388.37,1450,0.9625278839867321
2022-12-01,5,Aceite vegetal,Grasas,1,Mililitros,Limon,Limon,Limon,1491.34,1450,1.032889482598373
2023-01-01,1,Arroz grano entero 80%,Cereales,0,Kilogramo,San Jose,San Jose,Carmen,844.34,820,1.0242177835469501
2023-01-01,1,Arroz grano entero 80%,Cereales,0,Kilogramo,Alajuela,Alajuela,Alajuela,823.49,820,1.0146440878101475
2023-01-01,1,Arroz grano entero 80%,Cereales,0,Kilogramo,Cartago,Cartago,Oriental,799.42,820,0.9672674792005538
2023-01-01,1,Arroz grano entero 80%,Cereales,0,Kilogramo,Heredia,Heredia,Heredia,820.21,820,1.002997908342769
2023-01-01,1,Arroz grano entero 80%,Cereales,0,Kilogramo,Limon,Limon,Limon,823.76,820,1.0077635586025808
2023-01-01,2,Frijoles negros primera calidad,Leguminosas,0,Gramos,San Jose,San Jose,Carmen,1421.54,1450,0.9786796876766747
2023-01-01,2,Frijoles negros primera calidad,Leguminosas,0,Gramos,Alajuela,Alajuela,Alajuela,1501.61,1450,1.040864990674712
2023-01-01,2,Frijoles negros primera calidad,Leguminosas,0,Gramos,Cartago,Cartago,Oriental,1478.92,1450,1.0212079117141066
2023-01-01,2,Frijoles negros primera calidad,Leguminosas,0,Gramos,Heredia,Heredia,Heredia,1460.3,1450,1.0136006194968255
2023-01-01,2,Frijoles negros primera calidad,Leguminosas,0,Gramos,Limon,Limon,Limon,1406.29,1450,0.9700751129023687
2023-01-01,3,Leche fluida corta duracion,Lacteos,0,Mililitros,San Jose,San Jose,Carmen,846.39,850,0.9856079807115627
2023-01-01,3,Leche fluida corta duracion,Lacteos,0,Mililitros,Alajuela,Alajuela,Alajuela,824.11,850,0.9680844603446553
2023-01-01,3,Leche fluida corta duracion,Lacteos,0,Mililitros,Cartago,Cartago,Oriental,844.18,850,1.0000086650615647
2023-01-01,3,Leche fluida corta duracion,Lacteos,0,Mililitros,Heredia,Heredia,Heredia,839.63,850,0.9895622019639011
2023-01-01,3,Leche fluida corta duracion,Lacteos,0,Mililitros,Limon,Limon,Limon,814.41,850,0.9579255028349078
2023-01-01,4,Tomate,Vegetales,0,Kilogramo,San Jose,San Jose,Carmen,1529.71,1500,1.023561651731664
2023-01-01,4,Tomate,Vegetales,0,Kilogramo,Alajuela,Alajuela,Alajuela,1475.39,1500,0.9843265445548647
2023-01-01,4,Tomate,Vegetales,0,Kilogramo,Cartago,Cartago,Oriental,1528.17,1500,1.0131256923244483
2023-01-01,4,Tomate,Vegetales,0,Kilogramo,Heredia,Heredia,Heredia,1468.67,1500,0.9822751065217223
2023-01-01,4,Tomate,Vegetales,0,Kilogramo,Limon,Limon,Limon,1556.48,1500,1.0408498963604347
2023-01-01,5,Aceite vegetal,Grasas,1,Mililitros,San Jose,San Jose,Carmen,1503.2,1450,1.039014303564339
2023-01-01,5,Aceite vegetal,Grasas,1,Mililitros,Alajuela,Alajuela,Alajuela,1439.6,1450,0.9865178651782185
2023-01-01,5,Aceite vegetal,Grasas,1,Mililitros,Cartago,Cartago,Oriental,1426.04,1450,0.9780763279524873
2023-01-01,5,Aceite vegetal,Grasas,1,Mililitros,Heredia,Heredia,Heredia,1409.39,1450,0.9683114938743133
2023-01-01,5,Aceite vegetal,Grasas,1,Mililitros,Limon,Limon,Limon,1425.31,1450,0.9856215934997553
2023-02-01,1,Arroz grano entero 80%,Cereales,0,Kilogramo,San Jose,San Jose,Carmen,809.56,820,0.9834701305103829
2023-02-01,1,Arroz grano entero 80%,Cereales,0,Kilogramo,Alajuela,Alajuela,Alajuela,827.78,820,1.010819874246786
2023-02-01,1,Arroz grano entero 80%,Cereales,0,Kilogramo,Cartago,Cartago,Oriental,801.85,820,0.9709310323584316
2023-02-01,1,Arroz grano entero 80%,Cereales,0,Kilogramo,Heredia,Heredia,Heredia,843.36,820,1.0218383133654663
2023-02-01,1,Arroz grano entero 80%,Cereales,0,Kilogramo,Limon,Limon,Limon,779.68,820,0.9555017740042976
2023-02-01,2,Frijoles negros primera calidad,Leguminosas,0,Gramos,San Jose,San Jose,Carmen,1388.23,1450,0.9609580096014256
2023-02-01,2,Frijoles negros primera calidad,Leguminosas,0,Gramos,Alajuela,Alajuela,Alajuela,1509.68,1450,1.0462098403970768
2023-02-01,2,Frijoles negros primera calidad,Leguminosas,0,Gramos,Cartago,Cartago,Oriental,1467.68,1450,1.016664770430094
2023-02-01,2,Frijoles negros primera calidad,Leguminosas,0,Gramos,Heredia,Heredia,Heredia,1491.54,1450,1.024410456495314
2023-02-01,2,Frijoles negros primera calidad,Leguminosas,0,Gramos,Limon,Limon,Limon,1490.19,1450,1.022117588871787
2023-02-01,3,Leche fluida corta duracion,Lacteos,0,Mililitros,San Jose,San Jose,Carmen,891.93,850,1.0472389981188772
2023-02-01,3,Leche fluida corta duracion,Lacteos,0,Mililitros,Alajuela,Alajuela,Alajuela,881.89,850,1.028971131730812
2023-02-01,3,Leche fluida corta duracion,Lacteos,0,Mililitros,Cartago,Cartago,Oriental,891.42,850,1.0439503336613798
2023-02-01,3,Leche fluida corta duracion,Lacteos,0,Mililitros,Heredia,Heredia,Heredia,826.5,850,0.9657215616126088
2023-02-01,3,Leche fluida corta duracion,Lacteos,0,Mililitros,Limon,Limon,Limon,823.83,850,0.9721357646724308
2023-02-01,4,Tomate,Vegetales,0,Kilogramo,San Jose,San Jose,Carmen,1432.71,1500,0.9564239684503376
2023-02-01,4,Tomate,Vegetales,0,Kilogramo,Alajuela,Alajuela,Alajuela,1532.4,1500,1.0262427512941938
2023-02-01,4,Tomate,Vegetales,0,Kilogramo,Cartago,Cartago,Oriental,1534.08,1500,1.0253713159035274
2023-02-01,4,Tomate,Vegetales,0,Kilogramo,Heredia,Heredia,Heredia,1461.85,1500,0.9690074268761462
2023-02-01,4,Tomate,Vegetales,0,Kilogramo,Limon,Limon,Limon,1441.85,1500,0.9671035432841337
2023-02-01,5,Aceite vegetal,Grasas,1,Mililitros,San Jose,San Jose,Carmen,1503.79,1450,1.0430519714745368
2023-02-01,5,Aceite vegetal,Grasas,1,Mililitros,Alajuela,Alajuela,Alajuela,1409.75,1450,0.9734217598032491
2023-02-01,5,Aceite vegetal,Grasas,1,Mililitros,Cartago,Cartago,Oriental,1414.02,1450,0.9767898397155729
2023-02-01,5,Aceite vegetal,Grasas,1,Mililitros,Heredia,Heredia,Heredia,1405.58,1450,0.9705392234908063
2023-02-01,5,Aceite vegetal,Grasas,1,Mililitros,Limon,Limon,Limon,1394.26,1450,0.9665576233103987
2023-03-01,1,Arroz grano entero 80%,Cereales,0,Kilogramo,San Jose,San Jose,Carmen,811.01,820,0.9880120469545235
2023-03-01,1,Arroz grano entero 80%,Cereales,0,Kilogramo,Alajuela,Alajuela,Alajuela,820.92,820,0.9908477106045616
2023-03-01,1,Arroz grano entero 80%,Cereales,0,Kilogramo,Cartago,Cartago,Oriental,842.07,820,1.0348145878068113
2023-03-01,1,Arroz grano entero 80%,Cereales,0,Kilogramo,Heredia,Heredia,Heredia,809.38,820,0.9854071620921855
2023-03-01,1,Arroz grano entero 80%,Cereales,0,Kilogramo,Limon,Limon,Limon,825.47,820,0.9999620892862077
2023-03-01,2,Frijoles negros primera calidad,Leguminosas,0,Gramos,San Jose,San Jose,Carmen,1426.01,1450,0.9855782060780595
2023-03-01,2,Frijoles negros primera calidad,Leguminosas,0,Gramos,Alajuela,Alajuela,Alajuela,1511.67,1450,1.0422334806623281
2023-03-01,2,Frijoles negros primera calidad,Leguminosas,0,Gramos,Cartago,Cartago,Oriental,1467.14,1450,1.009018319280642
2023-03-01,2,Frijoles negros primera calidad,Leguminosas,0,Gramos,Heredia,Heredia,Heredia,1420.03,1450,0.9858265585999151
2023-03-01,2,Frijoles negros primera calidad,Leguminosas,0,Gramos,Limon,Limon,Limon,1388.38,1450,0.9574345537442849
2023-03-01,3,Leche fluida corta duracion,Lacteos,0,Mililitros,San Jose,San Jose,Carmen,821.28,850,0.9551446628725815
2023-03-01,3,Leche fluida corta duracion,Lacteos,0,Mililitros,Alajuela,Alajuela,Alajuela,847.12,850,1.003005401117898
2023-03-01,3,Leche fluida corta duracion,Lacteos,0,Mililitros,Cartago,Cartago,Oriental,875.08,850,1.0337575502569936
2023-03-01,3,Leche fluida corta duracion,Lacteos,0,Mililitros,Heredia,Heredia,Heredia,810.17,850,0.9521239519787261
2023-03-01,3,Leche fluida corta duracion,Lacteos,0,Mililitros,Limon,Limon,Limon,874.33,850,1.0374749111643649
2023-03-01,4,Tomate,Vegetales,0,Kilogramo,San Jose,San Jose,Carmen,1448.83,1500,0.9651679656865669
2023-03-01,4,Tomate,Vegetales,0,Kilogramo,Alajuela,Alajuela,Alajuela,1463.09,1500,0.976611057297011
2023-03-01,4,Tomate,Vegetales,0,Kilogramo,Cartago,Cartago,Oriental,1442.53,1500,0.9581701111428098
2023-03-01,4,Tomate,Vegetales,0,Kilogramo,Heredia,Heredia,Heredia,1428.81,1500,0.9564480999079359
2023-03-01,4,Tomate,Vegetales,0,Kilogramo,Limon,Limon,Limon,1421.78,1500,0.9518026420842866
2023-03-01,5,Aceite vegetal,Grasas,1,Mililitros,San Jose,San Jose,Carmen,1455.02,1450,1.0011683793273012
2023-03-01,5,Aceite vegetal,Grasas,1,Mililitros,Alajuela,Alajuela,Alajuela,1508.52,1450,1.0439083899788126
2023-03-01,5,Aceite vegetal,Grasas,1,Mililitros,Cartago,Cartago,Oriental,1480.74,1450,1.0243336275573296
2023-03-01,5,Aceite vegetal,Grasas,1,Mililitros,Heredia,Heredia,Heredia,1459.44,1450,1.001317834631151
2023-03-01,5,Aceite vegetal,Grasas,1,Mililitros,Limon,Limon,Limon,1473.51,1450,1.0219179485488459
2023-04-01,1,Arroz grano entero 80%,Cereales,0,Kilogramo,San Jose,San Jose,Carmen,849.48,820,1.0355706117925954
2023-04-01,1,Arroz grano entero 80%,Cereales,0,Kilogramo,Alajuela,Alajuela,Alajuela,805.11,820,0.9739082691952959
2023-04-01,1,Arroz grano entero 80%,Cereales,0,Kilogramo,Cartago,Cartago,Oriental,827.37,820,1.0113134130024595
2023-04-01,1,Arroz grano entero 80%,Cereales,0,Kilogramo,Heredia,Heredia,Heredia,816.66,820,1.0077638673658016
2023-04-01,1,Arroz grano entero 80%,Cereales,0,Kilogramo,Limon,Limon,Limon,782.42,820,0.9501621113541675
2023-04-01,2,Frijoles negros primera calidad,Leguminosas,0,Gramos,San Jose,San Jose,Carmen,1412.54,1450,0.979521642461448
2023-04-01,2,Frijoles negros primera calidad,Leguminosas,0,Gramos,Alajuela,Alajuela,Alajuela,1465.62,1450,1.0081522496309712
2023-04-01,2,Frijoles negros primera calidad,Leguminosas,0,Gramos,Cartago,Cartago,Oriental,1493.71,1450,1.0330287139706842
2023-04-01,2,Frijoles negros primera calidad,Leguminosas,0,Gramos,Heredia,Heredia,Heredia,1510.52,1450,1.0417956976404408
2023-04-01,2,Frijoles negros primera calidad,Leguminosas,0,Gramos,Limon,Limon,Limon,1413.28,1450,0.968794317482334
2023-04-01,3,Leche fluida corta duracion,Lacteos,0,Mililitros,San Jose,San Jose,Carmen,842.86,850,0.9997742063077085
2023-04-01,3,Leche fluida corta duracion,Lacteos,0,Mililitros,Alajuela,Alajuela,Alajuela,874.27,850,1.0217940275612503
2023-04-01,3,Leche fluida corta duracion,Lacteos,0,Mililitros,Cartago,Cartago,Oriental,822.25,850,0.9605022074489687
2023-04-01,3,Leche fluida corta duracion,Lacteos,0,Mililitros,Heredia,Heredia,Heredia,888.66,850,1.0469010576148166
2023-04-01,3,Leche fluida corta duracion,Lacteos,0,Mililitros,Limon,Limon,Limon,823.22,850,0.9802190876513883
2023-04-01,4,Tomate,Vegetales,0,Kilogramo,San Jose,San Jose,Carmen,1501.4,1500,0.9948864974936391
2023-04-01,4,Tomate,Vegetales,0,Kilogramo,Alajuela,Alajuela,Alajuela,1445.79,1500,0.9587094019341657
2023-04-01,4,Tomate,Vegetales,0,Kilogramo,Cartago,Cartago,Oriental,1420.18,1500,0.9533025994896085
2023-04-01,4,Tomate,Vegetales,0,Kilogramo,Heredia,Heredia,Heredia,1442.32,1500,0.9665387900741128
2023-04-01,4,Tomate,Vegetales,0,Kilogramo,Limon,Limon,Limon,1473.24,1500,0.9886564098898274
2023-04-01,5,Aceite vegetal,Grasas,1,Mililitros,San Jose,San Jose,Carmen,1401.55,1450,0.9632468541505229
2023-04-01,5,Aceite vegetal,Grasas,1,Mililitros,Alajuela,Alajuela,Alajuela,1497.11,1450,1.0340933418620684
2023-04-01,5,Aceite vegetal,Grasas,1,Mililitros,Cartago,Cartago,Oriental,1421.33,1450,0.9804477259871213
2023-04-01,5,Aceite vegetal,Grasas,1,Mililitros,Heredia,Heredia,Heredia,1504.62,1450,1.0312982167527698
2023-04-01,5,Aceite vegetal,Grasas,1,Mililitros,Limon,Limon,Limon,1514.52,1450,1.044928017023467
2023-05-01,1,Arroz grano entero 80%,Cereales,0,Kilogramo,San Jose,San Jose,Carmen,856.04,820,1.0479764077106486
2023-05-01,1,Arroz grano entero 80%,Cereales,0,Kilogramo,Alajuela,Alajuela,Alajuela,791.76,820,0.9608988183210746
2023-05-01,1,Arroz grano entero 80%,Cereales,0,Kilogramo,Cartago,Cartago,Oriental,782.26,820,0.9573693097852451
2023-05-01,1,Arroz grano entero 80%,Cereales,0,Kilogramo,Heredia,Heredia,Heredia,830.58,820,1.0178787457085938
2023-05-01,1,Arroz grano entero 80%,Cereales,0,Kilogramo,Limon,Limon,Limon,814.86,820,0.99410594231751
2023-05-01,2,Frijoles negros primera calidad,Leguminosas,0,Gramos,San Jose,San Jose,Carmen,1503.73,1450,1.036285243553924
2023-05-01,2,Frijoles negros primera calidad,Leguminosas,0,Gramos,Alajuela,Alajuela,Alajuela,1505.72,1450,1.0427414127234433
2023-05-01,2,Frijoles negros primera calidad,Leguminosas,0,Gramos,Cartago,Cartago,Oriental,1435.38,1450,0.9851871267289475
2023-05-01,2,Frijoles negros primera calidad,Leguminosas,0,Gramos,Heredia,Heredia,Heredia,1418.6,1450,0.9766207154334763
2023-05-01,2,Frijoles negros primera calidad,Leguminosas,0,Gramos,Limon,Limon,Limon,1474.33,1450,1.021370211082409
2023-05-01,3,Leche fluida corta duracion,Lacteos,0,Mililitros,San Jose,San Jose,Carmen,840.42,850,0.9851070482944411
2023-05-01,3,Leche fluida corta duracion,Lacteos,0,Mililitros,Alajuela,Alajuela,Alajuela,891.85,850,1.043334994326063
2023-05-01,3,Leche fluida corta duracion,Lacteos,0,Mililitros,Cartago,Cartago,Oriental,836.95,850,0.9864810048267402
2023-05-01,3,Leche fluida corta duracion,Lacteos,0,Mililitros,Heredia,Heredia,Heredia,858.48,850,1.0024197483891877
2023-05-01,3,Leche fluida corta duracion,Lacteos,0,Mililitros,Limon,Limon,Limon,849.01,850,0.9934178263366714
2023-05-01,4,Tomate,Vegetales,0,Kilogramo,San Jose,San Jose,Carmen,1484.56,1500,0.994810866458781
2023-05-01,4,Tomate,Vegetales,0,Kilogramo,Alajuela,Alajuela,Alajuela,1556.97,1500,1.0333057090733493
2023-05-01,4,Tomate,Vegetales,0,Kilogramo,Cartago,Cartago,Oriental,1532.83,1500,1.0182201934342152
2023-05-01,4,Tomate,Vegetales,0,Kilogramo,Heredia,Heredia,Heredia,1495.01,1500,0.9941472747364068
2023-05-01,4,Tomate,Vegetales,0,Kilogramo,Limon,Limon,Limon,1487.71,1500,0.9914536592543689
2023-05-01,5,Aceite vegetal,Grasas,1,Mililitros,San Jose,San Jose,Carmen,1464.42,1450,1.0139486716554724
2023-05-01,5,Aceite vegetal,Grasas,1,Mililitros,Alajuela,Alajuela,Alajuela,1457.14,1450,1.00852602782226
2023-05-01,5,Aceite vegetal,Grasas,1,Mililitros,Cartago,Cartago,Oriental,1406.78,1450,0.9648595401304786
2023-05-01,5,Aceite vegetal,Grasas,1,Mililitros,Heredia,Heredia,Heredia,1491.81,1450,1.0269913990503547
2023-05-01,5,Aceite vegetal,Grasas,1,Mililitros,Limon,Limon,Limon,1406.51,1450,0.9669136471099506
2023-06-01,1,Arroz grano entero 80%,Cereales,0,Kilogramo,San Jose,San Jose,Carmen,844.52,820,1.025735340805103
2023-06-01,1,Arroz grano entero 80%,Cereales,0,Kilogramo,Alajuela,Alajuela,Alajuela,804.82,820,0.9871864139231226
2023-06-01,1,Arroz grano entero 80%,Cereales,0,Kilogramo,Cartago,Cartago,Oriental,830.14,820,1.006686658422454
2023-06-01,1,Arroz grano entero 80%,Cereales,0,Kilogramo,Heredia,Heredia,Heredia,809.01,820,0.9968498043187205
2023-06-01,1,Arroz grano entero 80%,Cereales,0,Kilogramo,Limon,Limon,Limon,790.71,820,0.9585300736105683
2023-06-01,2,Frijoles negros primera calidad,Leguminosas,0,Gramos,San Jose,San Jose,Carmen,1509.54,1450,1.0393460257307674
2023-06-01,2,Frijoles negros primera calidad,Leguminosas,0,Gramos,Alajuela,Alajuela,Alajuela,1406.14,1450,0.9670081282893487
2023-06-01,2,Frijoles negros primera calidad,Leguminosas,0,Gramos,Cartago,Cartago,Oriental,1512.62,1450,1.044753383838569
2023-06-01,2,Frijoles negros primera calidad,Leguminosas,0,Gramos,Heredia,Heredia,Heredia,1441.91,1450,0.9944402951903104
2023-06-01,2,Frijoles negros primera calidad,Leguminosas,0,Gramos,Limon,Limon,Limon,1500.67,1450,1.0337227249228043
2023-06-01,3,Leche fluida corta duracion,Lacteos,0,Mililitros,San Jose,San Jose,Carmen,876.05,850,1.024372465699289
2023-06-01,3,Leche fluida corta duracion,Lacteos,0,Mililitros,Alajuela,Alajuela,Alajuela,878.44,850,1.0266889344269483
2023-06-01,3,Leche fluida corta duracion,Lacteos,0,Mililitros,Cartago,Cartago,Oriental,867.7,850,1.0194904772428106
2023-06-01,3,Leche fluida corta duracion,Lacteos,0,Mililitros,Heredia,Heredia,Heredia,831.05,850,0.9812401422746082
2023-06-01,3,Leche fluida corta duracion,Lacteos,0,Mililitros,Limon,Limon,Limon,836.73,850,0.9852052810330184
2023-06-01,4,Tomate,Vegetales,0,Kilogramo,San Jose,San Jose,Carmen,1447.03,1500,0.9660029208841071
2023-06-01,4,Tomate,Vegetales,0,Kilogramo,Alajuela,Alajuela,Alajuela,1556.0,1500,1.035835401036397
2023-06-01,4,Tomate,Vegetales,0,Kilogramo,Cartago,Cartago,Oriental,1476.9,1500,0.9788045572697953
2023-06-01,4,Tomate,Vegetales,0,Kilogramo,Heredia,Heredia,Heredia,1513.67,1500,1.0087286659914945
2023-06-01,4,Tomate,Vegetales,0,Kilogramo,Limon,Limon,Limon,1508.36,1500,1.0085123459045708
2023-06-01,5,Aceite vegetal,Grasas,1,Mililitros,San Jose,San Jose,Carmen,1503.83,1450,1.0311272332196402
2023-06-01,5,Aceite vegetal,Grasas,1,Mililitros,Alajuela,Alajuela,Alajuela,1419.03,1450,0.9761797162635389
2023-06-01,5,Aceite vegetal,Grasas,1,Mililitros,Cartago,Cartago,Oriental,1505.74,1450,1.037403035380036
2023-06-01,5,Aceite vegetal,Grasas,1,Mililitros,Heredia,Heredia,Heredia,1396.82,1450,0.9608943278024676
2023-06-01,5,Aceite vegetal,Grasas,1,Mililitros,Limon,Limon,Limon,1382.39,1450,0.9597735478568472
2023-07-01,1,Arroz grano entero 80%,Cereales,0,Kilogramo,San Jose,San Jose,Carmen,828.38,820,1.0001124766216603
2023-07-01,1,Arroz grano entero 80%,Cereales,0,Kilogramo,Alajuela,Alajuela,Alajuela,815.24,820,1.0003946379421051
2023-07-01,1,Arroz grano entero 80%,Cereales,0,Kilogramo,Cartago,Cartago,Oriental,804.36,820,0.9842984663540851
2023-07-01,1,Arroz grano entero 80%,Cereales,0,Kilogramo,Heredia,Heredia,Heredia,804.15,820,0.9866700091530252
2023-07-01,1,Arroz grano entero 80%,Cereales,0,Kilogramo,Limon,Limon,Limon,807.77,820,0.9870893497619159
2023-07-01,2,Frijoles negros primera calidad,Leguminosas,0,Gramos,San Jose,San Jose,Carmen,1396.0,1450,0.9644362188478198
2023-07-01,2,Frijoles negros primera calidad,Leguminosas,0,Gramos,Alajuela,Alajuela,Alajuela,1515.45,1450,1.0388160768775097
2023-07-01,2,Frijoles negros primera calidad,Leguminosas,0,Gramos,Cartago,Cartago,Oriental,1378.68,1450,0.9564375334876163
2023-07-01,2,Frijoles negros primera calidad,Leguminosas,0,Gramos,Heredia,Heredia,Heredia,1425.39,1450,0.9830412661456711
2023-07-01,2,Frijoles negros primera calidad,Leguminosas,0,Gramos,Limon,Limon,Limon,1461.15,1450,1.0023627463575402
2023-07-01,3,Leche fluida corta duracion,Lacteos,0,Mililitros,San Jose,San Jose,Carmen,875.96,850,1.0404436288421073
2023-07-01,3,Leche fluida corta duracion,Lacteos,0,Mililitros,Alajuela,Alajuela,Alajuela,833.16,850,0.9718475473209808
2023-07-01,3,Leche fluida corta duracion,Lacteos,0,Mililitros,Cartago,Cartago,Oriental,887.72,850,1.0352967195517262
2023-07-01,3,Leche fluida corta duracion,Lacteos,0,Mililitros,Heredia,Heredia,Heredia,869.8,850,1.0118323623827292
2023-07-01,3,Leche fluida corta duracion,Lacteos,0,Mililitros,Limon,Limon,Limon,878.04,850,1.0424862671222908
2023-07-01,4,Tomate,Vegetales,0,Kilogramo,San Jose,San Jose,Carmen,1499.54,1500,1.003539340041783
2023-07-01,4,Tomate,Vegetales,0,Kilogramo,Alajuela,Alajuela,Alajuela,1559.82,1500,1.0353007700292298
2023-07-01,4,Tomate,Vegetales,0,Kilogramo,Cartago,Cartago,Oriental,1461.77,1500,0.9811116192010884
2023-07-01,4,Tomate,Vegetales,0,Kilogramo,Heredia,Heredia,Heredia,1475.21,1500,0.9774601382382683
2023-07-01,4,Tomate,Vegetales,0,Kilogramo,Limon,Limon,Limon,1482.4,1500,0.991185594778949
2023-07-01,5,Aceite vegetal,Grasas,1,Mililitros,San Jose,San Jose,Carmen,1462.15,1450,1.0070915381172862
2023-07-01,5,Aceite vegetal,Grasas,1,Mililitros,Alajuela,Alajuela,Alajuela,1512.37,1450,1.0456624978416806
2023-07-01,5,Aceite vegetal,Grasas,1,Mililitros,Cartago,Cartago,Oriental,1479.38,1450,1.0171039819704897
2023-07-01,5,Aceite vegetal,Grasas,1,Mililitros,Heredia,Heredia,Heredia,1455.74,1450,1.0095540406390153
2023-07-01,5,Aceite vegetal,Grasas,1,Mililitros,Limon,Limon,Limon,1450.59,1450,1.0011912699346086
2023-08-01,1,Arroz grano entero 80%,Cereales,0,Kilogramo,San Jose,San Jose,Carmen,845.75,820,1.0199134402166932
2023-08-01,1,Arroz grano entero 80%,Cereales,0,Kilogramo,Alajuela,Alajuela,Alajuela,782.53,820,0.9566992057492012
2023-08-01,1,Arroz grano entero 80%,Cereales,0,Kilogramo,Cartago,Cartago,Oriental,816.67,820,0.9890389229702845
2023-08-01,1,Arroz grano entero 80%,Cereales,0,Kilogramo,Heredia,Heredia,Heredia,803.16,820,0.9789558324477963
2023-08-01,1,Arroz grano entero 80%,Cereales,0,Kilogramo,Limon,Limon,Limon,832.2,820,1.0260286891160264
2023-08-01,2,Frijoles negros primera calidad,Leguminosas,0,Gramos,San Jose,San Jose,Carmen,1503.55,1450,1.0325483404750275
2023-08-01,2,Frijoles negros primera calidad,Leguminosas,0,Gramos,Alajuela,Alajuela,Alajuela,1452.53,1450,0.9998855137099125
2023-08-01,2,Frijoles negros primera calidad,Leguminosas,0,Gramos,Cartago,Cartago,Oriental,1431.07,1450,0.9868747221449662
2023-08-01,2,Frijoles negros primera calidad,Leguminosas,0,Gramos,Heredia,Heredia,Heredia,1462.09,1450,1.0018842734212714
2023-08-01,2,Frijoles negros primera calidad,Leguminosas,0,Gramos,Limon,Limon,Limon,1465.29,1450,1.0061876989588545
2023-08-01,3,Leche fluida corta duracion,Lacteos,0,Mililitros,San Jose,San Jose,Carmen,860.91,850,1.00372499371398
2023-08-01,3,Leche fluida corta duracion,Lacteos,0,Mililitros,Alajuela,Alajuela,Alajuela,843.77,850,0.9962488162073933
2023-08-01,3,Leche fluida corta duracion,Lacteos,0,Mililitros,Cartago,Cartago,Oriental,822.61,850,0.9785220521389824
2023-08-01,3,Leche fluida corta duracion,Lacteos,0,Mililitros,Heredia,Heredia,Heredia,808.92,850,0.9595086436412505
2023-08-01,3,Leche fluida corta duracion,Lacteos,0,Mililitros,Limon,Limon,Limon,842.95,850,0.9979322495916767
2023-08-01,4,Tomate,Vegetales,0,Kilogramo,San Jose,San Jose,Carmen,1494.4,1500,0.9962501400008477
2023-08-01,4,Tomate,Vegetales,0,Kilogramo,Alajuela,Alajuela,Alajuela,1451.88,1500,0.9629314867491335
2023-08-01,4,Tomate,Vegetales,0,Kilogramo,Cartago,Cartago,Oriental,1485.91,1500,0.9861539924380222
2023-08-01,4,Tomate,Vegetales,0,Kilogramo,Heredia,Heredia,Heredia,1458.5,1500,0.9675276333963756
2023-08-01,4,Tomate,Vegetales,0,Kilogramo,Limon,Limon,Limon,1470.05,1500,0.97972444199933
2023-08-01,5,Aceite vegetal,Grasas,1,Mililitros,San Jose,San Jose,Carmen,1435.72,1450,0.9906155466772643
2023-08-01,5,Aceite vegetal,Grasas,1,Mililitros,Alajuela,Alajuela,Alajuela,1382.85,1450,0.9563596656556022
2023-08-01,5,Aceite vegetal,Grasas,1,Mililitros,Cartago,Cartago,Oriental,1396.41,1450,0.9670401382119669
2023-08-01,5,Aceite vegetal,Grasas,1,Mililitros,Heredia,Heredia,Heredia,1403.47,1450,0.9658646616931001
2023-08-01,5,Aceite vegetal,Grasas,1,Mililitros,Limon,Limon,Limon,1443.94,1450,0.9974254871315906
2023-09-01,1,Arroz grano entero 80%,Cereales,0,Kilogramo,San Jose,San Jose,Carmen,821.25,820,0.9953622298576321
2023-09-01,1,Arroz grano entero 80%,Cereales,0,Kilogramo,Alajuela,Alajuela,Alajuela,792.7,820,0.972887927775434
2023-09-01,1,Arroz grano entero 80%,Cereales,0,Kilogramo,Cartago,Cartago,Oriental,799.64,820,0.9633067826897398
2023-09-01,1,Arroz grano entero 80%,Cereales,0,Kilogramo,Heredia,Heredia,Heredia,783.26,820,0.951036393251432
2023-09-01,1,Arroz grano entero 80%,Cereales,0,Kilogramo,Limon,Limon,Limon,826.61,820,1.0053605617447077
2023-09-01,2,Frijoles negros primera calidad,Leguminosas,0,Gramos,San Jose,San Jose,Carmen,1467.26,1450,1.0175754589521202
2023-09-01,2,Frijoles negros primera calidad,Leguminosas,0,Gramos,Alajuela,Alajuela,Alajuela,1514.16,1450,1.045543138672444
2023-09-01,2,Frijoles negros primera calidad,Leguminosas,0,Gramos,Cartago,Cartago,Oriental,1482.08,1450,1.02366918022286
2023-09-01,2,Frijoles negros primera calidad,Leguminosas,0,Gramos,Heredia,Heredia,Heredia,1403.25,1450,0.9727023345110853
2023-09-01,2,Frijoles negros primera calidad,Leguminosas,0,Gramos,Limon,Limon,Limon,1429.16,1450,0.9866567198628055
2023-09-01,3,Leche fluida corta duracion,Lacteos,0,Mililitros,San Jose,San Jose,Carmen,864.22,850,1.026645880582484
2023-09-01,3,Leche fluida corta duracion,Lacteos,0,Mililitros,Alajuela,Alajuela,Alajuela,846.18,850,0.9989508390599907
2023-09-01,3,Leche fluida corta duracion,Lacteos,0,Mililitros,Cartago,Cartago,Oriental,884.98,850,1.0331654712597025
2023-09-01,3,Leche fluida corta duracion,Lacteos,0,Mililitros,Heredia,Heredia,Heredia,806.69,850,0.9571290765296285
2023-09-01,3,Leche fluida corta duracion,Lacteos,0,Mililitros,Limon,Limon,Limon,816.54,850,0.9627966408206012
2023-09-01,4,Tomate,Vegetales,0,Kilogramo,San Jose,San Jose,Carmen,1562.56,1500,1.0365545397900162
2023-09-01,4,Tomate,Vegetales,0,Kilogramo,Alajuela,Alajuela,Alajuela,1502.25,1500,1.003107160778033
2023-09-01,4,Tomate,Vegetales,0,Kilogramo,Cartago,Cartago,Oriental,1437.43,1500,0.9565210667204314
2023-09-01,4,Tomate,Vegetales,0,Kilogramo,Heredia,Heredia,Heredia,1491.02,1500,1.000545860092326
2023-09-01,4,Tomate,Vegetales,0,Kilogramo,Limon,Limon,Limon,1471.58,1500,0.9797149618286517
2023-09-01,5,Aceite vegetal,Grasas,1,Mililitros,San Jose,San Jose,Carmen,1471.32,1450,1.0138541764963052
2023-09-01,5,Aceite vegetal,Grasas,1,Mililitros,Alajuela,Alajuela,Alajuela,1466.96,1450,1.007034709082403
2023-09-01,5,Aceite vegetal,Grasas,1,Mililitros,Cartago,Cartago,Oriental,1426.27,1450,0.9855079272947074
2023-09-01,5,Aceite vegetal,Grasas,1,Mililitros,Heredia,Heredia,Heredia,1396.54,1450,0.9665310942015903
2023-09-01,5,Aceite vegetal,Grasas,1,Mililitros,Limon,Limon,Limon,1442.0,1450,0.9919517662007413
2023-10-01,1,Arroz grano entero 80%,Cereales,0,Kilogramo,San Jose,San Jose,Carmen,813.71,820,0.985436278675377
2023-10-01,1,Arroz grano entero 80%,Cereales,0,Kilogramo,Alajuela,Alajuela,Alajuela,785.74,820,0.961038510892135
2023-10-01,1,Arroz grano entero 80%,Cereales,0,Kilogramo,Cartago,Cartago,Oriental,846.27,820,1.0222457452714628
2023-10-01,1,Arroz grano entero 80%,Cereales,0,Kilogramo,Heredia,Heredia,Heredia,853.38,820,1.0419593729353285
2023-10-01,1,Arroz grano entero 80%,Cereales,0,Kilogramo,Limon,Limon,Limon,814.09,820,0.9968905415537171
2023-10-01,2,Frijoles negros primera calidad,Leguminosas,0,Gramos,San Jose,San Jose,Carmen,1464.27,1450,1.0044218853015354
2023-10-01,2,Frijoles negros primera calidad,Leguminosas,0,Gramos,Alajuela,Alajuela,Alajuela,1477.89,1450,1.019369023467076
2023-10-01,2,Frijoles negros primera calidad,Leguminosas,0,Gramos,Cartago,Cartago,Oriental,1446.41,1450,0.9937137924181106
2023-10-01,2,Frijoles negros primera calidad,Leguminosas,0,Gramos,Heredia,Heredia,Heredia,1370.18,1450,0.9504446124409516
2023-10-01,2,Frijoles negros primera calidad,Leguminosas,0,Gramos,Limon,Limon,Limon,1456.75,1450,0.9981220346220753
2023-10-01,3,Leche fluida corta duracion,Lacteos,0,Mililitros,San Jose,San Jose,Carmen,839.69,850,0.9825958428420531
2023-10-01,3,Leche fluida corta duracion,Lacteos,0,Mililitros,Alajuela,Alajuela,Alajuela,811.33,850,0.964955467196201
2023-10-01,3,Leche fluida corta duracion,Lacteos,0,Mililitros,Cartago,Cartago,Oriental,864.94,850,1.0203366502941142
2023-10-01,3,Leche fluida corta duracion,Lacteos,0,Mililitros,Heredia,Heredia,Heredia,855.03,850,0.9992465199568626
2023-10-01,3,Leche fluida corta duracion,Lacteos,0,Mililitros,Limon,Limon,Limon,864.58,850,1.025413501589309
2023-10-01,4,Tomate,Vegetales,0,Kilogramo,San Jose,San Jose,Carmen,1488.2,1500,0.9876911133128456
2023-10-01,4,Tomate,Vegetales,0,Kilogramo,Alajuela,Alajuela,Alajuela,1489.79,1500,0.9942325578100523
2023-10-01,4,Tomate,Vegetales,0,Kilogramo,Cartago,Cartago,Oriental,1539.22,1500,1.02295614972905
2023-10-01,4,Tomate,Vegetales,0,Kilogramo,Heredia,Heredia,Heredia,1552.29,1500,1.0314362106681196
2023-10-01,4,Tomate,Vegetales,0,Kilogramo,Limon,Limon,Limon,1479.38,1500,0.97959991271243
2023-10-01,5,Aceite vegetal,Grasas,1,Mililitros,San Jose,San Jose,Carmen,1474.79,1450,1.0127525917203908
2023-10-01,5,Aceite vegetal,Grasas,1,Mililitros,Alajuela,Alajuela,Alajuela,1459.77,1450,1.012886291452359
2023-10-01,5,Aceite vegetal,Grasas,1,Mililitros,Cartago,Cartago,Oriental,1470.61,1450,1.0086456966938548
2023-10-01,5,Aceite vegetal,Grasas,1,Mililitros,Heredia,Heredia,Heredia,1371.98,1450,0.9513675437215127
2023-10-01,5,Aceite vegetal,Grasas,1,Mililitros,Limon,Limon,Limon,1427.03,1450,0.9788101198241714
2023-11-01,1,Arroz grano entero 80%,Cereales,0,Kilogramo,San Jose,San Jose,Carmen,842.61,820,1.028769370776121
2023-11-01,1,Arroz grano entero 80%,Cereales,0,Kilogramo,Alajuela,Alajuela,Alajuela,843.16,820,1.0234991408082903
2023-11-01,1,Arroz grano entero 80%,Cereales,0,Kilogramo,Cartago,Cartago,Oriental,809.53,820,0.9845330652036196
2023-11-01,1,Arroz grano entero 80%,Cereales,0,Kilogramo,Heredia,Heredia,Heredia,839.18,820,1.0210950343575111
2023-11-01,1,Arroz grano entero 80%,Cereales,0,Kilogramo,Limon,Limon,Limon,814.57,820,1.0049306675798622
2023-11-01,2,Frijoles negros primera calidad,Leguminosas,0,Gramos,San Jose,San Jose,Carmen,1376.1,1450,0.9523080016756446
2023-11-01,2,Frijoles negros primera calidad,Leguminosas,0,Gramos,Alajuela,Alajuela,Alajuela,1403.56,1450,0.967157658457288
2023-11-01,2,Frijoles negros primera calidad,Leguminosas,0,Gramos,Cartago,Cartago,Oriental,1463.23,1450,1.0040020547269022
2023-11-01,2,Frijoles negros primera calidad,Leguminosas,0,Gramos,Heredia,Heredia,Heredia,1460.57,1450,1.0114538397906148
2023-11-01,2,Frijoles negros primera calidad,Leguminosas,0,Gramos,Limon,Limon,Limon,1461.61,1450,1.0119176618423562
2023-11-01,3,Leche fluida corta duracion,Lacteos,0,Mililitros,San Jose,San Jose,Carmen,839.94,850,0.9808981032495137
2023-11-01,3,Leche fluida corta duracion,Lacteos,0,Mililitros,Alajuela,Alajuela,Alajuela,819.38,850,0.9605227678702024
2023-11-01,3,Leche fluida corta duracion,Lacteos,0,Mililitros,Cartago,Cartago,Oriental,859.84,850,1.011378471009327
2023-11-01,3,Leche fluida corta duracion,Lacteos,0,Mililitros,Heredia,Heredia,Heredia,830.14,850,0.9705541376422289
2023-11-01,3,Leche fluida corta duracion,Lacteos,0,Mililitros,Limon,Limon,Limon,869.93,850,1.0250017524871595
2023-11-01,4,Tomate,Vegetales,0,Kilogramo,San Jose,San Jose,Carmen,1545.23,1500,1.0319135436286409
2023-11-01,4,Tomate,Vegetales,0,Kilogramo,Alajuela,Alajuela,Alajuela,1491.36,1500,0.9907105802615708
2023-11-01,4,Tomate,Vegetales,0,Kilogramo,Cartago,Cartago,Oriental,1567.81,1500,1.0393423769722687
2023-11-01,4,Tomate,Vegetales,0,Kilogramo,Heredia,Heredia,Heredia,1499.09,1500,0.9983078547003332
2023-11-01,4,Tomate,Vegetales,0,Kilogramo,Limon,Limon,Limon,1498.09,1500,0.9948610855383386
2023-11-01,5,Aceite vegetal,Grasas,1,Mililitros,San Jose,San Jose,Carmen,1432.13,1450,0.990108195216759
2023-11-01,5,Aceite vegetal,Grasas,1,Mililitros,Alajuela,Alajuela,Alajuela,1505.47,1450,1.04258051562171
2023-11-01,5,Aceite vegetal,Grasas,1,Mililitros,Cartago,Cartago,Oriental,1471.33,1450,1.0144986990924603
2023-11-01,5,Aceite vegetal,Grasas,1,Mililitros,Heredia,Heredia,Heredia,1483.1,1450,1.0182708439547212
2023-11-01,5,Aceite vegetal,Grasas,1,Mililitros,Limon,Limon,Limon,1451.58,1450,0.9998202211925468
2023-12-01,1,Arroz grano entero 80%,Cereales,0,Kilogramo,San Jose,San Jose,Carmen,805.73,820,0.9909910595718636
2023-12-01,1,Arroz grano entero 80%,Cereales,0,Kilogramo,Alajuela,Alajuela,Alajuela,833.26,820,1.0057034525612996
2023-12-01,1,Arroz grano entero 80%,Cereales,0,Kilogramo,Cartago,Cartago,Oriental,857.56,820,1.0410043819456312
2023-12-01,1,Arroz grano entero 80%,Cereales,0,Kilogramo,Heredia,Heredia,Heredia,841.22,820,1.0195019575118636
2023-12-01,1,Arroz grano entero 80%,Cereales,0,Kilogramo,Limon,Limon,Limon,863.64,820,1.0493147318681795
2023-12-01,2,Frijoles negros primera calidad,Leguminosas,0,Gramos,San Jose,San Jose,Carmen,1494.78,1450,1.0301748190586242
2023-12-01,2,Frijoles negros primera calidad,Leguminosas,0,Gramos,Alajuela,Alajuela,Alajuela,1386.2,1450,0.9543933328251724
2023-12-01,2,Frijoles negros primera calidad,Leguminosas,0,Gramos,Cartago,Cartago,Oriental,1393.98,1450,0.9639514975457231
2023-12-01,2,Frijoles negros primera calidad,Leguminosas,0,Gramos,Heredia,Heredia,Heredia,1494.7,1450,1.0290106471796376
2023-12-01,2,Frijoles negros primera calidad,Leguminosas,0,Gramos,Limon,Limon,Limon,1455.72,1450,1.0039175851474358
2023-12-01,3,Leche fluida corta duracion,Lacteos,0,Mililitros,San Jose,San Jose,Carmen,820.97,850,0.966913135327386
2023-12-01,3,Leche fluida corta duracion,Lacteos,0,Mililitros,Alajuela,Alajuela,Alajuela,814.35,850,0.9557317572556863
2023-12-01,3,Leche fluida corta duracion,Lacteos,0,Mililitros,Cartago,Cartago,Oriental,831.69,850,0.9874749400070892
2023-12-01,3,Leche fluida corta duracion,Lacteos,0,Mililitros,Heredia,Heredia,Heredia,858.68,850,1.0110425969489574
2023-12-01,3,Leche fluida corta duracion,Lacteos,0,Mililitros,Limon,Limon,Limon,883.98,850,1.0421695803687245
2023-12-01,4,Tomate,Vegetales,0,Kilogramo,San Jose,San Jose,Carmen,1474.68,1500,0.9798623953217213
2023-12-01,4,Tomate,Vegetales,0,Kilogramo,Alajuela,Alajuela,Alajuela,1528.56,1500,1.0127405443208788
2023-12-01,4,Tomate,Vegetales,0,Kilogramo,Cartago,Cartago,Oriental,1556.35,1500,1.038586207033706
2023-12-01,4,Tomate,Vegetales,0,Kilogramo,Heredia,Heredia,Heredia,1509.6,1500,1.0098171316626605
2023-12-01,4,Tomate,Vegetales,0,Kilogramo,Limon,Limon,Limon,1460.75,1500,0.9710655486382437
2023-12-01,5,Aceite vegetal,Grasas,1,Mililitros,San Jose,San Jose,Carmen,1438.8,1450,0.9880412880756321
2023-12-01,5,Aceite vegetal,Grasas,1,Mililitros,Alajuela,Alajuela,Alajuela,1400.67,1450,0.9728471677912945
2023-12-01,5,Aceite vegetal,Grasas,1,Mililitros,Cartago,Cartago,Oriental,1479.34,1450,1.0159247011078039
2023-12-01,5,Aceite vegetal,Grasas,1,Mililitros,Heredia,Heredia,Heredia,1435.02,1450,0.9946522001213568
2023-12-01,5,Aceite vegetal,Grasas,1,Mililitros,Limon,Limon,Limon,1503.74,1450,1.0386612955878964
2024-01-01,1,Arroz grano entero 80%,Cereales,0,Kilogramo,San Jose,San Jose,Carmen,815.49,820,0.9862511029844048
2024-01-01,1,Arroz grano entero 80%,Cereales,0,Kilogramo,Alajuela,Alajuela,Alajuela,844.44,820,1.0339561937009283
2024-01-01,1,Arroz grano entero 80%,Cereales,0,Kilogramo,Cartago,Cartago,Oriental,840.52,820,1.0212255758341973
2024-01-01,1,Arroz grano entero 80%,Cereales,0,Kilogramo,Heredia,Heredia,Heredia,842.7,820,1.0290413357798927
2024-01-01,1,Arroz grano entero 80%,Cereales,0,Kilogramo,Limon,Limon,Limon,860.79,820,1.040481153741432
2024-01-01,2,Frijoles negros primera calidad,Leguminosas,0,Gramos,San Jose,San Jose,Carmen,1436.86,1450,0.9972941844319168
2024-01-01,2,Frijoles negros primera calidad,Leguminosas,0,Gramos,Alajuela,Alajuela,Alajuela,1465.49,1450,1.0080669401316793
2024-01-01,2,Frijoles negros primera calidad,Leguminosas,0,Gramos,Cartago,Cartago,Oriental,1440.65,1450,0.9976311488256736
2024-01-01,2,Frijoles negros primera calidad,Leguminosas,0,Gramos,Heredia,Heredia,Heredia,1507.28,1450,1.0375138947512874
2024-01-01,2,Frijoles negros primera calidad,Leguminosas,0,Gramos,Limon,Limon,Limon,1468.32,1450,1.0175046003243504
2024-01-01,3,Leche fluida corta duracion,Lacteos,0,Mililitros,San Jose,San Jose,Carmen,878.41,850,1.037895565568962
2024-01-01,3,Leche fluida corta duracion,Lacteos,0,Mililitros,Alajuela,Alajuela,Alajuela,877.35,850,1.0222899299221486
2024-01-01,3,Leche fluida corta duracion,Lacteos,0,Mililitros,Cartago,Cartago,Oriental,858.48,850,0.9996184098377267
2024-01-01,3,Leche fluida corta duracion,Lacteos,0,Mililitros,Heredia,Heredia,Heredia,827.57,850,0.9806565117310303
2024-01-01,3,Leche fluida corta duracion,Lacteos,0,Mililitros,Limon,Limon,Limon,823.83,850,0.959989115694766
2024-01-01,4,Tomate,Vegetales,0,Kilogramo,San Jose,San Jose,Carmen,1477.17,1500,0.9854689410660167
2024-01-01,4,Tomate,Vegetales,0,Kilogramo,Alajuela,Alajuela,Alajuela,1565.9,1500,1.0407748088226325
2024-01-01,4,Tomate,Vegetales,0,Kilogramo,Cartago,Cartago,Oriental,1461.07,1500,0.9688972891259762
2024-01-01,4,Tomate,Vegetales,0,Kilogramo,Heredia,Heredia,Heredia,1485.77,1500,0.9932243009805192
2024-01-01,4,Tomate,Vegetales,0,Kilogramo,Limon,Limon,Limon,1564.64,1500,1.0383668238332833
2024-01-01,5,Aceite vegetal,Grasas,1,Mililitros,San Jose,San Jose,Carmen,1415.36,1450,0.9760815212227818
2024-01-01,5,Aceite vegetal,Grasas,1,Mililitros,Alajuela,Alajuela,Alajuela,1410.95,1450,0.9682513458141204
2024-01-01,5,Aceite vegetal,Grasas,1,Mililitros,Cartago,Cartago,Oriental,1444.67,1450,0.9983628176324002
2024-01-01,5,Aceite vegetal,Grasas,1,Mililitros,Heredia,Heredia,Heredia,1427.38,1450,0.9798831881636357
2024-01-01,5,Aceite vegetal,Grasas,1,Mililitros,Limon,Limon,Limon,1374.47,1450,0.9500140562838145
2024-02-01,1,Arroz grano entero 80%,Cereales,0,Kilogramo,San Jose,San Jose,Carmen,825.99,820,0.9982450184501063
2024-02-01,1,Arroz grano entero 80%,Cereales,0,Kilogramo,Alajuela,Alajuela,Alajuela,853.36,820,1.0354312292597094
2024-02-01,1,Arroz grano entero 80%,Cereales,0,Kilogramo,Cartago,Cartago,Oriental,786.56,820,0.9677487986596609
2024-02-01,1,Arroz grano entero 80%,Cereales,0,Kilogramo,Heredia,Heredia,Heredia,843.33,820,1.0258240341288032
2024-02-01,1,Arroz grano entero 80%,Cereales,0,Kilogramo,Limon,Limon,Limon,836.41,820,1.0114740806080285
2024-02-01,2,Frijoles negros primera calidad,Leguminosas,0,Gramos,San Jose,San Jose,Carmen,1472.15,1450,1.014550798199728
2024-02-01,2,Frijoles negros primera calidad,Leguminosas,0,Gramos,Alajuela,Alajuela,Alajuela,1423.49,1450,0.975783954221205
2024-02-01,2,Frijoles negros primera calidad,Leguminosas,0,Gramos,Cartago,Cartago,Oriental,1467.36,1450,1.0182452256727414
2024-02-01,2,Frijoles negros primera calidad,Leguminosas,0,Gramos,Heredia,Heredia,Heredia,1484.47,1450,1.0179414376016536
2024-02-01,2,Frijoles negros primera calidad,Leguminosas,0,Gramos,Limon,Limon,Limon,1429.61,1450,0.9821833597074728
2024-02-01,3,Leche fluida corta duracion,Lacteos,0,Mililitros,San Jose,San Jose,Carmen,820.81,850,0.9549542128706912
2024-02-01,3,Leche fluida corta duracion,Lacteos,0,Mililitros,Alajuela,Alajuela,Alajuela,884.59,850,1.0450717474675284
2024-02-01,3,Leche fluida corta duracion,Lacteos,0,Mililitros,Cartago,Cartago,Oriental,858.97,850,1.010938334943149
2024-02-01,3,Leche fluida corta duracion,Lacteos,0,Mililitros,Heredia,Heredia,Heredia,810.48,850,0.950832123059179
2024-02-01,3,Leche fluida corta duracion,Lacteos,0,Mililitros,Limon,Limon,Limon,818.61,850,0.9732165908895909
2024-02-01,4,Tomate,Vegetales,0,Kilogramo,San Jose,San Jose,Carmen,1472.81,1500,0.984861822217945
2024-02-01,4,Tomate,Vegetales,0,Kilogramo,Alajuela,Alajuela,Alajuela,1562.01,1500,1.0458101936158224
2024-02-01,4,Tomate,Vegetales,0,Kilogramo,Cartago,Cartago,Oriental,1435.26,1500,0.9602956904624964
2024-02-01,4,Tomate,Vegetales,0,Kilogramo,Heredia,Heredia,Heredia,1539.86,1500,1.0274396703693678
2024-02-01,4,Tomate,Vegetales,0,Kilogramo,Limon,Limon,Limon,1575.01,1500,1.0438116368332104
2024-02-01,5,Aceite vegetal,Grasas,1,Mililitros,San Jose,San Jose,Carmen,1473.37,1450,1.0178867955812556
2024-02-01,5,Aceite vegetal,Grasas,1,Mililitros,Alajuela,Alajuela,Alajuela,1412.93,1450,0.9795401466753629
2024-02-01,5,Aceite vegetal,Grasas,1,Mililitros,Cartago,Cartago,Oriental,1445.01,1450,0.9999073377714609
2024-02-01,5,Aceite vegetal,Grasas,1,Mililitros,Heredia,Heredia,Heredia,1451.88,1450,1.0010127067114332
2024-02-01,5,Aceite vegetal,Grasas,1,Mililitros,Limon,Limon,Limon,1506.03,1450,1.0374546304018724
2024-03-01,1,Arroz grano entero 80%,Cereales,0,Kilogramo,San Jose,San Jose,Carmen,804.32,820,0.9916866166209527
2024-03-01,1,Arroz grano entero 80%,Cereales,0,Kilogramo,Alajuela,Alajuela,Alajuela,855.61,820,1.0405065406472431
2024-03-01,1,Arroz grano entero 80%,Cereales,0,Kilogramo,Cartago,Cartago,Oriental,841.93,820,1.030644641468668
2024-03-01,1,Arroz grano entero 80%,Cereales,0,Kilogramo,Heredia,Heredia,Heredia,802.23,820,0.9834541161844179
2024-03-01,1,Arroz grano entero 80%,Cereales,0,Kilogramo,Limon,Limon,Limon,797.97,820,0.9769587459718524
2024-03-01,2,Frijoles negros primera calidad,Leguminosas,0,Gramos,San Jose,San Jose,Carmen,1495.8,1450,1.0304507857552403
2024-03-01,2,Frijoles negros primera calidad,Leguminosas,0,Gramos,Alajuela,Alajuela,Alajuela,1463.19,1450,1.005723226349947
2024-03-01,2,Frijoles negros primera calidad,Leguminosas,0,Gramos,Cartago,Cartago,Oriental,1476.94,1450,1.0158593557374098
2024-03-01,2,Frijoles negros primera calidad,Leguminosas,0,Gramos,Heredia,Heredia,Heredia,1432.08,1450,0.9846720274189644
2024-03-01,2,Frijoles negros primera calidad,Leguminosas,0,Gramos,Limon,Limon,Limon,1425.41,1450,0.985140332102386
2024-03-01,3,Leche fluida corta duracion,Lacteos,0,Mililitros,San Jose,San Jose,Carmen,818.6,850,0.9603242639888524
2024-03-01,3,Leche fluida corta duracion,Lacteos,0,Mililitros,Alajuela,Alajuela,Alajuela,870.82,850,1.0207313642536862
2024-03-01,3,Leche fluida corta duracion,Lacteos,0,Mililitros,Cartago,Cartago,Oriental,895.2,850,1.043763066341449
2024-03-01,3,Leche fluida corta duracion,Lacteos,0,Mililitros,Heredia,Heredia,Heredia,882.13,850,1.0386956717215208
2024-03-01,3,Leche fluida corta duracion,Lacteos,0,Mililitros,Limon,Limon,Limon,874.13,850,1.0212312303307276
2024-03-01,4,Tomate,Vegetales,0,Kilogramo,San Jose,San Jose,Carmen,1491.96,1500,0.9896509088848403
2024-03-01,4,Tomate,Vegetales,0,Kilogramo,Alajuela,Alajuela,Alajuela,1421.83,1500,0.9529584636221522
2024-03-01,4,Tomate,Vegetales,0,Kilogramo,Cartago,Cartago,Oriental,1533.9,1500,1.0194876363419731
2024-03-01,4,Tomate,Vegetales,0,Kilogramo,Heredia,Heredia,Heredia,1511.86,1500,1.0074531892937504
2024-03-01,4,Tomate,Vegetales,0,Kilogramo,Limon,Limon,Limon,1512.15,1500,1.0021012998443002
2024-03-01,5,Aceite vegetal,Grasas,1,Mililitros,San Jose,San Jose,Carmen,1425.98,1450,0.9881662640218087
2024-03-01,5,Aceite vegetal,Grasas,1,Mililitros,Alajuela,Alajuela,Alajuela,1509.96,1450,1.0421306579599847
2024-03-01,5,Aceite vegetal,Grasas,1,Mililitros,Cartago,Cartago,Oriental,1461.03,1450,1.0028936514481763
2024-03-01,5,Aceite vegetal,Grasas,1,Mililitros,Heredia,Heredia,Heredia,1371.32,1450,0.9509136655700803
2024-03-01,5,Aceite vegetal,Grasas,1,Mililitros,Limon,Limon,Limon,1410.61,1450,0.9721818861783925
2024-04-01,1,Arroz grano entero 80%,Cereales,0,Kilogramo,San Jose,San Jose,Carmen,797.71,820,0.9831476742271513
2024-04-01,1,Arroz grano entero 80%,Cereales,0,Kilogramo,Alajuela,Alajuela,Alajuela,825.82,820,1.0163942399203103
2024-04-01,1,Arroz grano entero 80%,Cereales,0,Kilogramo,Cartago,Cartago,Oriental,860.12,820,1.0429620009288847
2024-04-01,1,Arroz grano entero 80%,Cereales,0,Kilogramo,Heredia,Heredia,Heredia,828.25,820,1.0082305040910737
2024-04-01,1,Arroz grano entero 80%,Cereales,0,Kilogramo,Limon,Limon,Limon,816.01,820,0.9930978435529794
2024-04-01,2,Frijoles negros primera calidad,Leguminosas,0,Gramos,San Jose,San Jose,Carmen,1444.18,1450,0.9920418106450984
2024-04-01,2,Frijoles negros primera calidad,Leguminosas,0,Gramos,Alajuela,Alajuela,Alajuela,1414.65,1450,0.977381613958998
2024-04-01,2,Frijoles negros primera calidad,Leguminosas,0,Gramos,Cartago,Cartago,Oriental,1426.66,1450,0.9837132886478158
2024-04-01,2,Frijoles negros primera calidad,Leguminosas,0,Gramos,Heredia,Heredia,Heredia,1395.11,1450,0.9628833691895933
2024-04-01,2,Frijoles negros primera calidad,Leguminosas,0,Gramos,Limon,Limon,Limon,1464.05,1450,1.0146479406055244
2024-04-01,3,Leche fluida corta duracion,Lacteos,0,Mililitros,San Jose,San Jose,Carmen,853.52,850,1.0054491555919556
2024-04-01,3,Leche fluida corta duracion,Lacteos,0,Mililitros,Alajuela,Alajuela,Alajuela,822.69,850,0.9677906188317956
2024-04-01,3,Leche fluida corta duracion,Lacteos,0,Mililitros,Cartago,Cartago,Oriental,853.21,850,0.9933997364391008
2024-04-01,3,Leche fluida corta duracion,Lacteos,0,Mililitros,Heredia,Heredia,Heredia,815.38,850,0.9530211311348041
2024-04-01,3,Leche fluida corta duracion,Lacteos,0,Mililitros,Limon,Limon,Limon,836.67,850,0.9860208963066062
2024-04-01,4,Tomate,Vegetales,0,Kilogramo,San Jose,San Jose,Carmen,1522.21,1500,1.0111087992744932
2024-04-01,4,Tomate,Vegetales,0,Kilogramo,Alajuela,Alajuela,Alajuela,1554.11,1500,1.036162687597348
2024-04-01,4,Tomate,Vegetales,0,Kilogramo,Cartago,Cartago,Oriental,1435.09,1500,0.9555740067938034
2024-04-01,4,Tomate,Vegetales,0,Kilogramo,Heredia,Heredia,Heredia,1455.34,1500,0.9705347927665517
2024-04-01,4,Tomate,Vegetales,0,Kilogramo,Limon,Limon,Limon,1525.99,1500,1.0143986103677611
2024-04-01,5,Aceite vegetal,Grasas,1,Mililitros,San Jose,San Jose,Carmen,1491.08,1450,1.0301924034683692
2024-04-01,5,Aceite vegetal,Grasas,1,Mililitros,Alajuela,Alajuela,Alajuela,1481.46,1450,1.027135123901087
2024-04-01,5,Aceite vegetal,Grasas,1,Mililitros,Cartago,Cartago,Oriental,1420.48,1450,0.9758613342276513
2024-04-01,5,Aceite vegetal,Grasas,1,Mililitros,Heredia,Heredia,Heredia,1473.9,1450,1.0159772430237044
2024-04-01,5,Aceite vegetal,Grasas,1,Mililitros,Limon,Limon,Limon,1504.38,1450,1.043464681056706
2024-05-01,1,Arroz grano entero 80%,Cereales,0,Kilogramo,San Jose,San Jose,Carmen,816.01,820,0.9875035930694082
2024-05-01,1,Arroz grano entero 80%,Cereales,0,Kilogramo,Alajuela,Alajuela,Alajuela,817.49,820,1.0038409778445998
2024-05-01,1,Arroz grano entero 80%,Cereales,0,Kilogramo,Cartago,Cartago,Oriental,787.76,820,0.9516337810894123
2024-05-01,1,Arroz grano entero 80%,Cereales,0,Kilogramo,Heredia,Heredia,Heredia,833.93,820,1.028774986424283
2024-05-01,1,Arroz grano entero 80%,Cereales,0,Kilogramo,Limon,Limon,Limon,847.99,820,1.0388405985619726
2024-05-01,2,Frijoles negros primera calidad,Leguminosas,0,Gramos,San Jose,San Jose,Carmen,1524.81,1450,1.0468748679035305
2024-05-01,2,Frijoles negros primera calidad,Leguminosas,0,Gramos,Alajuela,Alajuela,Alajuela,1412.14,1450,0.9777606250787542
2024-05-01,2,Frijoles negros primera calidad,Leguminosas,0,Gramos,Cartago,Cartago,Oriental,1401.19,1450,0.9617002872541514
2024-05-01,2,Frijoles negros primera calidad,Leguminosas,0,Gramos,Heredia,Heredia,Heredia,1519.45,1450,1.0467764372270538
2024-05-01,2,Frijoles negros primera calidad,Leguminosas,0,Gramos,Limon,Limon,Limon,1522.59,1450,1.0493517530323604
2024-05-01,3,Leche fluida corta duracion,Lacteos,0,Mililitros,San Jose,San Jose,Carmen,836.11,850,0.972537579820207
2024-05-01,3,Leche fluida corta duracion,Lacteos,0,Mililitros,Alajuela,Alajuela,Alajuela,851.68,850,1.0115963060402435
2024-05-01,3,Leche fluida corta duracion,Lacteos,0,Mililitros,Cartago,Cartago,Oriental,888.87,850,1.0370613826122577
2024-05-01,3,Leche fluida corta duracion,Lacteos,0,Mililitros,Heredia,Heredia,Heredia,877.45,850,1.0273799862732593
2024-05-01,3,Leche fluida corta duracion,Lacteos,0,Mililitros,Limon,Limon,Limon,870.33,850,1.0251466127031668
2024-05-01,4,Tomate,Vegetales,0,Kilogramo,San Jose,San Jose,Carmen,1489.48,1500,0.9966852428675195
2024-05-01,4,Tomate,Vegetales,0,Kilogramo,Alajuela,Alajuela,Alajuela,1448.37,1500,0.968784811480649
2024-05-01,4,Tomate,Vegetales,0,Kilogramo,Cartago,Cartago,Oriental,1515.9,1500,1.0100487992495506
2024-05-01,4,Tomate,Vegetales,0,Kilogramo,Heredia,Heredia,Heredia,1447.14,1500,0.9650680679844985
2024-05-01,4,Tomate,Vegetales,0,Kilogramo,Limon,Limon,Limon,1431.04,1500,0.9575462165190645
2024-05-01,5,Aceite vegetal,Grasas,1,Mililitros,San Jose,San Jose,Carmen,1497.78,1450,1.0363389081271943
2024-05-01,5,Aceite vegetal,Grasas,1,Mililitros,Alajuela,Alajuela,Alajuela,1474.2,1450,1.010798451519144
2024-05-01,5,Aceite vegetal,Grasas,1,Mililitros,Cartago,Cartago,Oriental,1396.93,1450,0.9604083473133657
2024-05-01,5,Aceite vegetal,Grasas,1,Mililitros,Heredia,Heredia,Heredia,1509.59,1450,1.0407320962918427
2024-05-01,5,Aceite vegetal,Grasas,1,Mililitros,Limon,Limon,Limon,1384.01,1450,0.9572705065579564
2024-06-01,1,Arroz grano entero 80%,Cereales,0,Kilogramo,San Jose,San Jose,Carmen,819.34,820,0.9971305289375698
2024-06-01,1,Arroz grano entero 80%,Cereales,0,Kilogramo,Alajuela,Alajuela,Alajuela,846.16,820,1.0420451227009453
2024-06-01,1,Arroz grano entero 80%,Cereales,0,Kilogramo,Cartago,Cartago,Oriental,848.41,820,1.0441327438379333
2024-06-01,1,Arroz grano entero 80%,Cereales,0,Kilogramo,Heredia,Heredia,Heredia,836.31,820,1.0100039178787688
2024-06-01,1,Arroz grano entero 80%,Cereales,0,Kilogramo,Limon,Limon,Limon,826.88,820,1.0035194456427787
2024-06-01,2,Frijoles negros primera calidad,Leguminosas,0,Gramos,San Jose,San Jose,Carmen,1509.46,1450,1.0428717468132382
2024-06-01,2,Frijoles negros primera calidad,Leguminosas,0,Gramos,Alajuela,Alajuela,Alajuela,1439.12,1450,0.9899326069524587
2024-06-01,2,Frijoles negros primera calidad,Leguminosas,0,Gramos,Cartago,Cartago,Oriental,1514.78,1450,1.0414054719773675
2024-06-01,2,Frijoles negros primera calidad,Leguminosas,0,Gramos,Heredia,Heredia,Heredia,1420.03,1450,0.9754679740169632
2024-06-01,2,Frijoles negros primera calidad,Leguminosas,0,Gramos,Limon,Limon,Limon,1417.31,1450,0.9824220286634503
2024-06-01,3,Leche fluida corta duracion,Lacteos,0,Mililitros,San Jose,San Jose,Carmen,887.15,850,1.0364450537373902
2024-06-01,3,Leche fluida corta duracion,Lacteos,0,Mililitros,Alajuela,Alajuela,Alajuela,872.29,850,1.0339366605811187
2024-06-01,3,Leche fluida corta duracion,Lacteos,0,Mililitros,Cartago,Cartago,Oriental,892.58,850,1.0387771825215977
2024-06-01,3,Leche fluida corta duracion,Lacteos,0,Mililitros,Heredia,Heredia,Heredia,829.55,850,0.9741226692023146
2024-06-01,3,Leche fluida corta duracion,Lacteos,0,Mililitros,Limon,Limon,Limon,812.44,850,0.9636703535310578
2024-06-01,4,Tomate,Vegetales,0,Kilogramo,San Jose,San Jose,Carmen,1535.2,1500,1.0207413858981835
2024-06-01,4,Tomate,Vegetales,0,Kilogramo,Alajuela,Alajuela,Alajuela,1437.63,1500,0.9524896745135567
2024-06-01,4,Tomate,Vegetales,0,Kilogramo,Cartago,Cartago,Oriental,1564.66,1500,1.0375464922896402
2024-06-01,4,Tomate,Vegetales,0,Kilogramo,Heredia,Heredia,Heredia,1457.18,1500,0.9769726808195063
2024-06-01,4,Tomate,Vegetales,0,Kilogramo,Limon,Limon,Limon,1535.08,1500,1.0282445014684427
2024-06-01,5,Aceite vegetal,Grasas,1,Mililitros,San Jose,San Jose,Carmen,1515.86,1450,1.0398505956445052
2024-06-01,5,Aceite vegetal,Grasas,1,Mililitros,Alajuela,Alajuela,Alajuela,1511.23,1450,1.0427171975069665
2024-06-01,5,Aceite vegetal,Grasas,1,Mililitros,Cartago,Cartago,Oriental,1498.26,1450,1.0320069230839886
2024-06-01,5,Aceite vegetal,Grasas,1,Mililitros,Heredia,Heredia,Heredia,1431.51,1450,0.9810568582473783
2024-06-01,5,Aceite vegetal,Grasas,1,Mililitros,Limon,Limon,Limon,1382.48,1450,0.9541063131160485
2024-07-01,1,Arroz grano entero 80%,Cereales,0,Kilogramo,San Jose,San Jose,Carmen,858.09,820,1.038055586450035
2024-07-01,1,Arroz grano entero 80%,Cereales,0,Kilogramo,Alajuela,Alajuela,Alajuela,807.48,820,0.9863190534586681
2024-07-01,1,Arroz grano entero 80%,Cereales,0,Kilogramo,Cartago,Cartago,Oriental,797.55,820,0.9633386814945999
2024-07-01,1,Arroz grano entero 80%,Cereales,0,Kilogramo,Heredia,Heredia,Heredia,826.58,820,1.003901028412264
2024-07-01,1,Arroz grano entero 80%,Cereales,0,Kilogramo,Limon,Limon,Limon,798.36,820,0.9747793049645407
2024-07-01,2,Frijoles negros primera calidad,Leguminosas,0,Gramos,San Jose,San Jose,Carmen,1516.43,1450,1.044909089358091
2024-07-01,2,Frijoles negros primera calidad,Leguminosas,0,Gramos,Alajuela,Alajuela,Alajuela,1433.57,1450,0.9882984444881794
2024-07-01,2,Frijoles negros primera calidad,Leguminosas,0,Gramos,Cartago,Cartago,Oriental,1505.76,1450,1.0373406665381848
2024-07-01,2,Frijoles negros primera calidad,Leguminosas,0,Gramos,Heredia,Heredia,Heredia,1435.53,1450,0.9848274371382243
2024-07-01,2,Frijoles negros primera calidad,Leguminosas,0,Gramos,Limon,Limon,Limon,1430.86,1450,0.9800078350717117
2024-07-01,3,Leche fluida corta duracion,Lacteos,0,Mililitros,San Jose,San Jose,Carmen,856.68,850,1.0040342904003399
2024-07-01,3,Leche fluida corta duracion,Lacteos,0,Mililitros,Alajuela,Alajuela,Alajuela,877.02,850,1.0348537834162093
2024-07-01,3,Leche fluida corta duracion,Lacteos,0,Mililitros,Cartago,Cartago,Oriental,865.75,850,1.021088114823022
2024-07-01,3,Leche fluida corta duracion,Lacteos,0,Mililitros,Heredia,Heredia,Heredia,877.84,850,1.0227340477677327
2024-07-01,3,Leche fluida corta duracion,Lacteos,0,Mililitros,Limon,Limon,Limon,802.03,850,0.9544073875778881
2024-07-01,4,Tomate,Vegetales,0,Kilogramo,San Jose,San Jose,Carmen,1474.62,1500,0.9888191717332675
2024-07-01,4,Tomate,Vegetales,0,Kilogramo,Alajuela,Alajuela,Alajuela,1534.76,1500,1.0199112972191968
2024-07-01,4,Tomate,Vegetales,0,Kilogramo,Cartago,Cartago,Oriental,1530.4,1500,1.0183389504903568
2024-07-01,4,Tomate,Vegetales,0,Kilogramo,Heredia,Heredia,Heredia,1446.9,1500,0.9695253453965241
2024-07-01,4,Tomate,Vegetales,0,Kilogramo,Limon,Limon,Limon,1477.27,1500,0.9914412929759968
2024-07-01,5,Aceite vegetal,Grasas,1,Mililitros,San Jose,San Jose,Carmen,1475.21,1450,1.0176021073562385
2024-07-01,5,Aceite vegetal,Grasas,1,Mililitros,Alajuela,Alajuela,Alajuela,1383.01,1450,0.9521767110649668
2024-07-01,5,Aceite vegetal,Grasas,1,Mililitros,Cartago,Cartago,Oriental,1495.51,1450,1.0307903372677212
2024-07-01,5,Aceite vegetal,Grasas,1,Mililitros,Heredia,Heredia,Heredia,1392.71,1450,0.9625578005548646
2024-07-01,5,Aceite vegetal,Grasas,1,Mililitros,Limon,Limon,Limon,1438.16,1450,0.9946792111341985
2024-08-01,1,Arroz grano entero 80%,Cereales,0,Kilogramo,San Jose,San Jose,Carmen,841.72,820,1.0233874831238874
2024-08-01,1,Arroz grano entero 80%,Cereales,0,Kilogramo,Alajuela,Alajuela,Alajuela,772.38,820,0.9534575199884932
2024-08-01,1,Arroz grano entero 80%,Cereales,0,Kilogramo,Cartago,Cartago,Oriental,781.41,820,0.9551716656967614
2024-08-01,1,Arroz grano entero 80%,Cereales,0,Kilogramo,Heredia,Heredia,Heredia,788.87,820,0.9593057801798024
2024-08-01,1,Arroz grano entero 80%,Cereales,0,Kilogramo,Limon,Limon,Limon,795.39,820,0.9805653834519701
2024-08-01,2,Frijoles negros primera calidad,Leguminosas,0,Gramos,San Jose,San Jose,Carmen,1506.75,1450,1.0393427544959024
2024-08-01,2,Frijoles negros primera calidad,Leguminosas,0,Gramos,Alajuela,Alajuela,Alajuela,1385.19,1450,0.952028064583966
2024-08-01,2,Frijoles negros primera calidad,Leguminosas,0,Gramos,Cartago,Cartago,Oriental,1453.41,1450,1.0047776632821712
2024-08-01,2,Frijoles negros primera calidad,Leguminosas,0,Gramos,Heredia,Heredia,Heredia,1457.79,1450,1.0086229466780272
2024-08-01,2,Frijoles negros primera calidad,Leguminosas,0,Gramos,Limon,Limon,Limon,1409.56,1450,0.9672599660059954
2024-08-01,3,Leche fluida corta duracion,Lacteos,0,Mililitros,San Jose,San Jose,Carmen,895.2,850,1.0469626204366993
2024-08-01,3,Leche fluida corta duracion,Lacteos,0,Mililitros,Alajuela,Alajuela,Alajuela,824.89,850,0.9660493543901136
2024-08-01,3,Leche fluida corta duracion,Lacteos,0,Mililitros,Cartago,Cartago,Oriental,817.16,850,0.9615785443550456
2024-08-01,3,Leche fluida corta duracion,Lacteos,0,Mililitros,Heredia,Heredia,Heredia,825.68,850,0.9786857764819877
2024-08-01,3,Leche fluida corta duracion,Lacteos,0,Mililitros,Limon,Limon,Limon,832.54,850,0.9702522234442345
2024-08-01,4,Tomate,Vegetales,0,Kilogramo,San Jose,San Jose,Carmen,1555.05,1500,1.042575858785719
2024-08-01,4,Tomate,Vegetales,0,Kilogramo,Alajuela,Alajuela,Alajuela,1535.11,1500,1.0213941900565096
2024-08-01,4,Tomate,Vegetales,0,Kilogramo,Cartago,Cartago,Oriental,1509.25,1500,1.0039274609195112
2024-08-01,4,Tomate,Vegetales,0,Kilogramo,Heredia,Heredia,Heredia,1548.67,1500,1.0369142684025738
2024-08-01,4,Tomate,Vegetales,0,Kilogramo,Limon,Limon,Limon,1565.22,1500,1.0444168139118721
2024-08-01,5,Aceite vegetal,Grasas,1,Mililitros,San Jose,San Jose,Carmen,1463.46,1450,1.0069864470759213
2024-08-01,5,Aceite vegetal,Grasas,1,Mililitros,Alajuela,Alajuela,Alajuela,1442.96,1450,1.0015189372657862
2024-08-01,5,Aceite vegetal,Grasas,1,Mililitros,Cartago,Cartago,Oriental,1406.84,1450,0.9701384071658163
2024-08-01,5,Aceite vegetal,Grasas,1,Mililitros,Heredia,Heredia,Heredia,1482.85,1450,1.0194678903811893
2024-08-01,5,Aceite vegetal,Grasas,1,Mililitros,Limon,Limon,Limon,1385.53,1450,0.9550688156352864
2024-09-01,1,Arroz grano entero 80%,Cereales,0,Kilogramo,San Jose,San Jose,Carmen,852.58,820,1.035577355492746
2024-09-01,1,Arroz grano entero 80%,Cereales,0,Kilogramo,Alajuela,Alajuela,Alajuela,803.28,820,0.9788153222075663
2024-09-01,1,Arroz grano entero 80%,Cereales,0,Kilogramo,Cartago,Cartago,Oriental,850.86,820,1.0337360860668616
2024-09-01,1,Arroz grano entero 80%,Cereales,0,Kilogramo,Heredia,Heredia,Heredia,813.59,820,0.9875036979556411
2024-09-01,1,Arroz grano entero 80%,Cereales,0,Kilogramo,Limon,Limon,Limon,843.61,820,1.0226867980626373
2024-09-01,2,Frijoles negros primera calidad,Leguminosas,0,Gramos,San Jose,San Jose,Carmen,1475.68,1450,1.0218360531711281
2024-09-01,2,Frijoles negros primera calidad,Leguminosas,0,Gramos,Alajuela,Alajuela,Alajuela,1509.58,1450,1.034552818126363
2024-09-01,2,Frijoles negros primera calidad,Leguminosas,0,Gramos,Cartago,Cartago,Oriental,1494.47,1450,1.0332517648833033
2024-09-01,2,Frijoles negros primera calidad,Leguminosas,0,Gramos,Heredia,Heredia,Heredia,1504.17,1450,1.0382748195746794
2024-09-01,2,Frijoles negros primera calidad,Leguminosas,0,Gramos,Limon,Limon,Limon,1464.35,1450,1.0075587601896177
2024-09-01,3,Leche fluida corta duracion,Lacteos,0,Mililitros,San Jose,San Jose,Carmen,859.02,850,1.0135706972110448
2024-09-01,3,Leche fluida corta duracion,Lacteos,0,Mililitros,Alajuela,Alajuela,Alajuela,855.81,850,1.0005809765583413
2024-09-01,3,Leche fluida corta duracion,Lacteos,0,Mililitros,Cartago,Cartago,Oriental,836.84,850,0.9729205476133528
2024-09-01,3,Leche fluida corta duracion,Lacteos,0,Mililitros,Heredia,Heredia,Heredia,812.41,850,0.9625861571943988
2024-09-01,3,Leche fluida corta duracion,Lacteos,0,Mililitros,Limon,Limon,Limon,874.11,850,1.0353856376242079
2024-09-01,4,Tomate,Vegetales,0,Kilogramo,San Jose,San Jose,Carmen,1558.64,1500,1.0329501170623154
2024-09-01,4,Tomate,Vegetales,0,Kilogramo,Alajuela,Alajuela,Alajuela,1537.93,1500,1.031702650372685
2024-09-01,4,Tomate,Vegetales,0,Kilogramo,Cartago,Cartago,Oriental,1515.01,1500,1.0058047281137765
2024-09-01,4,Tomate,Vegetales,0,Kilogramo,Heredia,Heredia,Heredia,1528.16,1500,1.0173446049015733
2024-09-01,4,Tomate,Vegetales,0,Kilogramo,Limon,Limon,Limon,1466.56,1500,0.9776464377840939
2024-09-01,5,Aceite vegetal,Grasas,1,Mililitros,San Jose,San Jose,Carmen,1412.66,1450,0.9770809946131591
2024-09-01,5,Aceite vegetal,Grasas,1,Mililitros,Alajuela,Alajuela,Alajuela,1500.54,1450,1.0387585916823834
2024-09-01,5,Aceite vegetal,Grasas,1,Mililitros,Cartago,Cartago,Oriental,1484.02,1450,1.0272051203015224
2024-09-01,5,Aceite vegetal,Grasas,1,Mililitros,Heredia,Heredia,Heredia,1408.5,1450,0.9726440940679709
2024-09-01,5,Aceite vegetal,Grasas,1,Mililitros,Limon,Limon,Limon,1489.17,1450,1.0263832828473798
2024-10-01,1,Arroz grano entero 80%,Cereales,0,Kilogramo,San Jose,San Jose,Carmen,782.24,820,0.9529947981543871
2024-10-01,1,Arroz grano entero 80%,Cereales,0,Kilogramo,Alajuela,Alajuela,Alajuela,841.8,820,1.018286791833381
2024-10-01,1,Arroz grano entero 80%,Cereales,0,Kilogramo,Cartago,Cartago,Oriental,783.69,820,0.9505518142439294
2024-10-01,1,Arroz grano entero 80%,Cereales,0,Kilogramo,Heredia,Heredia,Heredia,792.71,820,0.9661997203910386
2024-10-01,1,Arroz grano entero 80%,Cereales,0,Kilogramo,Limon,Limon,Limon,799.02,820,0.9671520153506424
2024-10-01,2,Frijoles negros primera calidad,Leguminosas,0,Gramos,San Jose,San Jose,Carmen,1477.31,1450,1.0174636962758925
2024-10-01,2,Frijoles negros primera calidad,Leguminosas,0,Gramos,Alajuela,Alajuela,Alajuela,1482.47,1450,1.022026764058496
2024-10-01,2,Frijoles negros primera calidad,Leguminosas,0,Gramos,Cartago,Cartago,Oriental,1393.53,1450,0.96284504476815
2024-10-01,2,Frijoles negros primera calidad,Leguminosas,0,Gramos,Heredia,Heredia,Heredia,1503.05,1450,1.033009585388765
2024-10-01,2,Frijoles negros primera calidad,Leguminosas,0,Gramos,Limon,Limon,Limon,1434.03,1450,0.9951842242403258
2024-10-01,3,Leche fluida corta duracion,Lacteos,0,Mililitros,San Jose,San Jose,Carmen,818.12,850,0.969342844961912
2024-10-01,3,Leche fluida corta duracion,Lacteos,0,Mililitros,Alajuela,Alajuela,Alajuela,835.34,850,0.9858108558543
2024-10-01,3,Leche fluida corta duracion,Lacteos,0,Mililitros,Cartago,Cartago,Oriental,817.44,850,0.9700798971644553
2024-10-01,3,Leche fluida corta duracion,Lacteos,0,Mililitros,Heredia,Heredia,Heredia,811.72,850,0.9505597990495315
2024-10-01,3,Leche fluida corta duracion,Lacteos,0,Mililitros,Limon,Limon,Limon,840.1,850,0.9769467088553081
2024-10-01,4,Tomate,Vegetales,0,Kilogramo,San Jose,San Jose,Carmen,1581.47,1500,1.0477486517525014
2024-10-01,4,Tomate,Vegetales,0,Kilogramo,Alajuela,Alajuela,Alajuela,1545.03,1500,1.0347029997671424
2024-10-01,4,Tomate,Vegetales,0,Kilogramo,Cartago,Cartago,Oriental,1432.6,1500,0.961200752299618
2024-10-01,4,Tomate,Vegetales,0,Kilogramo,Heredia,Heredia,Heredia,1450.05,1500,0.9670485461761402
2024-10-01,4,Tomate,Vegetales,0,Kilogramo,Limon,Limon,Limon,1547.67,1500,1.038220964941453
2024-10-01,5,Aceite vegetal,Grasas,1,Mililitros,San Jose,San Jose,Carmen,1478.37,1450,1.0246490215301514
2024-10-01,5,Aceite vegetal,Grasas,1,Mililitros,Alajuela,Alajuela,Alajuela,1404.52,1450,0.9700407895594467
2024-10-01,5,Aceite vegetal,Grasas,1,Mililitros,Cartago,Cartago,Oriental,1490.74,1450,1.02294083297807
2024-10-01,5,Aceite vegetal,Grasas,1,Mililitros,Heredia,Heredia,Heredia,1456.46,1450,0.9982743550031333
2024-10-01,5,Aceite vegetal,Grasas,1,Mililitros,Limon,Limon,Limon,1414.58,1450,0.9740340993753589
2024-11-01,1,Arroz grano entero 80%,Cereales,0,Kilogramo,San Jose,San Jose,Carmen,803.84,820,0.9830026846470005
2024-11-01,1,Arroz grano entero 80%,Cereales,0,Kilogramo,Alajuela,Alajuela,Alajuela,791.48,820,0.9769377072864636
2024-11-01,1,Arroz grano entero 80%,Cereales,0,Kilogramo,Cartago,Cartago,Oriental,845.87,820,1.034159344141579
2024-11-01,1,Arroz grano entero 80%,Cereales,0,Kilogramo,Heredia,Heredia,Heredia,791.61,820,0.9737270903203811
2024-11-01,1,Arroz grano entero 80%,Cereales,0,Kilogramo,Limon,Limon,Limon,811.03,820,1.0002442982072481
2024-11-01,2,Frijoles negros primera calidad,Leguminosas,0,Gramos,San Jose,San Jose,Carmen,1487.28,1450,1.0236225257249598
2024-11-01,2,Frijoles negros primera calidad,Leguminosas,0,Gramos,Alajuela,Alajuela,Alajuela,1482.71,1450,1.028696181261956
2024-11-01,2,Frijoles negros primera calidad,Leguminosas,0,Gramos,Cartago,Cartago,Oriental,1413.77,1450,0.9728532966389322
2024-11-01,2,Frijoles negros primera calidad,Leguminosas,0,Gramos,Heredia,Heredia,Heredia,1477.23,1450,1.0164790163840607
2024-11-01,2,Frijoles negros primera calidad,Leguminosas,0,Gramos,Limon,Limon,Limon,1464.74,1450,1.0126345656950497
2024-11-01,3,Leche fluida corta duracion,Lacteos,0,Mililitros,San Jose,San Jose,Carmen,899.78,850,1.0496873609879092
2024-11-01,3,Leche fluida corta duracion,Lacteos,0,Mililitros,Alajuela,Alajuela,Alajuela,881.75,850,1.0399349439974859
2024-11-01,3,Leche fluida corta duracion,Lacteos,0,Mililitros,Cartago,Cartago,Oriental,861.51,850,1.01568698591744
2024-11-01,3,Leche fluida corta duracion,Lacteos,0,Mililitros,Heredia,Heredia,Heredia,854.58,850,1.0080888560513215
2024-11-01,3,Leche fluida corta duracion,Lacteos,0,Mililitros,Limon,Limon,Limon,844.04,850,1.0009164964203567
2024-11-01,4,Tomate,Vegetales,0,Kilogramo,San Jose,San Jose,Carmen,1553.35,1500,1.0411640885440379
2024-11-01,4,Tomate,Vegetales,0,Kilogramo,Alajuela,Alajuela,Alajuela,1573.84,1500,1.0451577143571409
2024-11-01,4,Tomate,Vegetales,0,Kilogramo,Cartago,Cartago,Oriental,1566.98,1500,1.041844392009303
2024-11-01,4,Tomate,Vegetales,0,Kilogramo,Heredia,Heredia,Heredia,1559.52,1500,1.0346649263579644
2024-11-01,4,Tomate,Vegetales,0,Kilogramo,Limon,Limon,Limon,1449.91,1500,0.9621395032087804
2024-11-01,5,Aceite vegetal,Grasas,1,Mililitros,San Jose,San Jose,Carmen,1515.69,1450,1.0494496077965378
2024-11-01,5,Aceite vegetal,Grasas,1,Mililitros,Alajuela,Alajuela,Alajuela,1526.52,1450,1.0488031472389303
2024-11-01,5,Aceite vegetal,Grasas,1,Mililitros,Cartago,Cartago,Oriental,1505.95,1450,1.041566030610449
2024-11-01,5,Aceite vegetal,Grasas,1,Mililitros,Heredia,Heredia,Heredia,1521.62,1450,1.0473652324072535
2024-11-01,5,Aceite vegetal,Grasas,1,Mililitros,Limon,Limon,Limon,1476.71,1450,1.0119780976488435
2024-12-01,1,Arroz grano entero 80%,Cereales,0,Kilogramo,San Jose,San Jose,Carmen,779.31,820,0.9507704464090218
2024-12-01,1,Arroz grano entero 80%,Cereales,0,Kilogramo,Alajuela,Alajuela,Alajuela,799.28,820,0.9789543522703241
2024-12-01,1,Arroz grano entero 80%,Cereales,0,Kilogramo,Cartago,Cartago,Oriental,789.83,820,0.9673706983888706
2024-12-01,1,Arroz grano entero 80%,Cereales,0,Kilogramo,Heredia,Heredia,Heredia,804.66,820,0.9722753168308674
2024-12-01,1,Arroz grano entero 80%,Cereales,0,Kilogramo,Limon,Limon,Limon,812.79,820,1.000474808271472
2024-12-01,2,Frijoles negros primera calidad,Leguminosas,0,Gramos,San Jose,San Jose,Carmen,1435.35,1450,0.9853576184951175
2024-12-01,2,Frijoles negros primera calidad,Leguminosas,0,Gramos,Alajuela,Alajuela,Alajuela,1413.04,1450,0.9784673885942352
2024-12-01,2,Frijoles negros primera calidad,Leguminosas,0,Gramos,Cartago,Cartago,Oriental,1491.63,1450,1.0323805533114947
2024-12-01,2,Frijoles negros primera calidad,Leguminosas,0,Gramos,Heredia,Heredia,Heredia,1471.52,1450,1.0167371133745675
2024-12-01,2,Frijoles negros primera calidad,Leguminosas,0,Gramos,Limon,Limon,Limon,1378.37,1450,0.9512707692459061
2024-12-01,3,Leche fluida corta duracion,Lacteos,0,Mililitros,San Jose,San Jose,Carmen,889.38,850,1.0368494275628175
2024-12-01,3,Leche fluida corta duracion,Lacteos,0,Mililitros,Alajuela,Alajuela,Alajuela,881.91,850,1.0349739739865527
2024-12-01,3,Leche fluida corta duracion,Lacteos,0,Mililitros,Cartago,Cartago,Oriental,875.74,850,1.0238121301737748
2024-12-01,3,Leche fluida corta duracion,Lacteos,0,Mililitros,Heredia,Heredia,Heredia,815.33,850,0.9634335094547002
2024-12-01,3,Leche fluida corta duracion,Lacteos,0,Mililitros,Limon,Limon,Limon,825.13,850,0.9750162997664462
2024-12-01,4,Tomate,Vegetales,0,Kilogramo,San Jose,San Jose,Carmen,1508.52,1500,1.0083075174290719
2024-12-01,4,Tomate,Vegetales,0,Kilogramo,Alajuela,Alajuela,Alajuela,1441.03,1500,0.9557580567102811
2024-12-01,4,Tomate,Vegetales,0,Kilogramo,Cartago,Cartago,Oriental,1489.44,1500,0.9952266854359757
2024-12-01,4,Tomate,Vegetales,0,Kilogramo,Heredia,Heredia,Heredia,1437.81,1500,0.9651338961174994
2024-12-01,4,Tomate,Vegetales,0,Kilogramo,Limon,Limon,Limon,1512.11,1500,1.0098247339189421
2024-12-01,5,Aceite vegetal,Grasas,1,Mililitros,San Jose,San Jose,Carmen,1421.71,1450,0.9808053363685364
2024-12-01,5,Aceite vegetal,Grasas,1,Mililitros,Alajuela,Alajuela,Alajuela,1424.26,1450,0.986237744812888
2024-12-01,5,Aceite vegetal,Grasas,1,Mililitros,Cartago,Cartago,Oriental,1431.69,1450,0.9817359002523645
2024-12-01,5,Aceite vegetal,Grasas,1,Mililitros,Heredia,Heredia,Heredia,1436.87,1450,0.9974863940217514
2024-12-01,5,Aceite vegetal,Grasas,1,Mililitros,Limon,Limon,Limon,1521.04,1450,1.0434472888566357
2025-01-01,1,Arroz grano entero 80%,Cereales,0,Kilogramo,San Jose,San Jose,Carmen,802.49,820,0.9829838632871015
2025-01-01,1,Arroz grano entero 80%,Cereales,0,Kilogramo,Alajuela,Alajuela,Alajuela,780.92,820,0.9607321307701493
2025-01-01,1,Arroz grano entero 80%,Cereales,0,Kilogramo,Cartago,Cartago,Oriental,826.0,820,1.008276699701443
2025-01-01,1,Arroz grano entero 80%,Cereales,0,Kilogramo,Heredia,Heredia,Heredia,816.01,820,0.9925440915081072
2025-01-01,1,Arroz grano entero 80%,Cereales,0,Kilogramo,Limon,Limon,Limon,809.86,820,0.9862810318908831
2025-01-01,2,Frijoles negros primera calidad,Leguminosas,0,Gramos,San Jose,San Jose,Carmen,1422.13,1450,0.9795769594997332
2025-01-01,2,Frijoles negros primera calidad,Leguminosas,0,Gramos,Alajuela,Alajuela,Alajuela,1487.19,1450,1.0314526148676555
2025-01-01,2,Frijoles negros primera calidad,Leguminosas,0,Gramos,Cartago,Cartago,Oriental,1426.21,1450,0.9829889623141419
2025-01-01,2,Frijoles negros primera calidad,Leguminosas,0,Gramos,Heredia,Heredia,Heredia,1476.08,1450,1.0162115607437099
2025-01-01,2,Frijoles negros primera calidad,Leguminosas,0,Gramos,Limon,Limon,Limon,1418.82,1450,0.9802699526770318
2025-01-01,3,Leche fluida corta duracion,Lacteos,0,Mililitros,San Jose,San Jose,Carmen,826.29,850,0.9742950685819942
2025-01-01,3,Leche fluida corta duracion,Lacteos,0,Mililitros,Alajuela,Alajuela,Alajuela,861.93,850,1.0058234337013112
2025-01-01,3,Leche fluida corta duracion,Lacteos,0,Mililitros,Cartago,Cartago,Oriental,857.89,850,1.0017692793270108
2025-01-01,3,Leche fluida corta duracion,Lacteos,0,Mililitros,Heredia,Heredia,Heredia,867.6,850,1.0137145042334335
2025-01-01,3,Leche fluida corta duracion,Lacteos,0,Mililitros,Limon,Limon,Limon,803.39,850,0.9526418737732509
2025-01-01,4,Tomate,Vegetales,0,Kilogramo,San Jose,San Jose,Carmen,1563.94,1500,1.0393523329212302
2025-01-01,4,Tomate,Vegetales,0,Kilogramo,Alajuela,Alajuela,Alajuela,1471.96,1500,0.9848010937983497
2025-01-01,4,Tomate,Vegetales,0,Kilogramo,Cartago,Cartago,Oriental,1528.93,1500,1.02494647417572
2025-01-01,4,Tomate,Vegetales,0,Kilogramo,Heredia,Heredia,Heredia,1570.7,1500,1.045917167435068
2025-01-01,4,Tomate,Vegetales,0,Kilogramo,Limon,Limon,Limon,1453.79,1500,0.9653409214839553
2025-01-01,5,Aceite vegetal,Grasas,1,Mililitros,San Jose,San Jose,Carmen,1435.55,1450,0.9957926089288812
2025-01-01,5,Aceite vegetal,Grasas,1,Mililitros,Alajuela,Alajuela,Alajuela,1462.07,1450,1.0143772802702509
2025-01-01,5,Aceite vegetal,Grasas,1,Mililitros,Cartago,Cartago,Oriental,1407.71,1450,0.9771127511094179
2025-01-01,5,Aceite vegetal,Grasas,1,Mililitros,Heredia,Heredia,Heredia,1373.56,1450,0.951947662435077
2025-01-01,5,Aceite vegetal,Grasas,1,Mililitros,Limon,Limon,Limon,1471.32,1450,1.0118174836188463
2025-02-01,1,Arroz grano entero 80%,Cereales,0,Kilogramo,San Jose,San Jose,Carmen,818.11,820,0.9907287476472593
2025-02-01,1,Arroz grano entero 80%,Cereales,0,Kilogramo,Alajuela,Alajuela,Alajuela,842.27,820,1.02427810131203
2025-02-01,1,Arroz grano entero 80%,Cereales,0,Kilogramo,Cartago,Cartago,Oriental,819.98,820,1.001482135449436
2025-02-01,1,Arroz grano entero 80%,Cereales,0,Kilogramo,Heredia,Heredia,Heredia,787.94,820,0.9683784126441407
2025-02-01,1,Arroz grano entero 80%,Cereales,0,Kilogramo,Limon,Limon,Limon,861.6,820,1.046983414337667
2025-02-01,2,Frijoles negros primera calidad,Leguminosas,0,Gramos,San Jose,San Jose,Carmen,1504.14,1450,1.034805063503082
2025-02-01,2,Frijoles negros primera calidad,Leguminosas,0,Gramos,Alajuela,Alajuela,Alajuela,1455.76,1450,1.0050457424639823
2025-02-01,2,Frijoles negros primera calidad,Leguminosas,0,Gramos,Cartago,Cartago,Oriental,1459.67,1450,1.0000202949846042
2025-02-01,2,Frijoles negros primera calidad,Leguminosas,0,Gramos,Heredia,Heredia,Heredia,1507.32,1450,1.045873419150119
2025-02-01,2,Frijoles negros primera calidad,Leguminosas,0,Gramos,Limon,Limon,Limon,1449.43,1450,1.0033496153836843
2025-02-01,3,Leche fluida corta duracion,Lacteos,0,Mililitros,San Jose,San Jose,Carmen,885.51,850,1.0451582827237373
2025-02-01,3,Leche fluida corta duracion,Lacteos,0,Mililitros,Alajuela,Alajuela,Alajuela,872.07,850,1.0178281832633984
2025-02-01,3,Leche fluida corta duracion,Lacteos,0,Mililitros,Cartago,Cartago,Oriental,842.9,850,0.9987662557749569
2025-02-01,3,Leche fluida corta duracion,Lacteos,0,Mililitros,Heredia,Heredia,Heredia,879.25,850,1.0373968803945524
2025-02-01,3,Leche fluida corta duracion,Lacteos,0,Mililitros,Limon,Limon,Limon,826.59,850,0.9645294073662509
2025-02-01,4,Tomate,Vegetales,0,Kilogramo,San Jose,San Jose,Carmen,1465.38,1500,0.9815798013370068
2025-02-01,4,Tomate,Vegetales,0,Kilogramo,Alajuela,Alajuela,Alajuela,1547.13,1500,1.0339849526442397
2025-02-01,4,Tomate,Vegetales,0,Kilogramo,Cartago,Cartago,Oriental,1493.54,1500,0.9942898138620752
2025-02-01,4,Tomate,Vegetales,0,Kilogramo,Heredia,Heredia,Heredia,1523.53,1500,1.013773377630292
2025-02-01,4,Tomate,Vegetales,0,Kilogramo,Limon,Limon,Limon,1431.25,1500,0.9578205106848375
2025-02-01,5,Aceite vegetal,Grasas,1,Mililitros,San Jose,San Jose,Carmen,1517.12,1450,1.0413171346475583
2025-02-01,5,Aceite vegetal,Grasas,1,Mililitros,Alajuela,Alajuela,Alajuela,1509.46,1450,1.0400796102194858
2025-02-01,5,Aceite vegetal,Grasas,1,Mililitros,Cartago,Cartago,Oriental,1397.93,1450,0.9652464246559013
2025-02-01,5,Aceite vegetal,Grasas,1,Mililitros,Heredia,Heredia,Heredia,1487.1,1450,1.0233345156812588
2025-02-01,5,Aceite vegetal,Grasas,1,Mililitros,Limon,Limon,Limon,1386.91,1450,0.9629696242985303
2025-03-01,1,Arroz grano entero 80%,Cereales,0,Kilogramo,San Jose,San Jose,Carmen,837.82,820,1.028391662771025
2025-03-01,1,Arroz grano entero 80%,Cereales,0,Kilogramo,Alajuela,Alajuela,Alajuela,800.3,820,0.9694260018087097
2025-03-01,1,Arroz grano entero 80%,Cereales,0,Kilogramo,Cartago,Cartago,Oriental,786.97,820,0.9515830863658126
2025-03-01,1,Arroz grano entero 80%,Cereales,0,Kilogramo,Heredia,Heredia,Heredia,800.01,820,0.9693779489167136
2025-03-01,1,Arroz grano entero 80%,Cereales,0,Kilogramo,Limon,Limon,Limon,797.53,820,0.9684123512760188
2025-03-01,2,Frijoles negros primera calidad,Leguminosas,0,Gramos,San Jose,San Jose,Carmen,1446.44,1450,0.9980222889928811
2025-03-01,2,Frijoles negros primera calidad,Leguminosas,0,Gramos,Alajuela,Alajuela,Alajuela,1460.02,1450,1.0076507583182113
2025-03-01,2,Frijoles negros primera calidad,Leguminosas,0,Gramos,Cartago,Cartago,Oriental,1418.0,1450,0.9789550038774882
2025-03-01,2,Frijoles negros primera calidad,Leguminosas,0,Gramos,Heredia,Heredia,Heredia,1449.0,1450,0.9962144521098251
2025-03-01,2,Frijoles negros primera calidad,Leguminosas,0,Gramos,Limon,Limon,Limon,1483.54,1450,1.0214303063457184
2025-03-01,3,Leche fluida corta duracion,Lacteos,0,Mililitros,San Jose,San Jose,Carmen,858.33,850,1.002675135321621
2025-03-01,3,Leche fluida corta duracion,Lacteos,0,Mililitros,Alajuela,Alajuela,Alajuela,822.5,850,0.9746680235397526
2025-03-01,3,Leche fluida corta duracion,Lacteos,0,Mililitros,Cartago,Cartago,Oriental,824.83,850,0.9745075979338964
2025-03-01,3,Leche fluida corta duracion,Lacteos,0,Mililitros,Heredia,Heredia,Heredia,883.99,850,1.0476704810367994
2025-03-01,3,Leche fluida corta duracion,Lacteos,0,Mililitros,Limon,Limon,Limon,834.69,850,0.9844581056576462
2025-03-01,4,Tomate,Vegetales,0,Kilogramo,San Jose,San Jose,Carmen,1510.29,1500,1.0089519700721852
2025-03-01,4,Tomate,Vegetales,0,Kilogramo,Alajuela,Alajuela,Alajuela,1548.29,1500,1.025545445610162
2025-03-01,4,Tomate,Vegetales,0,Kilogramo,Cartago,Cartago,Oriental,1490.44,1500,0.9986129499319227
2025-03-01,4,Tomate,Vegetales,0,Kilogramo,Heredia,Heredia,Heredia,1522.41,1500,1.0126584044010425
2025-03-01,4,Tomate,Vegetales,0,Kilogramo,Limon,Limon,Limon,1546.71,1500,1.0247452225973699
2025-03-01,5,Aceite vegetal,Grasas,1,Mililitros,San Jose,San Jose,Carmen,1461.62,1450,1.0092402152596738
2025-03-01,5,Aceite vegetal,Grasas,1,Mililitros,Alajuela,Alajuela,Alajuela,1477.01,1450,1.0124850131395393
2025-03-01,5,Aceite vegetal,Grasas,1,Mililitros,Cartago,Cartago,Oriental,1501.38,1450,1.0418412328706663
2025-03-01,5,Aceite vegetal,Grasas,1,Mililitros,Heredia,Heredia,Heredia,1450.31,1450,1.0058736770960737
2025-03-01,5,Aceite vegetal,Grasas,1,Mililitros,Limon,Limon,Limon,1384.34,1450,0.9579605518370283
2025-04-01,1,Arroz grano entero 80%,Cereales,0,Kilogramo,San Jose,San Jose,Carmen,798.45,820,0.967953211356715
2025-04-01,1,Arroz grano entero 80%,Cereales,0,Kilogramo,Alajuela,Alajuela,Alajuela,790.97,820,0.9574231291565387
2025-04-01,1,Arroz grano entero 80%,Cereales,0,Kilogramo,Cartago,Cartago,Oriental,806.84,820,0.9874905796619572
2025-04-01,1,Arroz grano entero 80%,Cereales,0,Kilogramo,Heredia,Heredia,Heredia,790.71,820,0.9714792790697236
2025-04-01,1,Arroz grano entero 80%,Cereales,0,Kilogramo,Limon,Limon,Limon,820.82,820,1.0029190327496658
2025-04-01,2,Frijoles negros primera calidad,Leguminosas,0,Gramos,San Jose,San Jose,Carmen,1495.96,1450,1.0311408009795855
2025-04-01,2,Frijoles negros primera calidad,Leguminosas,0,Gramos,Alajuela,Alajuela,Alajuela,1494.45,1450,1.024659298417799
2025-04-01,2,Frijoles negros primera calidad,Leguminosas,0,Gramos,Cartago,Cartago,Oriental,1464.79,1450,1.0131509473540965
2025-04-01,2,Frijoles negros primera calidad,Leguminosas,0,Gramos,Heredia,Heredia,Heredia,1433.3,1450,0.9893432155136154
2025-04-01,2,Frijoles negros primera calidad,Leguminosas,0,Gramos,Limon,Limon,Limon,1431.74,1450,0.987842292195893
2025-04-01,3,Leche fluida corta duracion,Lacteos,0,Mililitros,San Jose,San Jose,Carmen,834.44,850,0.9921019427774199
2025-04-01,3,Leche fluida corta duracion,Lacteos,0,Mililitros,Alajuela,Alajuela,Alajuela,846.48,850,0.9865186575986252
2025-04-01,3,Leche fluida corta duracion,Lacteos,0,Mililitros,Cartago,Cartago,Oriental,895.08,850,1.0417260249661102
2025-04-01,3,Leche fluida corta duracion,Lacteos,0,Mililitros,Heredia,Heredia,Heredia,845.25,850,0.9833783685421585
2025-04-01,3,Leche fluida corta duracion,Lacteos,0,Mililitros,Limon,Limon,Limon,883.73,850,1.0391323462088387
2025-04-01,4,Tomate,Vegetales,0,Kilogramo,San Jose,San Jose,Carmen,1433.41,1500,0.9514232625601686
2025-04-01,4,Tomate,Vegetales,0,Kilogramo,Alajuela,Alajuela,Alajuela,1558.14,1500,1.0440539168591072
2025-04-01,4,Tomate,Vegetales,0,Kilogramo,Cartago,Cartago,Oriental,1471.66,1500,0.9854120512900778
2025-04-01,4,Tomate,Vegetales,0,Kilogramo,Heredia,Heredia,Heredia,1484.62,1500,0.9836501052945863
2025-04-01,4,Tomate,Vegetales,0,Kilogramo,Limon,Limon,Limon,1442.37,1500,0.9675838542324807
2025-04-01,5,Aceite vegetal,Grasas,1,Mililitros,San Jose,San Jose,Carmen,1425.01,1450,0.9826128556031847
2025-04-01,5,Aceite vegetal,Grasas,1,Mililitros,Alajuela,Alajuela,Alajuela,1385.52,1450,0.95117436880243
2025-04-01,5,Aceite vegetal,Grasas,1,Mililitros,Cartago,Cartago,Oriental,1489.08,1450,1.02842071772356
2025-04-01,5,Aceite vegetal,Grasas,1,Mililitros,Heredia,Heredia,Heredia,1456.9,1450,1.006307312257366
2025-04-01,5,Aceite vegetal,Grasas,1,Mililitros,Limon,Limon,Limon,1427.14,1450,0.9879586300017845
2025-05-01,1,Arroz grano entero 80%,Cereales,0,Kilogramo,San Jose,San Jose,Carmen,786.59,820,0.9542668059272229
2025-05-01,1,Arroz grano entero 80%,Cereales,0,Kilogramo,Alajuela,Alajuela,Alajuela,796.25,820,0.9781816119859407
2025-05-01,1,Arroz grano entero 80%,Cereales,0,Kilogramo,Cartago,Cartago,Oriental,799.27,820,0.9686121825485525
2025-05-01,1,Arroz grano entero 80%,Cereales,0,Kilogramo,Heredia,Heredia,Heredia,786.36,820,0.9583576394815924
2025-05-01,1,Arroz grano entero 80%,Cereales,0,Kilogramo,Limon,Limon,Limon,846.46,820,1.0295978798882421
2025-05-01,2,Frijoles negros primera calidad,Leguminosas,0,Gramos,San Jose,San Jose,Carmen,1465.02,1450,1.0047182869097966
2025-05-01,2,Frijoles negros primera calidad,Leguminosas,0,Gramos,Alajuela,Alajuela,Alajuela,1423.61,1450,0.9858454858601211
2025-05-01,2,Frijoles negros primera calidad,Leguminosas,0,Gramos,Cartago,Cartago,Oriental,1392.6,1450,0.962866052018514
2025-05-01,2,Frijoles negros primera calidad,Leguminosas,0,Gramos,Heredia,Heredia,Heredia,1404.06,1450,0.9638537293904519
2025-05-01,2,Frijoles negros primera calidad,Leguminosas,0,Gramos,Limon,Limon,Limon,1509.25,1450,1.041345595184145
2025-05-01,3,Leche fluida corta duracion,Lacteos,0,Mililitros,San Jose,San Jose,Carmen,804.29,850,0.9501991760370577
2025-05-01,3,Leche fluida corta duracion,Lacteos,0,Mililitros,Alajuela,Alajuela,Alajuela,834.21,850,0.9705344504988321
2025-05-01,3,Leche fluida corta duracion,Lacteos,0,Mililitros,Cartago,Cartago,Oriental,877.83,850,1.0294824131862517
2025-05-01,3,Leche fluida corta duracion,Lacteos,0,Mililitros,Heredia,Heredia,Heredia,817.2,850,0.9591110903567381
2025-05-01,3,Leche fluida corta duracion,Lacteos,0,Mililitros,Limon,Limon,Limon,801.93,850,0.9506573400797297
2025-05-01,4,Tomate,Vegetales,0,Kilogramo,San Jose,San Jose,Carmen,1557.33,1500,1.0386675289551877
2025-05-01,4,Tomate,Vegetales,0,Kilogramo,Alajuela,Alajuela,Alajuela,1559.53,1500,1.0332670520236453
2025-05-01,4,Tomate,Vegetales,0,Kilogramo,Cartago,Cartago,Oriental,1491.28,1500,0.994662718368348
2025-05-01,4,Tomate,Vegetales,0,Kilogramo,Heredia,Heredia,Heredia,1539.2,1500,1.0256329680651584
2025-05-01,4,Tomate,Vegetales,0,Kilogramo,Limon,Limon,Limon,1538.83,1500,1.0291826221699663
2025-05-01,5,Aceite vegetal,Grasas,1,Mililitros,San Jose,San Jose,Carmen,1507.71,1450,1.0345055174351938
2025-05-01,5,Aceite vegetal,Grasas,1,Mililitros,Alajuela,Alajuela,Alajuela,1493.02,1450,1.0319449514604078
2025-05-01,5,Aceite vegetal,Grasas,1,Mililitros,Cartago,Cartago,Oriental,1427.99,1450,0.9825251069908317
2025-05-01,5,Aceite vegetal,Grasas,1,Mililitros,Heredia,Heredia,Heredia,1393.3,1450,0.9553315365927065
2025-05-01,5,Aceite vegetal,Grasas,1,Mililitros,Limon,Limon,Limon,1448.8,1450,1.0041131583025558
2025-06-01,1,Arroz grano entero 80%,Cereales,0,Kilogramo,San Jose,San Jose,Carmen,802.13,820,0.9781527737324833
2025-06-01,1,Arroz grano entero 80%,Cereales,0,Kilogramo,Alajuela,Alajuela,Alajuela,825.92,820,0.9973653756940872
2025-06-01,1,Arroz grano entero 80%,Cereales,0,Kilogramo,Cartago,Cartago,Oriental,840.4,820,1.0215550218703362
2025-06-01,1,Arroz grano entero 80%,Cereales,0,Kilogramo,Heredia,Heredia,Heredia,801.53,820,0.9783365944849005
2025-06-01,1,Arroz grano entero 80%,Cereales,0,Kilogramo,Limon,Limon,Limon,819.88,820,1.0085583741199622
2025-06-01,2,Frijoles negros primera calidad,Leguminosas,0,Gramos,San Jose,San Jose,Carmen,1515.97,1450,1.0409934097678963
2025-06-01,2,Frijoles negros primera calidad,Leguminosas,0,Gramos,Alajuela,Alajuela,Alajuela,1394.9,1450,0.9566877156223675
2025-06-01,2,Frijoles negros primera calidad,Leguminosas,0,Gramos,Cartago,Cartago,Oriental,1449.48,1450,0.9935177845846209
2025-06-01,2,Frijoles negros primera calidad,Leguminosas,0,Gramos,Heredia,Heredia,Heredia,1387.14,1450,0.9585059228820135
2025-06-01,2,Frijoles negros primera calidad,Leguminosas,0,Gramos,Limon,Limon,Limon,1375.71,1450,0.954560990606948
2025-06-01,3,Leche fluida corta duracion,Lacteos,0,Mililitros,San Jose,San Jose,Carmen,884.29,850,1.045663887289054
2025-06-01,3,Leche fluida corta duracion,Lacteos,0,Mililitros,Alajuela,Alajuela,Alajuela,865.8,850,1.0074751520038046
2025-06-01,3,Leche fluida corta duracion,Lacteos,0,Mililitros,Cartago,Cartago,Oriental,865.64,850,1.0092858252475947
2025-06-01,3,Leche fluida corta duracion,Lacteos,0,Mililitros,Heredia,Heredia,Heredia,814.82,850,0.9592100222904725
2025-06-01,3,Leche fluida corta duracion,Lacteos,0,Mililitros,Limon,Limon,Limon,850.78,850,0.9927256806873939
2025-06-01,4,Tomate,Vegetales,0,Kilogramo,San Jose,San Jose,Carmen,1488.15,1500,0.9858380565687196
2025-06-01,4,Tomate,Vegetales,0,Kilogramo,Alajuela,Alajuela,Alajuela,1560.59,1500,1.0437392791572786
2025-06-01,4,Tomate,Vegetales,0,Kilogramo,Cartago,Cartago,Oriental,1478.84,1500,0.992216254789893
2025-06-01,4,Tomate,Vegetales,0,Kilogramo,Heredia,Heredia,Heredia,1517.65,1500,1.0091516545196475
2025-06-01,4,Tomate,Vegetales,0,Kilogramo,Limon,Limon,Limon,1528.45,1500,1.0141840485236249
2025-06-01,5,Aceite vegetal,Grasas,1,Mililitros,San Jose,San Jose,Carmen,1418.74,1450,0.9733461507070792
2025-06-01,5,Aceite vegetal,Grasas,1,Mililitros,Alajuela,Alajuela,Alajuela,1517.99,1450,1.0417263568184616
2025-06-01,5,Aceite vegetal,Grasas,1,Mililitros,Cartago,Cartago,Oriental,1453.46,1450,0.9957536441619005
2025-06-01,5,Aceite vegetal,Grasas,1,Mililitros,Heredia,Heredia,Heredia,1388.82,1450,0.9550167305671374
2025-06-01,5,Aceite vegetal,Grasas,1,Mililitros,Limon,Limon,Limon,1406.03,1450,0.9656045771283117
2025-07-01,1,Arroz grano entero 80%,Cereales,0,Kilogramo,San Jose,San Jose,Carmen,793.69,820,0.9723792309253482
2025-07-01,1,Arroz grano entero 80%,Cereales,0,Kilogramo,Alajuela,Alajuela,Alajuela,793.6,820,0.9759061118244691
2025-07-01,1,Arroz grano entero 80%,Cereales,0,Kilogramo,Cartago,Cartago,Oriental,822.79,820,1.0005494610172951
2025-07-01,1,Arroz grano entero 80%,Cereales,0,Kilogramo,Heredia,Heredia,Heredia,850.25,820,1.0353528608048077
2025-07-01,1,Arroz grano entero 80%,Cereales,0,Kilogramo,Limon,Limon,Limon,782.39,820,0.9525811415327435
2025-07-01,2,Frijoles negros primera calidad,Leguminosas,0,Gramos,San Jose,San Jose,Carmen,1507.37,1450,1.0358020640799306
2025-07-01,2,Frijoles negros primera calidad,Leguminosas,0,Gramos,Alajuela,Alajuela,Alajuela,1435.8,1450,0.9895730729315745
2025-07-01,2,Frijoles negros primera calidad,Leguminosas,0,Gramos,Cartago,Cartago,Oriental,1444.48,1450,0.9918337633447883
2025-07-01,2,Frijoles negros primera calidad,Leguminosas,0,Gramos,Heredia,Heredia,Heredia,1415.5,1450,0.9718686380522048
2025-07-01,2,Frijoles negros primera calidad,Leguminosas,0,Gramos,Limon,Limon,Limon,1430.96,1450,0.9819022256892894
2025-07-01,3,Leche fluida corta duracion,Lacteos,0,Mililitros,San Jose,San Jose,Carmen,855.14,850,1.0111336713153636
2025-07-01,3,Leche fluida corta duracion,Lacteos,0,Mililitros,Alajuela,Alajuela,Alajuela,824.31,850,0.9794317316947726
2025-07-01,3,Leche fluida corta duracion,Lacteos,0,Mililitros,Cartago,Cartago,Oriental,840.29,850,0.9950786145681396
2025-07-01,3,Leche fluida corta duracion,Lacteos,0,Mililitros,Heredia,Heredia,Heredia,872.03,850,1.0150575108563988
2025-07-01,3,Leche fluida corta duracion,Lacteos,0,Mililitros,Limon,Limon,Limon,807.98,850,0.9535947487790869
2025-07-01,4,Tomate,Vegetales,0,Kilogramo,San Jose,San Jose,Carmen,1555.44,1500,1.0365848069640953
2025-07-01,4,Tomate,Vegetales,0,Kilogramo,Alajuela,Alajuela,Alajuela,1532.87,1500,1.017258442846023
2025-07-01,4,Tomate,Vegetales,0,Kilogramo,Cartago,Cartago,Oriental,1533.35,1500,1.0199261840476797
2025-07-01,4,Tomate,Vegetales,0,Kilogramo,Heredia,Heredia,Heredia,1563.73,1500,1.0363258696077946
2025-07-01,4,Tomate,Vegetales,0,Kilogramo,Limon,Limon,Limon,1508.98,1500,1.005117475886756
2025-07-01,5,Aceite vegetal,Grasas,1,Mililitros,San Jose,San Jose,Carmen,1497.07,1450,1.0383549977403868
2025-07-01,5,Aceite vegetal,Grasas,1,Mililitros,Alajuela,Alajuela,Alajuela,1419.87,1450,0.980996741531744
2025-07-01,5,Aceite vegetal,Grasas,1,Mililitros,Cartago,Cartago,Oriental,1423.6,1450,0.9855393913403288
2025-07-01,5,Aceite vegetal,Grasas,1,Mililitros,Heredia,Heredia,Heredia,1407.88,1450,0.97686494966758
2025-07-01,5,Aceite vegetal,Grasas,1,Mililitros,Limon,Limon,Limon,1512.26,1450,1.043519415001062
2025-08-01,1,Arroz grano entero 80%,Cereales,0,Kilogramo,San Jose,San Jose,Carmen,860.69,820,1.0394680325147478
2025-08-01,1,Arroz grano entero 80%,Cereales,0,Kilogramo,Alajuela,Alajuela,Alajuela,780.9,820,0.9632948224302694
2025-08-01,1,Arroz grano entero 80%,Cereales,0,Kilogramo,Cartago,Cartago,Oriental,845.86,820,1.0395320604199958
2025-08-01,1,Arroz grano entero 80%,Cereales,0,Kilogramo,Heredia,Heredia,Heredia,834.37,820,1.0293237039559584
2025-08-01,1,Arroz grano entero 80%,Cereales,0,Kilogramo,Limon,Limon,Limon,790.67,820,0.9727869626898157
2025-08-01,2,Frijoles negros primera calidad,Leguminosas,0,Gramos,San Jose,San Jose,Carmen,1454.56,1450,1.0024853445824353
2025-08-01,2,Frijoles negros primera calidad,Leguminosas,0,Gramos,Alajuela,Alajuela,Alajuela,1405.09,1450,0.9719490068611094
2025-08-01,2,Frijoles negros primera calidad,Leguminosas,0,Gramos,Cartago,Cartago,Oriental,1469.2,1450,1.0105842796366722
2025-08-01,2,Frijoles negros primera calidad,Leguminosas,0,Gramos,Heredia,Heredia,Heredia,1474.86,1450,1.0221179857152103
2025-08-01,2,Frijoles negros primera calidad,Leguminosas,0,Gramos,Limon,Limon,Limon,1503.3,1450,1.0392073603585446
2025-08-01,3,Leche fluida corta duracion,Lacteos,0,Mililitros,San Jose,San Jose,Carmen,845.64,850,0.9864427365363366
2025-08-01,3,Leche fluida corta duracion,Lacteos,0,Mililitros,Alajuela,Alajuela,Alajuela,856.53,850,1.002263279584642
2025-08-01,3,Leche fluida corta duracion,Lacteos,0,Mililitros,Cartago,Cartago,Oriental,816.1,850,0.9600498579109952
2025-08-01,3,Leche fluida corta duracion,Lacteos,0,Mililitros,Heredia,Heredia,Heredia,821.81,850,0.9614218316868177
2025-08-01,3,Leche fluida corta duracion,Lacteos,0,Mililitros,Limon,Limon,Limon,862.55,850,1.022321750737707
2025-08-01,4,Tomate,Vegetales,0,Kilogramo,San Jose,San Jose,Carmen,1424.49,1500,0.9542296422354606
2025-08-01,4,Tomate,Vegetales,0,Kilogramo,Alajuela,Alajuela,Alajuela,1555.81,1500,1.0347662996061455
2025-08-01,4,Tomate,Vegetales,0,Kilogramo,Cartago,Cartago,Oriental,1499.46,1500,1.0011136774701814
2025-08-01,4,Tomate,Vegetales,0,Kilogramo,Heredia,Heredia,Heredia,1507.98,1500,1.0030002665388624
2025-08-01,4,Tomate,Vegetales,0,Kilogramo,Limon,Limon,Limon,1462.74,1500,0.9769258816820146
2025-08-01,5,Aceite vegetal,Grasas,1,Mililitros,San Jose,San Jose,Carmen,1414.49,1450,0.9707405445859832
2025-08-01,5,Aceite vegetal,Grasas,1,Mililitros,Alajuela,Alajuela,Alajuela,1381.24,1450,0.9512662566098479
2025-08-01,5,Aceite vegetal,Grasas,1,Mililitros,Cartago,Cartago,Oriental,1476.6,1450,1.0132039488718647
2025-08-01,5,Aceite vegetal,Grasas,1,Mililitros,Heredia,Heredia,Heredia,1442.28,1450,0.995085071445689
2025-08-01,5,Aceite vegetal,Grasas,1,Mililitros,Limon,Limon,Limon,1466.06,1450,1.0042532767475065
2025-09-01,1,Arroz grano entero 80%,Cereales,0,Kilogramo,San Jose,San Jose,Carmen,840.83,820,1.0371020526199324
2025-09-01,1,Arroz grano entero 80%,Cereales,0,Kilogramo,Alajuela,Alajuela,Alajuela,837.18,820,1.0137000703431363
2025-09-01,1,Arroz grano entero 80%,Cereales,0,Kilogramo,Cartago,Cartago,Oriental,805.41,820,0.9739234882548284
2025-09-01,1,Arroz grano entero 80%,Cereales,0,Kilogramo,Heredia,Heredia,Heredia,796.36,820,0.9670047654606606
2025-09-01,1,Arroz grano entero 80%,Cereales,0,Kilogramo,Limon,Limon,Limon,816.08,820,1.0016822104146275
2025-09-01,2,Frijoles negros primera calidad,Leguminosas,0,Gramos,San Jose,San Jose,Carmen,1519.18,1450,1.0446052548612095
2025-09-01,2,Frijoles negros primera calidad,Leguminosas,0,Gramos,Alajuela,Alajuela,Alajuela,1445.06,1450,0.9973544840320999
2025-09-01,2,Frijoles negros primera calidad,Leguminosas,0,Gramos,Cartago,Cartago,Oriental,1384.33,1450,0.9519195192455715
2025-09-01,2,Frijoles negros primera calidad,Leguminosas,0,Gramos,Heredia,Heredia,Heredia,1451.95,1450,1.007728810305178
2025-09-01,2,Frijoles negros primera calidad,Leguminosas,0,Gramos,Limon,Limon,Limon,1476.47,1450,1.0123168769599287
2025-09-01,3,Leche fluida corta duracion,Lacteos,0,Mililitros,San Jose,San Jose,Carmen,869.9,850,1.0247693231095982
2025-09-01,3,Leche fluida corta duracion,Lacteos,0,Mililitros,Alajuela,Alajuela,Alajuela,807.72,850,0.9507763773029976
2025-09-01,3,Leche fluida corta duracion,Lacteos,0,Mililitros,Cartago,Cartago,Oriental,825.2,850,0.9647594692453129
2025-09-01,3,Leche fluida corta duracion,Lacteos,0,Mililitros,Heredia,Heredia,Heredia,843.84,850,0.9857024006775659
2025-09-01,3,Leche fluida corta duracion,Lacteos,0,Mililitros,Limon,Limon,Limon,846.59,850,0.9852764621001752
2025-09-01,4,Tomate,Vegetales,0,Kilogramo,San Jose,San Jose,Carmen,1477.13,1500,0.9881124427883221
2025-09-01,4,Tomate,Vegetales,0,Kilogramo,Alajuela,Alajuela,Alajuela,1551.72,1500,1.0295831347143154
2025-09-01,4,Tomate,Vegetales,0,Kilogramo,Cartago,Cartago,Oriental,1480.75,1500,0.9899377792969334
2025-09-01,4,Tomate,Vegetales,0,Kilogramo,Heredia,Heredia,Heredia,1446.83,1500,0.9645084023892003
2025-09-01,4,Tomate,Vegetales,0,Kilogramo,Limon,Limon,Limon,1424.33,1500,0.9525390421634186
2025-09-01,5,Aceite vegetal,Grasas,1,Mililitros,San Jose,San Jose,Carmen,1490.65,1450,1.0219616193042167
2025-09-01,5,Aceite vegetal,Grasas,1,Mililitros,Alajuela,Alajuela,Alajuela,1443.35,1450,0.9891176358872705
2025-09-01,5,Aceite vegetal,Grasas,1,Mililitros,Cartago,Cartago,Oriental,1474.64,1450,1.0231262440092144
2025-09-01,5,Aceite vegetal,Grasas,1,Mililitros,Heredia,Heredia,Heredia,1380.19,1450,0.9579765311947052
2025-09-01,5,Aceite vegetal,Grasas,1,Mililitros,Limon,Limon,Limon,1503.57,1450,1.0327888270646872
2025-10-01,1,Arroz grano entero 80%,Cereales,0,Kilogramo,San Jose,San Jose,Carmen,839.25,820,1.0275559059344659
2025-10-01,1,Arroz grano entero 80%,Cereales,0,Kilogramo,Alajuela,Alajuela,Alajuela,798.56,820,0.9670916772729353
2025-10-01,1,Arroz grano entero 80%,Cereales,0,Kilogramo,Cartago,Cartago,Oriental,806.11,820,0.9947460833755585
2025-10-01,1,Arroz grano entero 80%,Cereales,0,Kilogramo,Heredia,Heredia,Heredia,812.76,820,0.9876031332165132
2025-10-01,1,Arroz grano entero 80%,Cereales,0,Kilogramo,Limon,Limon,Limon,866.53,820,1.0462097304281202
2025-10-01,2,Frijoles negros primera calidad,Leguminosas,0,Gramos,San Jose,San Jose,Carmen,1440.73,1450,0.9982340835246182
2025-10-01,2,Frijoles negros primera calidad,Leguminosas,0,Gramos,Alajuela,Alajuela,Alajuela,1495.69,1450,1.0250922026898959
2025-10-01,2,Frijoles negros primera calidad,Leguminosas,0,Gramos,Cartago,Cartago,Oriental,1523.35,1450,1.0491155962285863
2025-10-01,2,Frijoles negros primera calidad,Leguminosas,0,Gramos,Heredia,Heredia,Heredia,1399.11,1450,0.9625624124941776
2025-10-01,2,Frijoles negros primera calidad,Leguminosas,0,Gramos,Limon,Limon,Limon,1391.01,1450,0.9617743749177217
2025-10-01,3,Leche fluida corta duracion,Lacteos,0,Mililitros,San Jose,San Jose,Carmen,873.22,850,1.0228577279331643
2025-10-01,3,Leche fluida corta duracion,Lacteos,0,Mililitros,Alajuela,Alajuela,Alajuela,813.22,850,0.9574777280319036
2025-10-01,3,Leche fluida corta duracion,Lacteos,0,Mililitros,Cartago,Cartago,Oriental,822.41,850,0.9685000567704788
2025-10-01,3,Leche fluida corta duracion,Lacteos,0,Mililitros,Heredia,Heredia,Heredia,819.2,850,0.9579581111098865
2025-10-01,3,Leche fluida corta duracion,Lacteos,0,Mililitros,Limon,Limon,Limon,878.19,850,1.0373252851787071
2025-10-01,4,Tomate,Vegetales,0,Kilogramo,San Jose,San Jose,Carmen,1448.87,1500,0.9653445984506887
2025-10-01,4,Tomate,Vegetales,0,Kilogramo,Alajuela,Alajuela,Alajuela,1513.14,1500,1.011827149663164
2025-10-01,4,Tomate,Vegetales,0,Kilogramo,Cartago,Cartago,Oriental,1443.78,1500,0.9684210550296736
2025-10-01,4,Tomate,Vegetales,0,Kilogramo,Heredia,Heredia,Heredia,1509.97,1500,1.000725486258909
2025-10-01,4,Tomate,Vegetales,0,Kilogramo,Limon,Limon,Limon,1531.49,1500,1.0248947111848523
2025-10-01,5,Aceite vegetal,Grasas,1,Mililitros,San Jose,San Jose,Carmen,1492.39,1450,1.023076131598372
2025-10-01,5,Aceite vegetal,Grasas,1,Mililitros,Alajuela,Alajuela,Alajuela,1442.29,1450,0.9935499114018527
2025-10-01,5,Aceite vegetal,Grasas,1,Mililitros,Cartago,Cartago,Oriental,1510.43,1450,1.039463658500778
2025-10-01,5,Aceite vegetal,Grasas,1,Mililitros,Heredia,Heredia,Heredia,1439.33,1450,0.9988945443747117
2025-10-01,5,Aceite vegetal,Grasas,1,Mililitros,Limon,Limon,Limon,1401.58,1450,0.9610453128091005
2025-11-01,1,Arroz grano entero 80%,Cereales,0,Kilogramo,San Jose,San Jose,Carmen,854.15,820,1.0482929930439595
2025-11-01,1,Arroz grano entero 80%,Cereales,0,Kilogramo,Alajuela,Alajuela,Alajuela,840.73,820,1.0210313157148707
2025-11-01,1,Arroz grano entero 80%,Cereales,0,Kilogramo,Cartago,Cartago,Oriental,840.16,820,1.015878253156432
2025-11-01,1,Arroz grano entero 80%,Cereales,0,Kilogramo,Heredia,Heredia,Heredia,796.29,820,0.9606420380890235
2025-11-01,1,Arroz grano entero 80%,Cereales,0,Kilogramo,Limon,Limon,Limon,852.83,820,1.0394053993559889
2025-11-01,2,Frijoles negros primera calidad,Leguminosas,0,Gramos,San Jose,San Jose,Carmen,1509.15,1450,1.047189016042877
2025-11-01,2,Frijoles negros primera calidad,Leguminosas,0,Gramos,Alajuela,Alajuela,Alajuela,1427.86,1450,0.9852856491027975
2025-11-01,2,Frijoles negros primera calidad,Leguminosas,0,Gramos,Cartago,Cartago,Oriental,1404.64,1450,0.9663528190968053
2025-11-01,2,Frijoles negros primera calidad,Leguminosas,0,Gramos,Heredia,Heredia,Heredia,1387.28,1450,0.954383133564249
2025-11-01,2,Frijoles negros primera calidad,Leguminosas,0,Gramos,Limon,Limon,Limon,1495.05,1450,1.0309530041692452
2025-11-01,3,Leche fluida corta duracion,Lacteos,0,Mililitros,San Jose,San Jose,Carmen,850.7,850,0.9916529171684176
2025-11-01,3,Leche fluida corta duracion,Lacteos,0,Mililitros,Alajuela,Alajuela,Alajuela,805.54,850,0.9579773315222172
2025-11-01,3,Leche fluida corta duracion,Lacteos,0,Mililitros,Cartago,Cartago,Oriental,846.92,850,0.9990738636253312
2025-11-01,3,Leche fluida corta duracion,Lacteos,0,Mililitros,Heredia,Heredia,Heredia,892.58,850,1.0465483287029158
2025-11-01,3,Leche fluida corta duracion,Lacteos,0,Mililitros,Limon,Limon,Limon,837.81,850,0.9787405516169876
2025-11-01,4,Tomate,Vegetales,0,Kilogramo,San Jose,San Jose,Carmen,1533.1,1500,1.02820272265542
2025-11-01,4,Tomate,Vegetales,0,Kilogramo,Alajuela,Alajuela,Alajuela,1496.22,1500,0.9983146549277324
2025-11-01,4,Tomate,Vegetales,0,Kilogramo,Cartago,Cartago,Oriental,1507.15,1500,1.0063739790919213
2025-11-01,4,Tomate,Vegetales,0,Kilogramo,Heredia,Heredia,Heredia,1474.56,1500,0.9816134252926543
2025-11-01,4,Tomate,Vegetales,0,Kilogramo,Limon,Limon,Limon,1511.13,1500,1.0012515415471361
2025-11-01,5,Aceite vegetal,Grasas,1,Mililitros,San Jose,San Jose,Carmen,1499.38,1450,1.038493348646155
2025-11-01,5,Aceite vegetal,Grasas,1,Mililitros,Alajuela,Alajuela,Alajuela,1499.89,1450,1.0370814499966883
2025-11-01,5,Aceite vegetal,Grasas,1,Mililitros,Cartago,Cartago,Oriental,1436.92,1450,0.9910020373986359
2025-11-01,5,Aceite vegetal,Grasas,1,Mililitros,Heredia,Heredia,Heredia,1492.78,1450,1.0292441780887678
2025-11-01,5,Aceite vegetal,Grasas,1,Mililitros,Limon,Limon,Limon,1450.54,1450,0.9966181197561492
2025-12-01,1,Arroz grano entero 80%,Cereales,0,Kilogramo,San Jose,San Jose,Carmen,819.24,820,1.000015188656212
2025-12-01,1,Arroz grano entero 80%,Cereales,0,Kilogramo,Alajuela,Alajuela,Alajuela,855.74,820,1.0476976598442267
2025-12-01,1,Arroz grano entero 80%,Cereales,0,Kilogramo,Cartago,Cartago,Oriental,815.35,820,0.9922634816576125
2025-12-01,1,Arroz grano entero 80%,Cereales,0,Kilogramo,Heredia,Heredia,Heredia,776.64,820,0.9571123176749602
2025-12-01,1,Arroz grano entero 80%,Cereales,0,Kilogramo,Limon,Limon,Limon,832.37,820,1.0069495237479
2025-12-01,2,Frijoles negros primera calidad,Leguminosas,0,Gramos,San Jose,San Jose,Carmen,1391.21,1450,0.9656167790077881
2025-12-01,2,Frijoles negros primera calidad,Leguminosas,0,Gramos,Alajuela,Alajuela,Alajuela,1466.34,1450,1.0084025857159957
2025-12-01,2,Frijoles negros primera calidad,Leguminosas,0,Gramos,Cartago,Cartago,Oriental,1482.14,1450,1.01880447128981
2025-12-01,2,Frijoles negros primera calidad,Leguminosas,0,Gramos,Heredia,Heredia,Heredia,1453.43,1450,0.9968762176802362
2025-12-01,2,Frijoles negros primera calidad,Leguminosas,0,Gramos,Limon,Limon,Limon,1400.91,1450,0.9690595569838815
2025-12-01,3,Leche fluida corta duracion,Lacteos,0,Mililitros,San Jose,San Jose,Carmen,825.6,850,0.9702970458940918
2025-12-01,3,Leche fluida corta duracion,Lacteos,0,Mililitros,Alajuela,Alajuela,Alajuela,851.86,850,0.9997069678910839
2025-12-01,3,Leche fluida corta duracion,Lacteos,0,Mililitros,Cartago,Cartago,Oriental,836.07,850,0.9721381073138624
2025-12-01,3,Leche fluida corta duracion,Lacteos,0,Mililitros,Heredia,Heredia,Heredia,875.28,850,1.0397977393276892
2025-12-01,3,Leche fluida corta duracion,Lacteos,0,Mililitros,Limon,Limon,Limon,820.09,850,0.960146227539394
2025-12-01,4,Tomate,Vegetales,0,Kilogramo,San Jose,San Jose,Carmen,1492.2,1500,0.9931498135634672
2025-12-01,4,Tomate,Vegetales,0,Kilogramo,Alajuela,Alajuela,Alajuela,1511.64,1500,1.0021820037983764
2025-12-01,4,Tomate,Vegetales,0,Kilogramo,Cartago,Cartago,Oriental,1475.71,1500,0.9818837827396808
2025-12-01,4,Tomate,Vegetales,0,Kilogramo,Heredia,Heredia,Heredia,1484.72,1500,0.9885412112520545
2025-12-01,4,Tomate,Vegetales,0,Kilogramo,Limon,Limon,Limon,1454.26,1500,0.9749955634583818
2025-12-01,5,Aceite vegetal,Grasas,1,Mililitros,San Jose,San Jose,Carmen,1377.06,1450,0.9520867037769332
2025-12-01,5,Aceite vegetal,Grasas,1,Mililitros,Alajuela,Alajuela,Alajuela,1502.66,1450,1.0407791248383436
2025-12-01,5,Aceite vegetal,Grasas,1,Mililitros,Cartago,Cartago,Oriental,1503.31,1450,1.0415134727289277
2025-12-01,5,Aceite vegetal,Grasas,1,Mililitros,Heredia,Heredia,Heredia,1428.22,1450,0.9904288825230546
2025-12-01,5,Aceite vegetal,Grasas,1,Mililitros,Limon,Limon,Limon,1403.56,1450,0.9740443271025423
2026-01-01,1,Arroz grano entero 80%,Cereales,0,Kilogramo,San Jose,San Jose,Carmen,798.42,820,0.9752588225549541
2026-01-01,1,Arroz grano entero 80%,Cereales,0,Kilogramo,Alajuela,Alajuela,Alajuela,837.74,820,1.0191136113094186
2026-01-01,1,Arroz grano entero 80%,Cereales,0,Kilogramo,Cartago,Cartago,Oriental,827.18,820,0.9968376934138093
2026-01-01,1,Arroz grano entero 80%,Cereales,0,Kilogramo,Heredia,Heredia,Heredia,785.52,820,0.9523514127904483
2026-01-01,1,Arroz grano entero 80%,Cereales,0,Kilogramo,Limon,Limon,Limon,864.81,820,1.048171596422608
2026-01-01,2,Frijoles negros primera calidad,Leguminosas,0,Gramos,San Jose,San Jose,Carmen,1495.01,1450,1.0377547648909127
2026-01-01,2,Frijoles negros primera calidad,Leguminosas,0,Gramos,Alajuela,Alajuela,Alajuela,1372.96,1450,0.9502804201220637
2026-01-01,2,Frijoles negros primera calidad,Leguminosas,0,Gramos,Cartago,Cartago,Oriental,1471.01,1450,1.0126223819296625
2026-01-01,2,Frijoles negros primera calidad,Leguminosas,0,Gramos,Heredia,Heredia,Heredia,1442.57,1450,0.99604662193723
2026-01-01,2,Frijoles negros primera calidad,Leguminosas,0,Gramos,Limon,Limon,Limon,1458.33,1450,1.0079612334434729
2026-01-01,3,Leche fluida corta duracion,Lacteos,0,Mililitros,San Jose,San Jose,Carmen,862.17,850,1.0089049049038596
2026-01-01,3,Leche fluida corta duracion,Lacteos,0,Mililitros,Alajuela,Alajuela,Alajuela,820.34,850,0.9685411529590597
2026-01-01,3,Leche fluida corta duracion,Lacteos,0,Mililitros,Cartago,Cartago,Oriental,865.35,850,1.014883560235632
2026-01-01,3,Leche fluida corta duracion,Lacteos,0,Mililitros,Heredia,Heredia,Heredia,871.46,850,1.035077855237692
2026-01-01,3,Leche fluida corta duracion,Lacteos,0,Mililitros,Limon,Limon,Limon,823.76,850,0.9690947753059852
2026-01-01,4,Tomate,Vegetales,0,Kilogramo,San Jose,San Jose,Carmen,1572.68,1500,1.04724724221804
2026-01-01,4,Tomate,Vegetales,0,Kilogramo,Alajuela,Alajuela,Alajuela,1502.48,1500,1.0060226325683508
2026-01-01,4,Tomate,Vegetales,0,Kilogramo,Cartago,Cartago,Oriental,1551.18,1500,1.031086855162899
2026-01-01,4,Tomate,Vegetales,0,Kilogramo,Heredia,Heredia,Heredia,1563.51,1500,1.0425256619997505
2026-01-01,4,Tomate,Vegetales,0,Kilogramo,Limon,Limon,Limon,1435.32,1500,0.9509766900096239
2026-01-01,5,Aceite vegetal,Grasas,1,Mililitros,San Jose,San Jose,Carmen,1505.3,1450,1.0376245667777808
2026-01-01,5,Aceite vegetal,Grasas,1,Mililitros,Alajuela,Alajuela,Alajuela,1473.46,1450,1.017695397311933
2026-01-01,5,Aceite vegetal,Grasas,1,Mililitros,Cartago,Cartago,Oriental,1418.12,1450,0.9815896998670189
2026-01-01,5,Aceite vegetal,Grasas,1,Mililitros,Heredia,Heredia,Heredia,1448.35,1450,0.999925322461142
2026-01-01,5,Aceite vegetal,Grasas,1,Mililitros,Limon,Limon,Limon,1380.58,1450,0.9515498127408804
2026-02-01,1,Arroz grano entero 80%,Cereales,0,Kilogramo,San Jose,San Jose,Carmen,841.4,820,1.037135500032145
2026-02-01,1,Arroz grano entero 80%,Cereales,0,Kilogramo,Alajuela,Alajuela,Alajuela,828.61,820,1.006583998940071
2026-02-01,1,Arroz grano entero 80%,Cereales,0,Kilogramo,Cartago,Cartago,Oriental,824.12,820,1.0118447093423053
2026-02-01,1,Arroz grano entero 80%,Cereales,0,Kilogramo,Heredia,Heredia,Heredia,846.08,820,1.0283213468573504
2026-02-01,1,Arroz grano entero 80%,Cereales,0,Kilogramo,Limon,Limon,Limon,857.63,820,1.0407099787695637
2026-02-01,2,Frijoles negros primera calidad,Leguminosas,0,Gramos,San Jose,San Jose,Carmen,1491.71,1450,1.0310140987518541
2026-02-01,2,Frijoles negros primera calidad,Leguminosas,0,Gramos,Alajuela,Alajuela,Alajuela,1465.41,1450,1.0061142981859192
2026-02-01,2,Frijoles negros primera calidad,Leguminosas,0,Gramos,Cartago,Cartago,Oriental,1417.71,1450,0.9720989191465914
2026-02-01,2,Frijoles negros primera calidad,Leguminosas,0,Gramos,Heredia,Heredia,Heredia,1438.92,1450,0.9928025286858552
2026-02-01,2,Frijoles negros primera calidad,Leguminosas,0,Gramos,Limon,Limon,Limon,1502.38,1450,1.0425084396787325
2026-02-01,3,Leche fluida corta duracion,Lacteos,0,Mililitros,San Jose,San Jose,Carmen,840.38,850,0.9841113627963387
2026-02-01,3,Leche fluida corta duracion,Lacteos,0,Mililitros,Alajuela,Alajuela,Alajuela,876.1,850,1.020388083621108
2026-02-01,3,Leche fluida corta duracion,Lacteos,0,Mililitros,Cartago,Cartago,Oriental,874.04,850,1.0223380484573312
2026-02-01,3,Leche fluida corta duracion,Lacteos,0,Mililitros,Heredia,Heredia,Heredia,815.98,850,0.9508987498244696
2026-02-01,3,Leche fluida corta duracion,Lacteos,0,Mililitros,Limon,Limon,Limon,888.13,850,1.0390610174053458
2026-02-01,4,Tomate,Vegetales,0,Kilogramo,San Jose,San Jose,Carmen,1418.32,1500,0.9500601803204591
2026-02-01,4,Tomate,Vegetales,0,Kilogramo,Alajuela,Alajuela,Alajuela,1567.54,1500,1.0426995331767683
2026-02-01,4,Tomate,Vegetales,0,Kilogramo,Cartago,Cartago,Oriental,1454.94,1500,0.9731723828155642
2026-02-01,4,Tomate,Vegetales,0,Kilogramo,Heredia,Heredia,Heredia,1504.33,1500,1.005548238735079
2026-02-01,4,Tomate,Vegetales,0,Kilogramo,Limon,Limon,Limon,1432.17,1500,0.9545881645148765
2026-02-01,5,Aceite vegetal,Grasas,1,Mililitros,San Jose,San Jose,Carmen,1427.93,1450,0.990977649174542
2026-02-01,5,Aceite vegetal,Grasas,1,Mililitros,Alajuela,Alajuela,Alajuela,1380.05,1450,0.9501214015831001
2026-02-01,5,Aceite vegetal,Grasas,1,Mililitros,Cartago,Cartago,Oriental,1435.57,1450,0.9947854376589977
2026-02-01,5,Aceite vegetal,Grasas,1,Mililitros,Heredia,Heredia,Heredia,1410.5,1450,0.966653700247848
2026-02-01,5,Aceite vegetal,Grasas,1,Mililitros,Limon,Limon,Limon,1499.03,1450,1.0302861963712027
2026-03-01,1,Arroz grano entero 80%,Cereales,0,Kilogramo,San Jose,San Jose,Carmen,797.19,820,0.960127429756588
2026-03-01,1,Arroz grano entero 80%,Cereales,0,Kilogramo,Alajuela,Alajuela,Alajuela,798.83,820,0.9665913182428705
2026-03-01,1,Arroz grano entero 80%,Cereales,0,Kilogramo,Cartago,Cartago,Oriental,792.34,820,0.9758732007313125
2026-03-01,1,Arroz grano entero 80%,Cereales,0,Kilogramo,Heredia,Heredia,Heredia,849.45,820,1.045627592429863
2026-03-01,1,Arroz grano entero 80%,Cereales,0,Kilogramo,Limon,Limon,Limon,836.94,820,1.0249222882310298
2026-03-01,2,Frijoles negros primera calidad,Leguminosas,0,Gramos,San Jose,San Jose,Carmen,1449.45,1450,1.004661645343674
2026-03-01,2,Frijoles negros primera calidad,Leguminosas,0,Gramos,Alajuela,Alajuela,Alajuela,1461.33,1450,1.0144654642012123
2026-03-01,2,Frijoles negros primera calidad,Leguminosas,0,Gramos,Cartago,Cartago,Oriental,1442.2,1450,0.9955335152459746
2026-03-01,2,Frijoles negros primera calidad,Leguminosas,0,Gramos,Heredia,Heredia,Heredia,1417.21,1450,0.9838802257293914
2026-03-01,2,Frijoles negros primera calidad,Leguminosas,0,Gramos,Limon,Limon,Limon,1425.23,1450,0.9875438591997883
2026-03-01,3,Leche fluida corta duracion,Lacteos,0,Mililitros,San Jose,San Jose,Carmen,879.97,850,1.0409476919897165
2026-03-01,3,Leche fluida corta duracion,Lacteos,0,Mililitros,Alajuela,Alajuela,Alajuela,819.94,850,0.9678277265451249
2026-03-01,3,Leche fluida corta duracion,Lacteos,0,Mililitros,Cartago,Cartago,Oriental,885.6,850,1.048482711104737
2026-03-01,3,Leche fluida corta duracion,Lacteos,0,Mililitros,Heredia,Heredia,Heredia,816.65,850,0.9628451196451653
2026-03-01,3,Leche fluida corta duracion,Lacteos,0,Mililitros,Limon,Limon,Limon,857.52,850,1.0116655626776347
2026-03-01,4,Tomate,Vegetales,0,Kilogramo,San Jose,San Jose,Carmen,1561.68,1500,1.0454759942482974
2026-03-01,4,Tomate,Vegetales,0,Kilogramo,Alajuela,Alajuela,Alajuela,1456.27,1500,0.9680937441695705
2026-03-01,4,Tomate,Vegetales,0,Kilogramo,Cartago,Cartago,Oriental,1467.99,1500,0.983426280140054
2026-03-01,4,Tomate,Vegetales,0,Kilogramo,Heredia,Heredia,Heredia,1482.04,1500,0.9884969755743579
2026-03-01,4,Tomate,Vegetales,0,Kilogramo,Limon,Limon,Limon,1525.28,1500,1.0122954294118693
2026-03-01,5,Aceite vegetal,Grasas,1,Mililitros,San Jose,San Jose,Carmen,1440.86,1450,0.9970593989436085
2026-03-01,5,Aceite vegetal,Grasas,1,Mililitros,Alajuela,Alajuela,Alajuela,1448.26,1450,0.9940358510095557
2026-03-01,5,Aceite vegetal,Grasas,1,Mililitros,Cartago,Cartago,Oriental,1491.69,1450,1.0304646485881201
2026-03-01,5,Aceite vegetal,Grasas,1,Mililitros,Heredia,Heredia,Heredia,1506.93,1450,1.0425640392773812
2026-03-01,5,Aceite vegetal,Grasas,1,Mililitros,Limon,Limon,Limon,1449.79,1450,0.9998216879462135
2026-04-01,1,Arroz grano entero 80%,Cereales,0,Kilogramo,San Jose,San Jose,Carmen,811.54,820,0.9892037946679073
2026-04-01,1,Arroz grano entero 80%,Cereales,0,Kilogramo,Alajuela,Alajuela,Alajuela,829.62,820,1.0226072818601633
2026-04-01,1,Arroz grano entero 80%,Cereales,0,Kilogramo,Cartago,Cartago,Oriental,813.65,820,0.9807301668017386
2026-04-01,1,Arroz grano entero 80%,Cereales,0,Kilogramo,Heredia,Heredia,Heredia,843.13,820,1.0165239658247087
2026-04-01,1,Arroz grano entero 80%,Cereales,0,Kilogramo,Limon,Limon,Limon,805.21,820,0.9739768677280206
2026-04-01,2,Frijoles negros primera calidad,Leguminosas,0,Gramos,San Jose,San Jose,Carmen,1420.4,1450,0.9731000208799859
2026-04-01,2,Frijoles negros primera calidad,Leguminosas,0,Gramos,Alajuela,Alajuela,Alajuela,1457.41,1450,1.0048236350523185
2026-04-01,2,Frijoles negros primera calidad,Leguminosas,0,Gramos,Cartago,Cartago,Oriental,1402.15,1450,0.9702021439211933
2026-04-01,2,Frijoles negros primera calidad,Leguminosas,0,Gramos,Heredia,Heredia,Heredia,1389.45,1450,0.9606368216705485
2026-04-01,2,Frijoles negros primera calidad,Leguminosas,0,Gramos,Limon,Limon,Limon,1438.85,1450,0.9912208714334244
2026-04-01,3,Leche fluida corta duracion,Lacteos,0,Mililitros,San Jose,San Jose,Carmen,861.76,850,1.0144135575726156
2026-04-01,3,Leche fluida corta duracion,Lacteos,0,Mililitros,Alajuela,Alajuela,Alajuela,846.12,850,1.002961096196499
2026-04-01,3,Leche fluida corta duracion,Lacteos,0,Mililitros,Cartago,Cartago,Oriental,873.97,850,1.0300813584356026
2026-04-01,3,Leche fluida corta duracion,Lacteos,0,Mililitros,Heredia,Heredia,Heredia,830.62,850,0.9883435891715446
2026-04-01,3,Leche fluida corta duracion,Lacteos,0,Mililitros,Limon,Limon,Limon,869.81,850,1.0272121929294002
2026-04-01,4,Tomate,Vegetales,0,Kilogramo,San Jose,San Jose,Carmen,1546.97,1500,1.0362613113752925
2026-04-01,4,Tomate,Vegetales,0,Kilogramo,Alajuela,Alajuela,Alajuela,1518.89,1500,1.0123009535671186
2026-04-01,4,Tomate,Vegetales,0,Kilogramo,Cartago,Cartago,Oriental,1495.21,1500,1.0023978013398815
2026-04-01,4,Tomate,Vegetales,0,Kilogramo,Heredia,Heredia,Heredia,1503.51,1500,1.0019266681078918
2026-04-01,4,Tomate,Vegetales,0,Kilogramo,Limon,Limon,Limon,1560.74,1500,1.0387937863067882
2026-04-01,5,Aceite vegetal,Grasas,1,Mililitros,San Jose,San Jose,Carmen,1448.08,1450,0.9969576437658851
2026-04-01,5,Aceite vegetal,Grasas,1,Mililitros,Alajuela,Alajuela,Alajuela,1398.22,1450,0.9623393390251778
2026-04-01,5,Aceite vegetal,Grasas,1,Mililitros,Cartago,Cartago,Oriental,1470.18,1450,1.0186292610626102
2026-04-01,5,Aceite vegetal,Grasas,1,Mililitros,Heredia,Heredia,Heredia,1379.79,1450,0.9582078869443548
2026-04-01,5,Aceite vegetal,Grasas,1,Mililitros,Limon,Limon,Limon,1455.96,1450,1.001692559646914
